customer_id,age,plan,tenure_months,monthly_bill,monthly_usage_hours,usage_change_pct,login_frequency,complaint_count,open_complaints,avg_resolution_days,payment_delay_days,payment_failures,plan_changes,engagement_score,satisfaction_score,churn
C1000,56,Enterprise,13,2948.37,59.4,3.2,9,4,2,1.4,5,0,1,65.7,3.3,0
C1001,69,Premium,3,1510.18,38.7,2.5,3,0,0,3.5,10,1,1,58.0,2.2,0
C1002,46,Standard,3,959.1,65.0,-16.7,6,3,3,0.5,1,0,0,61.3,3.8,0
C1003,32,Basic,11,492.36,36.0,17.9,5,2,0,0.5,3,1,0,82.6,4.4,0
C1004,60,Standard,1,884.68,34.7,9.9,7,0,0,3.8,6,2,1,60.4,3.0,0
C1005,25,Standard,2,923.19,62.3,8.9,9,3,0,0.5,17,0,1,32.4,4.1,1
C1006,38,Basic,9,471.02,49.9,-10.0,5,3,3,4.9,3,1,0,62.4,4.3,0
C1007,56,Basic,1,513.78,44.9,19.0,8,1,0,0.5,5,0,1,53.0,4.4,0
C1008,36,Premium,9,1502.18,47.2,-21.1,9,1,1,3.2,7,1,2,42.7,3.1,0
C1009,40,Basic,11,474.48,39.9,-22.3,8,0,0,4.0,5,1,2,89.4,5.0,0
C1010,28,Standard,10,948.04,61.0,41.9,4,1,0,5.3,11,0,0,68.7,3.8,0
C1011,28,Enterprise,36,3031.3,30.4,-17.5,5,0,0,7.6,1,1,0,82.5,2.7,0
C1012,41,Premium,13,1481.32,37.5,-55.8,8,2,1,1.3,9,0,0,37.1,3.4,1
C1013,70,Basic,11,498.25,24.8,21.6,6,0,0,4.4,0,0,1,59.2,2.4,0
C1014,53,Premium,9,1485.44,25.8,29.0,7,0,0,0.5,3,0,0,81.4,3.4,0
C1015,57,Basic,30,467.07,40.0,-10.9,7,1,1,6.2,2,0,0,73.5,4.9,0
C1016,41,Basic,40,414.09,66.9,-57.4,6,1,0,7.7,7,1,1,87.4,4.3,1
C1017,20,Standard,34,874.81,50.5,-6.4,10,0,0,4.8,2,0,2,56.8,5.0,0
C1018,39,Standard,20,867.8,45.8,46.8,5,1,1,1.2,0,0,0,67.1,4.0,0
C1019,70,Standard,2,904.74,65.1,0.1,11,1,1,0.5,4,0,0,68.5,4.9,0
C1020,19,Standard,5,921.03,24.8,14.2,12,0,0,1.9,3,2,0,70.1,2.6,0
C1021,41,Basic,1,458.89,42.8,15.7,7,1,1,1.1,7,0,1,66.8,2.8,0
C1022,61,Basic,48,517.67,57.0,19.3,10,2,2,2.6,5,0,0,57.3,4.2,0
C1023,47,Standard,19,851.19,27.0,41.6,6,2,0,1.8,9,1,0,79.2,4.6,0
C1024,55,Premium,24,1492.74,45.1,22.0,5,0,0,0.5,7,0,1,76.8,4.5,0
C1025,19,Standard,6,868.88,61.9,-7.0,6,2,2,6.3,4,0,1,69.3,2.7,0
C1026,38,Basic,33,536.31,26.7,-32.9,7,1,0,7.0,2,0,0,52.2,5.0,0
C1027,50,Standard,5,904.84,51.9,5.7,8,1,1,5.9,0,0,1,60.0,1.8,0
C1028,29,Basic,1,493.49,43.6,-9.8,6,1,0,0.8,1,0,0,37.3,5.0,0
C1029,39,Basic,8,467.74,42.7,12.9,7,0,0,2.0,5,0,1,56.6,2.6,0
C1030,61,Premium,15,1482.56,35.8,-26.6,8,3,0,0.7,0,1,0,65.5,5.0,0
C1031,42,Basic,11,590.45,31.7,-12.5,5,3,0,3.8,5,0,0,82.2,3.2,0
C1032,66,Basic,35,473.95,50.7,-4.7,6,0,0,5.7,2,0,0,53.4,3.9,0
C1033,44,Standard,2,922.97,44.4,-28.5,5,0,0,3.0,8,1,0,56.7,3.7,1
C1034,59,Standard,14,893.37,51.1,-4.0,9,2,0,2.8,4,0,0,81.7,2.4,1
C1035,45,Standard,12,921.54,52.6,14.7,5,1,1,4.4,6,0,0,87.3,3.9,0
C1036,33,Basic,5,540.85,33.0,42.8,6,2,1,0.5,0,0,0,61.1,2.7,0
C1037,32,Basic,31,481.3,54.7,-23.4,6,0,0,1.0,0,0,0,76.6,3.2,0
C1038,64,Basic,25,534.49,39.9,17.6,8,2,0,1.3,0,1,1,49.9,5.0,0
C1039,68,Basic,23,636.83,42.3,-54.5,12,2,0,2.7,1,0,1,68.2,4.0,0
C1040,61,Standard,37,927.38,50.8,-5.2,10,2,1,13.1,9,0,0,64.4,3.4,0
C1041,72,Premium,23,1579.68,46.0,-3.2,9,0,0,7.0,5,0,0,45.7,4.5,0
C1042,69,Premium,4,1523.05,46.3,15.4,3,1,0,1.0,1,0,0,70.6,4.3,0
C1043,74,Premium,22,1452.4,46.2,-18.0,4,1,0,0.9,10,0,0,56.7,2.9,1
C1044,20,Standard,6,912.78,31.4,1.1,5,1,0,2.0,6,0,0,96.4,2.8,0
C1045,54,Standard,4,882.48,37.5,22.7,10,1,0,12.9,4,0,1,54.1,5.0,0
C1046,68,Standard,1,869.2,65.0,-33.2,11,1,0,0.6,2,0,0,34.6,4.0,0
C1047,24,Standard,24,895.37,35.3,-54.0,7,0,0,11.0,4,3,0,66.2,5.0,0
C1048,38,Standard,22,891.26,61.7,22.0,9,0,0,0.7,3,0,2,77.8,2.1,0
C1049,26,Basic,4,446.0,69.8,-29.9,6,0,0,7.6,6,0,0,59.9,4.9,0
C1050,56,Standard,24,1034.42,22.1,6.4,6,1,0,6.2,1,1,0,73.0,4.3,0
C1051,35,Enterprise,44,3039.39,27.3,43.8,5,2,1,7.5,8,0,0,79.1,2.9,0
C1052,21,Basic,2,511.22,49.2,15.9,15,1,0,7.8,3,2,1,58.8,4.2,0
C1053,42,Basic,4,503.49,53.9,-29.3,11,0,0,0.9,6,0,0,98.0,2.6,0
C1054,31,Standard,24,959.12,45.3,-41.6,4,1,1,5.3,1,0,0,60.5,4.2,0
C1055,67,Premium,5,1602.78,42.5,-24.5,10,1,0,4.0,1,0,0,98.0,4.8,0
C1056,26,Standard,17,933.25,50.3,-0.7,12,1,1,7.4,11,2,0,82.3,3.6,0
C1057,43,Standard,1,905.06,22.3,-11.2,8,0,0,2.4,3,0,1,95.2,3.5,0
C1058,70,Basic,10,572.63,36.8,29.0,6,4,1,1.9,1,1,3,78.8,3.0,0
C1059,19,Standard,24,906.12,29.8,11.7,4,0,0,4.5,0,0,0,73.2,4.7,0
C1060,37,Basic,20,520.77,39.5,-23.3,10,0,0,1.1,2,1,0,51.3,4.0,0
C1061,45,Premium,30,1549.05,63.7,16.2,3,1,1,6.0,7,1,0,57.3,3.4,0
C1062,64,Standard,37,879.68,61.2,32.7,4,1,1,1.2,1,0,1,48.2,5.0,0
C1063,24,Basic,26,395.21,41.9,-12.9,5,0,0,0.5,7,1,0,71.7,4.9,0
C1064,61,Basic,20,477.25,57.8,7.0,6,1,1,2.8,0,0,0,85.6,3.8,0
C1065,25,Basic,1,537.65,32.7,-26.9,12,1,0,6.3,0,0,0,69.0,3.9,0
C1066,64,Standard,13,934.13,29.3,-8.5,5,0,0,4.1,3,1,0,76.8,4.7,0
C1067,52,Basic,1,566.13,26.5,-27.3,8,3,1,15.9,6,0,0,87.3,3.8,0
C1068,31,Standard,29,879.16,25.9,26.0,8,2,0,0.5,6,0,1,54.9,2.5,0
C1069,34,Standard,6,978.05,57.6,-17.5,13,4,2,1.5,3,0,0,78.1,4.0,1
C1070,53,Basic,14,508.25,51.7,6.0,6,0,0,1.7,4,0,0,88.4,4.4,0
C1071,67,Basic,5,529.22,35.8,10.9,8,4,3,0.5,1,2,0,81.7,4.9,0
C1072,57,Basic,27,544.18,47.8,72.7,6,2,2,0.5,3,1,0,92.1,5.0,0
C1073,21,Premium,39,1429.92,38.7,-11.6,6,1,0,0.5,0,0,0,88.4,5.0,0
C1074,19,Basic,9,448.76,35.8,-24.4,4,2,1,1.8,10,1,1,48.8,3.5,1
C1075,23,Standard,35,847.1,50.6,-6.8,5,1,0,6.5,4,0,1,58.3,3.8,0
C1076,71,Premium,5,1552.61,28.7,-26.3,10,1,1,4.3,3,0,2,74.3,2.3,0
C1077,59,Standard,13,883.73,78.9,-17.2,8,2,0,2.1,1,1,0,67.0,3.2,0
C1078,21,Premium,35,1600.38,31.0,13.2,8,1,1,1.1,2,0,0,25.7,2.3,0
C1079,71,Standard,7,899.17,59.5,-21.8,9,0,0,0.5,6,0,0,22.1,5.0,0
C1080,46,Enterprise,55,2925.43,42.8,9.0,10,1,1,0.7,1,0,1,29.0,3.8,0
C1081,35,Basic,2,465.38,42.0,9.9,7,0,0,1.7,0,0,0,82.4,3.9,0
C1082,43,Basic,1,504.87,77.5,1.2,6,2,2,1.6,1,1,2,71.9,4.5,0
C1083,61,Standard,42,924.76,62.8,11.7,8,1,0,1.1,6,0,0,60.2,3.8,0
C1084,51,Enterprise,1,2949.76,34.5,-12.4,3,1,0,20.0,8,0,0,54.5,3.9,0
C1085,27,Premium,72,1527.42,48.4,-55.1,8,2,1,2.1,2,1,2,79.9,3.5,0
C1086,53,Basic,54,540.78,50.0,-3.5,8,1,1,1.1,6,0,1,77.0,4.1,0
C1087,31,Basic,2,466.95,36.8,-3.0,5,1,0,1.8,1,0,1,37.4,4.9,0
C1088,48,Enterprise,13,3097.46,49.9,-14.3,5,0,0,1.1,2,0,0,48.0,5.0,0
C1089,65,Basic,3,472.37,38.8,11.2,5,1,1,1.5,0,1,1,58.4,3.2,0
C1090,32,Premium,10,1449.01,43.9,14.1,6,3,0,0.5,4,1,3,55.8,4.7,0
C1091,25,Premium,1,1422.54,32.6,0.5,4,0,0,0.5,5,0,1,59.6,2.6,0
C1092,31,Standard,4,960.03,51.4,-2.5,3,1,0,2.4,0,0,0,53.9,2.6,0
C1093,40,Standard,8,900.14,40.0,25.5,11,0,0,2.4,1,0,1,50.6,3.4,0
C1094,74,Standard,10,875.04,64.2,-31.9,5,2,1,0.6,2,0,0,71.8,3.3,0
C1095,57,Basic,68,425.29,41.3,-13.3,6,0,0,6.3,5,0,2,70.7,3.4,0
C1096,38,Premium,29,1479.54,64.2,19.9,7,1,1,0.7,6,1,1,29.2,3.5,0
C1097,33,Standard,24,1018.07,39.3,8.4,7,1,0,5.1,5,0,0,53.1,4.3,0
C1098,62,Premium,13,1391.78,39.7,-10.9,10,2,1,0.7,0,0,2,30.9,5.0,0
C1099,35,Basic,32,467.42,54.4,4.8,5,1,1,1.2,1,0,0,92.8,5.0,0
C1100,64,Enterprise,7,3088.64,35.4,-18.7,4,1,0,1.1,1,2,2,64.7,4.4,0
C1101,70,Standard,22,961.45,44.4,-1.0,8,1,0,0.9,4,0,0,58.1,4.9,0
C1102,41,Basic,72,470.47,35.7,12.2,9,1,1,10.7,4,0,1,72.7,3.0,0
C1103,43,Basic,6,509.18,72.2,27.3,8,3,3,1.1,0,1,1,84.7,4.5,0
C1104,42,Premium,20,1522.15,62.6,11.5,6,0,0,2.3,5,0,0,30.8,3.3,0
C1105,62,Standard,33,905.69,44.8,29.1,6,0,0,4.7,1,0,1,49.9,4.8,0
C1106,58,Premium,44,1588.22,39.9,-41.1,7,0,0,1.3,6,0,0,65.0,4.2,0
C1107,46,Basic,22,515.99,32.6,-60.3,8,1,0,0.5,7,1,2,43.6,4.1,0
C1108,32,Basic,6,555.78,38.2,-59.6,5,0,0,5.0,6,1,1,52.8,3.2,0
C1109,62,Standard,7,908.08,47.3,22.9,7,0,0,1.2,2,1,3,32.8,3.3,0
C1110,18,Standard,1,797.38,31.9,10.1,10,2,1,7.2,1,1,1,48.5,2.4,0
C1111,42,Standard,25,839.38,52.4,-23.0,7,1,0,2.4,2,0,0,50.3,3.3,1
C1112,24,Enterprise,1,2949.76,59.2,-14.6,5,2,0,3.4,2,0,1,94.2,3.1,0
C1113,26,Enterprise,35,2986.54,54.8,3.4,10,1,1,10.6,1,0,0,76.3,3.1,0
C1114,41,Enterprise,2,3102.92,36.3,-23.1,4,2,1,7.1,10,0,1,40.5,3.4,1
C1115,18,Premium,3,1517.12,55.9,-25.4,5,2,0,5.5,2,0,2,55.2,5.0,0
C1116,61,Standard,11,893.71,46.1,-21.4,6,1,1,2.6,0,0,1,70.7,5.0,0
C1117,25,Standard,24,960.93,55.3,-23.5,9,2,2,0.6,23,1,0,50.9,5.0,0
C1118,41,Standard,2,826.41,56.4,-3.9,4,1,0,6.4,2,0,1,52.9,3.3,1
C1119,28,Premium,10,1474.52,57.3,36.6,9,0,0,0.5,11,1,0,94.4,3.8,0
C1120,68,Basic,11,467.13,39.6,-30.2,6,1,0,7.6,1,1,0,42.9,3.4,0
C1121,34,Standard,4,918.9,64.2,-6.8,5,1,1,5.1,1,0,1,98.0,2.7,0
C1122,25,Basic,2,543.79,36.9,6.5,6,3,2,5.7,5,1,0,42.6,3.8,0
C1123,52,Standard,32,922.57,31.9,8.4,7,2,0,1.7,2,0,1,27.0,4.0,0
C1124,52,Premium,12,1523.37,42.3,-17.6,4,1,0,0.5,8,0,0,94.3,4.8,0
C1125,50,Premium,1,1480.94,34.8,10.5,9,2,2,4.5,2,2,0,70.4,3.9,1
C1126,22,Basic,29,515.04,50.2,5.5,3,0,0,13.4,1,0,0,62.2,1.6,0
C1127,59,Enterprise,71,2957.01,38.2,-16.3,4,0,0,6.8,13,0,2,72.0,3.0,0
C1128,56,Standard,16,932.71,50.0,-38.8,10,0,0,6.4,7,0,0,39.0,3.3,0
C1129,58,Basic,12,473.97,40.2,-33.6,5,1,1,3.5,0,0,0,55.0,2.3,0
C1130,45,Basic,37,442.92,50.0,13.6,5,5,1,0.5,2,1,1,82.2,3.3,0
C1131,24,Basic,54,500.89,52.6,30.7,8,0,0,7.0,0,0,0,52.6,4.6,0
C1132,26,Basic,25,403.34,38.7,-5.0,6,1,1,0.9,0,0,2,52.3,3.3,0
C1133,25,Enterprise,10,3072.72,52.4,30.0,8,0,0,1.1,7,0,0,85.7,4.5,0
C1134,29,Standard,16,938.85,25.5,-6.3,10,0,0,4.9,10,0,1,64.0,3.9,1
C1135,51,Premium,21,1515.85,27.3,-33.6,7,1,1,4.4,5,0,0,71.3,4.6,0
C1136,50,Basic,3,417.82,40.4,-10.2,3,0,0,0.5,18,1,3,39.4,2.5,0
C1137,65,Basic,10,463.99,45.0,32.3,2,1,1,1.0,0,0,1,65.0,4.2,0
C1138,72,Standard,31,901.03,42.0,-20.1,5,1,1,6.0,1,0,1,90.0,3.2,0
C1139,40,Basic,19,485.84,51.0,-8.4,2,0,0,10.5,0,1,0,32.5,5.0,0
C1140,41,Standard,9,814.57,45.2,24.6,4,2,1,1.1,6,0,0,47.4,2.6,0
C1141,54,Enterprise,19,2933.18,45.7,22.9,6,0,0,5.0,8,0,0,86.9,4.8,0
C1142,52,Standard,2,884.85,36.7,2.6,12,0,0,2.5,2,0,1,71.9,3.8,0
C1143,61,Standard,9,834.84,54.7,8.4,4,1,1,1.7,7,0,0,50.4,4.1,0
C1144,57,Basic,28,567.57,41.9,21.6,7,2,2,8.0,7,0,0,63.4,3.9,0
C1145,39,Basic,4,523.73,69.0,2.7,7,1,0,2.8,0,0,1,59.6,2.2,0
C1146,44,Basic,3,458.83,61.1,27.0,9,1,1,4.1,1,0,0,24.6,4.4,1
C1147,52,Standard,54,957.46,49.7,11.8,8,1,0,3.1,0,0,0,66.1,3.6,0
C1148,18,Basic,4,547.39,39.9,-8.7,9,1,1,3.6,4,0,0,36.9,5.0,0
C1149,52,Standard,5,913.45,67.6,5.9,4,1,0,2.5,1,1,1,69.9,4.3,0
C1150,54,Standard,62,897.02,36.6,-14.6,5,0,0,2.7,4,1,0,36.3,4.6,0
C1151,64,Standard,23,884.08,39.3,-29.1,12,2,2,6.7,8,1,0,80.5,3.6,1
C1152,31,Basic,21,472.0,43.9,-33.5,5,2,2,1.3,2,1,0,63.2,4.3,0
C1153,20,Basic,34,432.16,41.7,-10.2,9,0,0,4.7,14,0,1,43.5,4.5,0
C1154,18,Enterprise,2,3075.42,71.3,2.8,7,0,0,1.1,2,0,0,43.8,4.7,0
C1155,22,Standard,22,872.97,35.4,40.0,9,1,0,0.5,0,1,0,52.4,4.6,0
C1156,43,Standard,12,900.41,36.3,5.4,5,1,1,8.2,3,0,1,63.2,4.9,0
C1157,72,Basic,31,453.49,43.0,-0.2,4,1,0,1.9,2,0,1,59.5,3.1,0
C1158,31,Enterprise,12,2986.03,30.0,-7.5,8,3,1,4.0,0,0,2,69.6,3.7,0
C1159,56,Standard,17,1041.54,19.0,-13.9,5,0,0,5.0,0,0,0,68.2,3.5,1
C1160,44,Basic,11,462.7,57.5,-1.7,7,2,2,5.6,5,1,0,81.6,4.2,0
C1161,26,Premium,11,1571.43,60.2,-11.9,14,1,1,0.9,10,0,1,98.0,3.6,0
C1162,32,Basic,26,497.61,50.1,-13.1,8,2,1,3.7,2,1,1,60.6,3.2,0
C1163,32,Standard,17,933.0,42.8,15.5,9,1,1,5.0,0,0,1,61.8,3.3,0
C1164,43,Standard,18,961.23,40.5,-27.7,8,1,0,0.5,5,0,0,71.8,3.7,0
C1165,59,Basic,10,512.61,41.6,-11.2,13,0,0,0.5,8,1,0,50.8,3.6,0
C1166,30,Enterprise,13,2981.41,51.3,-22.2,6,1,0,1.6,1,1,2,40.0,3.0,1
C1167,68,Premium,24,1489.7,48.1,-2.1,7,1,0,1.3,1,0,2,50.4,3.8,0
C1168,49,Standard,31,891.38,28.6,16.3,7,1,0,5.6,1,0,0,64.5,3.9,0
C1169,56,Basic,21,592.22,48.8,3.7,4,0,0,3.6,9,0,0,69.2,3.2,0
C1170,66,Basic,46,424.79,33.9,-10.5,5,4,0,2.4,2,0,0,98.0,3.3,0
C1171,69,Basic,30,410.46,38.1,18.5,15,0,0,0.5,4,0,1,35.7,5.0,0
C1172,49,Premium,14,1413.8,25.4,17.1,5,2,2,0.5,0,1,0,69.7,2.3,0
C1173,21,Basic,20,454.3,38.1,-4.0,7,1,0,2.5,1,0,0,59.0,3.9,0
C1174,47,Standard,46,934.0,66.4,34.8,10,2,1,7.5,1,0,0,85.1,5.0,0
C1175,54,Premium,17,1537.07,45.5,5.5,15,0,0,5.2,0,1,1,42.9,3.5,0
C1176,40,Basic,31,468.62,24.4,4.8,9,1,0,7.5,0,0,1,78.0,4.6,0
C1177,56,Standard,21,897.58,33.3,-35.1,9,0,0,2.9,2,2,0,54.6,2.4,1
C1178,62,Basic,14,443.19,51.6,-47.1,6,4,1,0.9,3,0,1,81.4,2.2,0
C1179,32,Enterprise,4,2947.82,47.9,-3.4,4,3,0,0.5,1,1,2,63.4,3.8,1
C1180,60,Standard,9,927.99,37.5,19.9,10,3,2,9.9,2,0,0,79.5,3.0,0
C1181,46,Basic,61,551.38,35.6,3.2,7,1,1,2.3,5,0,1,70.9,4.4,0
C1182,53,Basic,19,475.16,35.0,18.8,5,0,0,6.9,1,1,0,46.3,4.1,0
C1183,30,Standard,14,980.75,39.6,-15.3,7,0,0,4.6,0,0,1,27.6,5.0,0
C1184,49,Premium,48,1547.28,46.6,-2.9,8,3,2,6.2,1,0,0,92.0,4.4,0
C1185,24,Premium,15,1578.59,46.6,-4.6,5,4,3,0.8,10,0,0,59.4,3.7,0
C1186,68,Standard,13,883.95,34.0,-50.0,3,0,0,4.0,0,0,1,87.6,4.3,0
C1187,39,Basic,25,575.03,61.9,39.7,7,0,0,4.5,0,0,0,63.5,3.7,0
C1188,45,Basic,22,607.98,47.0,24.9,8,2,1,2.8,0,1,0,82.5,2.6,0
C1189,19,Basic,3,478.37,33.0,18.2,5,1,1,6.3,1,0,2,47.3,4.5,0
C1190,59,Standard,11,891.29,22.9,27.1,13,1,1,15.5,4,0,0,67.9,4.3,0
C1191,62,Premium,11,1451.61,61.3,-16.7,7,1,1,0.5,9,1,0,98.0,3.2,0
C1192,74,Standard,8,841.79,53.8,14.9,9,3,2,2.1,6,0,0,47.2,5.0,0
C1193,70,Basic,13,442.37,32.3,-16.7,9,1,1,4.9,1,0,1,76.0,3.2,1
C1194,23,Standard,9,858.43,41.3,-1.3,11,0,0,4.5,4,0,1,64.2,5.0,0
C1195,45,Premium,4,1512.74,59.0,-48.6,6,1,1,2.2,4,0,0,72.2,3.7,0
C1196,45,Premium,9,1460.54,55.8,-8.7,9,0,0,6.5,0,1,0,66.1,2.3,0
C1197,61,Premium,1,1511.21,51.3,-43.3,9,1,0,3.9,2,2,0,32.6,5.0,1
C1198,61,Basic,15,512.24,46.0,-36.4,5,0,0,2.8,1,0,0,73.4,4.8,0
C1199,37,Basic,34,475.49,34.3,-6.3,2,1,1,1.1,0,1,1,71.6,4.7,0
C1200,47,Premium,23,1495.87,40.7,-22.7,7,1,0,1.6,0,0,1,94.0,1.4,0
C1201,28,Standard,8,872.6,43.4,3.5,10,0,0,15.8,0,1,2,42.9,1.9,1
C1202,72,Basic,1,483.46,50.1,36.9,8,3,1,8.3,7,0,0,70.1,4.7,0
C1203,45,Premium,4,1458.56,54.1,-20.5,7,2,1,4.2,1,1,1,43.9,4.8,0
C1204,42,Premium,14,1503.21,35.8,-11.6,7,0,0,6.9,2,0,0,83.4,2.5,0
C1205,56,Standard,4,868.97,45.0,11.6,4,1,1,0.5,1,0,0,78.0,4.2,0
C1206,50,Standard,14,840.7,58.8,-21.7,11,0,0,1.1,0,0,0,60.4,3.8,0
C1207,18,Standard,4,928.67,55.9,-22.9,7,1,1,7.6,1,1,1,41.1,2.7,0
C1208,74,Standard,34,930.36,63.0,-16.1,11,1,0,2.2,0,2,0,65.0,3.4,0
C1209,44,Standard,9,954.58,45.5,17.0,7,1,0,3.1,5,0,0,74.6,5.0,0
C1210,74,Premium,5,1447.78,38.2,-49.2,3,2,2,7.5,9,0,0,84.5,3.0,1
C1211,69,Premium,30,1474.95,51.5,-26.2,8,1,0,1.8,2,0,0,41.3,2.2,1
C1212,30,Premium,7,1510.52,36.8,33.3,7,0,0,2.3,6,1,2,46.8,3.4,0
C1213,58,Basic,2,473.9,35.2,-82.5,7,1,0,0.5,2,2,2,45.9,1.1,1
C1214,20,Premium,15,1527.55,59.5,-8.2,6,1,0,16.7,2,2,0,60.8,3.6,0
C1215,56,Premium,15,1523.9,33.4,33.2,5,1,0,12.7,2,0,0,54.0,2.3,0
C1216,23,Standard,22,922.96,45.1,42.7,8,1,0,1.2,6,0,0,80.3,2.8,0
C1217,25,Premium,4,1571.98,25.6,15.0,7,3,0,6.7,11,0,0,74.8,4.0,1
C1218,44,Premium,10,1531.2,63.4,24.3,3,1,1,4.7,5,0,0,78.8,2.4,0
C1219,26,Standard,5,906.69,34.1,-28.7,4,0,0,0.6,8,0,0,87.2,2.9,0
C1220,54,Standard,1,889.32,55.9,-26.7,9,0,0,0.5,4,0,1,38.0,5.0,1
C1221,50,Basic,37,492.81,36.5,37.9,8,3,0,0.5,7,0,2,63.1,3.9,0
C1222,68,Standard,23,845.79,50.5,-11.6,6,1,1,0.5,3,0,1,67.0,4.0,0
C1223,59,Standard,6,810.71,32.1,-51.9,2,0,0,3.5,5,0,3,49.6,4.4,0
C1224,61,Premium,16,1522.19,44.8,5.5,4,1,0,2.4,4,0,0,64.1,3.8,0
C1225,41,Basic,4,560.18,40.7,-9.8,3,1,1,20.0,5,1,0,72.6,4.7,0
C1226,32,Basic,39,482.49,32.5,-3.0,9,1,0,1.2,1,0,0,55.3,4.3,0
C1227,71,Standard,2,978.35,53.0,-64.5,7,2,2,4.5,0,0,0,65.7,2.8,1
C1228,49,Basic,1,490.17,55.8,-71.2,3,1,0,1.7,4,1,0,58.7,4.2,1
C1229,49,Basic,12,401.31,44.6,2.6,5,2,2,0.5,2,0,1,75.9,2.4,0
C1230,41,Basic,15,544.91,28.0,-12.6,11,2,1,7.3,5,0,1,81.6,1.3,0
C1231,58,Basic,15,475.04,27.9,-16.4,14,1,0,1.8,0,0,0,74.4,5.0,0
C1232,69,Basic,1,549.44,29.8,4.8,7,1,1,8.7,11,0,0,91.5,3.7,0
C1233,66,Standard,6,835.12,48.3,-24.5,6,0,0,9.7,4,0,0,18.6,4.8,0
C1234,66,Standard,12,919.6,34.0,-11.6,7,1,1,6.0,0,0,1,57.5,3.8,0
C1235,69,Premium,4,1458.98,66.0,-16.2,13,0,0,0.5,3,0,0,44.7,4.4,0
C1236,29,Standard,37,909.07,28.9,17.1,5,2,1,11.8,1,1,0,92.9,4.9,0
C1237,56,Premium,1,1537.33,38.6,-52.0,7,0,0,0.5,1,0,1,42.3,2.5,0
C1238,19,Basic,12,525.72,55.2,-21.2,6,2,2,9.4,9,0,0,90.5,4.2,0
C1239,20,Basic,21,502.47,59.9,22.2,7,1,1,3.3,7,0,0,59.3,4.4,0
C1240,66,Premium,5,1430.08,44.9,-25.9,11,1,1,1.7,0,0,0,52.0,4.3,0
C1241,54,Basic,17,535.52,39.1,-2.0,6,3,3,4.5,0,0,2,70.3,2.4,0
C1242,66,Standard,31,950.57,50.8,36.7,7,0,0,2.5,5,1,1,98.0,3.7,0
C1243,73,Standard,3,846.85,38.0,-1.0,7,0,0,5.5,7,1,0,49.0,4.5,0
C1244,34,Standard,44,854.2,28.1,48.5,8,3,3,2.5,5,1,1,69.5,4.4,0
C1245,66,Basic,14,552.68,39.7,30.0,3,0,0,1.6,2,3,0,71.4,5.0,0
C1246,19,Basic,6,488.58,36.3,-21.3,11,3,3,1.6,16,0,0,46.9,4.3,1
C1247,19,Standard,10,855.49,58.0,-36.6,7,1,1,1.5,6,0,0,53.3,3.1,0
C1248,45,Basic,6,512.63,30.7,-20.1,9,2,1,2.2,2,1,0,55.1,4.7,1
C1249,71,Standard,23,867.07,31.1,4.5,5,2,2,0.5,3,0,0,66.9,4.7,0
C1250,40,Premium,28,1507.05,35.1,3.7,6,1,1,3.8,0,0,0,39.0,2.9,0
C1251,54,Enterprise,32,2978.34,40.4,11.6,6,0,0,1.5,13,0,0,65.6,5.0,0
C1252,49,Basic,72,482.62,68.1,-28.1,6,0,0,2.9,1,0,0,44.1,5.0,0
C1253,50,Premium,28,1554.52,36.8,-24.5,8,0,0,2.6,4,2,0,61.3,3.3,0
C1254,18,Standard,16,775.57,49.7,9.0,8,0,0,6.8,4,0,0,44.2,2.4,0
C1255,36,Standard,7,926.74,43.3,44.8,3,1,1,6.9,0,1,1,88.8,2.8,0
C1256,19,Basic,14,546.27,46.1,-32.4,7,4,3,15.8,1,0,0,69.8,2.7,1
C1257,70,Premium,1,1467.9,48.4,-6.8,7,2,0,1.0,4,2,2,50.6,2.5,0
C1258,61,Basic,24,545.89,59.8,-14.0,9,2,2,0.5,9,0,1,95.3,3.2,0
C1259,43,Standard,10,851.05,35.9,-1.4,13,2,2,1.9,6,0,1,37.4,2.7,1
C1260,49,Basic,1,466.0,39.9,-34.9,4,1,1,7.9,3,0,1,64.5,5.0,0
C1261,23,Premium,1,1460.24,52.5,-2.8,6,2,2,3.2,1,0,1,72.8,2.2,0
C1262,49,Premium,8,1546.56,46.6,25.5,9,1,0,1.6,11,0,1,59.5,4.1,0
C1263,72,Premium,15,1411.75,24.1,-45.6,7,1,1,5.2,2,1,1,62.3,3.5,1
C1264,21,Basic,11,581.01,30.1,19.9,8,1,1,4.4,0,1,0,52.4,4.2,0
C1265,72,Basic,17,483.75,48.3,-34.9,6,1,1,4.4,0,2,0,49.4,3.7,0
C1266,28,Standard,11,929.75,32.6,1.5,9,1,1,2.5,11,0,1,80.6,3.9,0
C1267,73,Standard,19,925.44,36.0,7.2,7,0,0,2.6,6,0,1,66.6,4.9,0
C1268,34,Basic,4,506.56,49.6,4.4,7,3,0,2.8,0,0,0,70.6,3.3,0
C1269,55,Standard,2,868.97,59.6,-13.3,5,2,1,2.8,0,0,1,76.7,2.4,0
C1270,41,Enterprise,16,3061.12,63.7,11.6,7,2,1,0.8,12,0,0,53.7,3.8,1
C1271,22,Premium,11,1473.26,41.1,-36.4,7,1,0,1.0,1,0,0,52.3,3.1,0
C1272,69,Premium,1,1462.44,52.9,17.9,7,2,2,1.6,2,1,0,51.7,4.1,0
C1273,51,Enterprise,8,3042.89,54.5,-16.6,12,0,0,6.8,3,0,0,65.8,3.2,0
C1274,23,Basic,2,506.29,37.6,3.0,1,0,0,2.2,0,0,0,98.0,3.1,0
C1275,39,Standard,13,966.89,51.6,-13.8,6,1,1,9.1,1,0,3,65.7,5.0,0
C1276,28,Enterprise,9,2995.87,50.5,33.3,4,1,0,5.5,11,0,1,10.2,5.0,0
C1277,65,Basic,17,466.46,49.4,6.0,4,4,1,6.9,4,1,0,70.0,3.0,0
C1278,33,Premium,29,1512.74,49.5,11.3,9,0,0,0.5,1,0,0,71.6,3.8,0
C1279,50,Standard,6,876.62,59.8,14.7,11,0,0,0.6,6,0,0,82.7,3.4,0
C1280,26,Standard,58,867.9,27.1,-11.0,9,1,1,0.9,7,0,0,88.1,4.1,0
C1281,23,Standard,13,940.59,39.5,2.2,8,3,1,3.8,0,1,2,98.0,3.5,0
C1282,33,Enterprise,17,3090.58,59.0,-0.9,3,0,0,2.3,3,1,0,63.9,4.4,0
C1283,46,Premium,20,1486.68,28.3,11.1,5,0,0,0.7,1,2,1,69.3,2.9,0
C1284,20,Basic,19,450.26,25.6,-16.1,7,1,1,4.8,2,0,2,71.0,4.9,0
C1285,37,Premium,12,1491.33,30.5,-22.7,10,1,1,2.6,2,1,0,58.8,3.7,0
C1286,53,Basic,10,524.74,59.0,24.5,4,2,0,4.6,2,2,0,60.8,5.0,0
C1287,36,Standard,1,911.87,46.1,14.7,4,1,0,8.4,2,1,1,52.0,5.0,0
C1288,43,Standard,1,958.71,60.3,-26.0,5,0,0,8.6,0,0,1,57.7,4.0,0
C1289,20,Standard,7,932.25,41.2,42.6,8,1,0,1.3,0,1,0,62.7,3.4,0
C1290,36,Standard,7,843.83,53.9,-19.3,10,1,0,0.6,3,0,0,73.8,3.2,0
C1291,37,Enterprise,8,2974.33,43.6,-2.0,10,1,0,2.0,10,1,1,72.6,4.2,0
C1292,49,Premium,2,1429.96,50.0,24.2,10,0,0,0.5,5,0,1,44.8,4.3,0
C1293,24,Standard,24,956.23,33.2,24.0,5,3,1,0.5,1,1,0,40.8,3.4,0
C1294,69,Basic,35,399.41,46.6,-22.6,7,2,2,13.4,1,1,3,56.3,3.0,1
C1295,58,Enterprise,50,2934.83,47.8,7.9,9,3,2,12.5,1,0,0,93.4,2.8,0
C1296,50,Enterprise,12,2973.41,48.9,-12.8,6,0,0,1.5,5,2,0,72.2,4.8,0
C1297,57,Premium,21,1527.2,76.6,5.5,14,2,0,6.0,14,0,0,67.7,2.7,0
C1298,56,Basic,34,472.92,50.5,-8.1,6,1,0,0.9,1,0,1,78.3,3.2,0
C1299,35,Basic,9,480.74,70.0,-15.1,10,1,1,1.9,0,1,3,42.8,3.9,0
C1300,57,Basic,6,481.72,34.1,-29.1,10,3,1,4.5,11,0,1,78.1,4.6,0
C1301,18,Basic,49,507.64,43.1,24.6,8,4,2,2.8,5,0,1,54.4,4.1,0
C1302,28,Standard,13,837.97,23.8,-23.6,10,1,0,6.0,7,0,1,36.0,2.8,1
C1303,45,Enterprise,12,2951.64,23.3,31.7,5,1,1,13.7,0,0,0,61.7,3.4,0
C1304,74,Standard,3,983.05,31.3,-12.3,9,0,0,0.5,4,1,1,84.1,3.1,0
C1305,42,Basic,2,519.12,36.9,7.1,7,1,0,9.0,1,0,2,68.4,4.7,0
C1306,67,Basic,33,537.04,65.1,33.5,9,2,1,1.9,0,0,0,62.9,4.5,0
C1307,40,Basic,17,501.9,62.4,-15.8,5,3,2,1.8,0,2,1,51.3,2.7,1
C1308,48,Basic,7,491.99,47.3,6.8,4,1,0,0.5,10,0,1,62.1,3.6,0
C1309,47,Basic,3,521.86,36.9,7.4,9,1,0,6.3,0,0,0,98.0,4.0,0
C1310,59,Basic,14,535.38,35.0,-21.7,12,3,0,5.0,3,0,0,79.0,2.5,0
C1311,52,Premium,15,1541.3,44.3,0.6,3,2,0,7.9,13,0,0,65.5,4.7,0
C1312,24,Enterprise,4,2992.67,51.9,13.6,9,1,0,0.6,0,0,0,47.9,4.0,0
C1313,33,Standard,34,946.77,59.2,37.5,8,1,1,0.8,6,0,0,29.0,4.4,0
C1314,43,Standard,1,775.69,53.0,-15.4,12,2,1,1.3,3,0,1,42.7,2.5,0
C1315,65,Premium,7,1543.61,26.2,3.6,10,4,0,2.6,1,0,0,58.9,3.8,0
C1316,74,Basic,20,477.65,39.8,-8.2,10,0,0,1.5,1,0,0,47.3,3.7,0
C1317,69,Basic,5,526.67,28.5,-0.2,15,2,2,1.2,0,0,0,38.0,2.9,0
C1318,66,Premium,31,1466.53,51.2,-19.8,8,3,3,0.7,1,0,2,62.1,3.6,0
C1319,19,Basic,24,432.67,58.7,-9.2,3,2,1,0.6,2,0,0,39.3,4.6,0
C1320,18,Standard,28,915.99,45.0,33.0,10,2,0,2.2,5,0,0,72.0,3.0,0
C1321,65,Standard,2,823.92,45.2,-1.8,6,1,0,2.1,1,3,0,80.0,3.8,0
C1322,29,Basic,2,479.02,31.7,-3.1,8,1,1,5.4,3,0,0,94.9,5.0,0
C1323,22,Basic,6,458.38,51.4,-26.3,7,1,0,6.1,5,0,1,45.7,2.3,0
C1324,54,Premium,13,1490.25,61.6,22.3,8,0,0,4.2,4,0,0,53.6,3.8,0
C1325,49,Basic,24,538.86,49.7,16.2,11,2,2,6.2,3,0,0,45.8,3.2,0
C1326,72,Basic,32,474.51,41.4,-1.8,7,2,0,0.5,3,0,0,82.1,4.3,0
C1327,26,Premium,21,1514.73,55.4,42.5,9,2,1,2.1,5,0,0,48.8,3.6,0
C1328,58,Standard,47,935.97,43.6,-18.3,5,0,0,1.2,1,1,0,56.3,4.7,0
C1329,52,Basic,24,468.64,69.7,-31.1,7,4,1,1.0,2,0,0,64.8,4.2,0
C1330,36,Premium,6,1469.36,37.0,-7.4,7,1,0,4.4,13,0,0,46.4,4.0,1
C1331,65,Standard,5,967.47,33.4,-26.2,8,1,1,6.2,4,0,2,87.7,4.5,0
C1332,33,Premium,21,1495.03,47.3,1.0,8,1,1,0.5,2,0,0,42.8,3.6,0
C1333,20,Premium,3,1524.46,43.8,-3.2,4,1,1,0.5,3,0,0,67.6,3.3,0
C1334,37,Standard,1,924.08,68.2,23.8,7,1,1,3.6,0,0,1,47.1,4.0,0
C1335,41,Standard,13,839.1,35.2,-16.4,7,0,0,0.5,3,1,0,55.8,3.4,0
C1336,71,Enterprise,31,2960.96,36.7,3.3,4,1,0,5.1,7,1,0,65.4,2.8,0
C1337,73,Basic,1,517.77,23.1,-0.4,5,1,1,6.2,2,1,0,47.9,2.8,0
C1338,50,Premium,28,1395.63,55.1,15.8,6,1,0,2.6,0,0,3,5.0,2.7,0
C1339,41,Basic,30,488.44,43.0,-33.3,5,0,0,8.4,2,0,0,84.8,3.8,0
C1340,69,Basic,11,455.74,37.6,-27.4,3,2,1,0.5,1,0,0,30.5,3.8,0
C1341,28,Basic,1,554.53,46.3,-19.5,7,1,1,0.9,1,2,0,55.8,2.3,0
C1342,66,Enterprise,3,3016.31,56.6,-32.1,7,2,0,5.2,1,0,0,65.4,4.8,1
C1343,25,Enterprise,22,3058.56,60.8,10.3,3,3,3,11.0,1,1,2,64.5,4.8,0
C1344,53,Basic,22,497.04,50.6,10.5,9,0,0,11.3,6,0,0,67.2,3.6,0
C1345,55,Basic,41,493.31,34.1,22.3,5,2,2,0.5,5,0,1,60.7,4.6,0
C1346,57,Premium,15,1483.75,33.7,-8.6,5,4,3,3.5,2,1,1,67.3,3.4,1
C1347,37,Standard,2,873.85,51.6,-16.6,4,0,0,0.5,6,3,0,71.7,2.4,0
C1348,52,Basic,2,633.23,35.1,-28.7,12,2,1,4.2,14,0,1,89.4,3.7,0
C1349,65,Standard,22,939.36,47.9,27.6,10,0,0,5.1,2,0,1,54.7,3.5,0
C1350,42,Standard,3,845.69,47.0,-10.6,11,2,1,6.8,15,1,0,87.7,4.0,0
C1351,52,Enterprise,7,3130.97,28.8,-23.1,3,2,2,2.6,1,0,0,59.9,4.4,1
C1352,42,Basic,12,478.75,39.7,13.8,6,1,1,6.6,12,1,0,75.4,4.8,0
C1353,46,Standard,1,915.06,21.4,-13.5,10,2,1,9.0,7,1,0,69.3,2.9,0
C1354,35,Standard,5,945.98,40.2,-31.7,7,1,1,2.7,0,1,0,47.4,5.0,0
C1355,63,Premium,9,1422.1,62.5,-26.7,8,1,1,2.6,1,0,0,38.1,2.9,1
C1356,35,Standard,5,857.63,43.9,-2.7,5,1,0,2.5,4,0,0,72.6,3.8,0
C1357,19,Standard,2,981.41,35.2,-31.8,9,0,0,2.5,0,0,1,44.3,4.2,0
C1358,71,Basic,23,487.76,63.2,-7.1,4,1,1,5.2,3,0,0,47.2,3.6,0
C1359,52,Premium,30,1548.93,39.1,-26.6,7,3,0,0.5,3,2,1,58.8,1.9,0
C1360,33,Standard,5,876.33,45.0,-28.6,4,2,0,2.1,1,0,1,84.4,2.7,0
C1361,58,Basic,26,494.25,51.2,-17.2,7,2,1,2.6,1,1,0,89.2,3.5,0
C1362,53,Standard,8,988.26,55.9,-1.0,1,1,0,0.8,2,1,2,40.0,4.0,1
C1363,50,Basic,12,520.88,63.3,3.0,6,4,1,2.7,1,1,0,15.4,2.9,1
C1364,21,Basic,34,481.76,41.4,18.1,9,1,0,2.1,0,0,0,62.0,4.2,0
C1365,50,Premium,24,1464.83,39.6,-24.6,6,2,2,4.7,5,1,0,52.7,4.2,1
C1366,31,Standard,29,869.41,48.3,29.8,3,1,1,1.5,3,0,1,94.5,4.4,0
C1367,38,Premium,2,1561.08,53.2,63.0,6,1,1,10.5,2,2,0,78.1,3.7,0
C1368,65,Basic,1,537.27,48.1,-15.5,6,1,1,1.9,0,0,0,50.0,3.5,0
C1369,37,Premium,40,1441.57,37.9,-49.2,7,3,0,3.5,3,1,1,40.6,4.2,1
C1370,73,Basic,8,503.36,64.4,-48.5,14,4,2,0.9,3,0,0,73.3,3.7,0
C1371,25,Standard,6,895.66,50.8,-17.4,5,3,1,4.1,2,0,1,53.5,4.9,0
C1372,24,Enterprise,23,3014.8,70.8,-22.4,7,2,0,2.5,1,3,0,49.7,2.8,1
C1373,20,Premium,32,1468.82,76.0,-4.9,5,2,1,1.5,8,1,0,70.4,5.0,0
C1374,34,Standard,35,953.89,30.2,7.7,7,0,0,1.5,4,1,0,45.9,4.3,0
C1375,50,Basic,6,498.93,46.1,-37.2,6,0,0,1.6,1,1,0,69.2,3.8,0
C1376,65,Premium,34,1517.67,36.1,-9.3,5,2,2,2.0,3,1,0,72.5,4.0,0
C1377,29,Standard,1,859.77,48.3,-17.6,5,1,1,1.0,1,0,1,40.7,3.9,1
C1378,68,Premium,1,1462.28,36.5,45.9,6,5,2,1.1,0,0,0,72.3,3.8,0
C1379,39,Premium,17,1631.88,29.0,-39.5,7,0,0,11.1,8,0,0,64.5,4.9,0
C1380,72,Basic,1,589.0,56.3,-24.0,10,0,0,1.3,6,0,1,28.5,5.0,1
C1381,39,Basic,7,495.52,58.1,-4.2,8,1,1,3.5,4,0,1,68.9,4.1,0
C1382,63,Standard,20,975.65,46.2,-23.8,6,0,0,1.5,6,0,1,52.5,4.3,0
C1383,47,Basic,7,559.64,49.9,23.3,7,0,0,5.8,6,0,0,58.5,2.8,0
C1384,55,Basic,3,467.74,69.5,-30.5,8,2,2,4.2,7,0,0,76.3,3.3,1
C1385,55,Enterprise,5,2962.75,25.3,-27.9,7,0,0,1.4,8,0,1,57.7,4.1,0
C1386,62,Standard,11,932.43,32.6,25.5,9,0,0,4.4,6,1,2,94.1,3.7,0
C1387,68,Premium,11,1512.0,50.4,-34.8,8,1,1,4.9,7,0,2,19.8,4.1,1
C1388,71,Standard,27,878.9,30.0,15.9,6,1,0,0.5,2,0,0,67.5,2.7,0
C1389,25,Standard,24,935.06,29.2,-16.3,7,0,0,3.0,4,0,1,50.2,4.0,0
C1390,44,Basic,10,426.88,37.3,-20.5,8,2,1,5.8,1,0,2,52.8,5.0,0
C1391,44,Basic,33,504.75,39.7,-17.7,10,1,0,0.5,7,0,0,46.2,3.0,0
C1392,51,Basic,2,437.05,32.8,-33.0,5,0,0,2.5,7,1,2,76.1,4.1,0
C1393,38,Standard,5,838.7,48.3,17.7,4,1,1,6.4,0,0,1,41.2,3.4,0
C1394,47,Premium,31,1463.66,42.9,-1.6,8,0,0,10.7,1,1,0,93.5,4.6,0
C1395,50,Standard,8,917.16,38.1,17.3,5,1,1,3.7,0,0,0,78.8,4.0,0
C1396,45,Standard,71,865.24,79.3,24.4,8,3,0,1.4,0,0,1,52.5,3.4,0
C1397,64,Standard,11,838.09,31.8,8.5,5,1,1,3.2,2,0,0,56.9,3.1,0
C1398,50,Basic,28,522.86,36.5,-41.3,3,0,0,0.5,3,1,0,80.3,4.2,0
C1399,22,Standard,9,973.64,41.3,-29.2,7,3,0,2.1,1,1,1,68.4,3.4,0
C1400,65,Basic,9,530.94,50.7,16.3,9,3,1,4.5,1,2,1,88.3,5.0,0
C1401,36,Basic,8,589.09,58.7,-3.6,7,1,0,0.5,0,0,0,61.2,4.0,0
C1402,21,Basic,22,569.46,27.0,11.3,7,1,1,3.2,1,1,2,82.5,4.2,0
C1403,52,Standard,14,874.63,57.6,-7.2,9,0,0,3.1,2,0,0,77.4,2.2,0
C1404,66,Premium,51,1530.61,29.3,-15.7,9,1,0,0.7,2,0,1,77.4,4.0,0
C1405,34,Basic,5,494.42,41.4,11.3,8,0,0,2.9,4,0,0,62.4,2.3,0
C1406,61,Basic,1,552.1,50.0,-48.2,11,0,0,1.8,1,1,1,73.8,3.6,0
C1407,45,Standard,8,894.41,70.2,-13.0,5,1,1,2.3,5,0,0,56.8,4.6,0
C1408,47,Basic,17,459.57,43.2,-3.3,5,0,0,1.4,8,1,1,51.6,5.0,0
C1409,46,Premium,35,1567.67,36.6,0.2,12,4,3,5.8,3,0,0,68.1,4.8,0
C1410,63,Standard,7,914.89,42.6,-37.4,11,2,0,1.6,1,1,0,77.1,3.9,1
C1411,70,Standard,19,865.82,43.7,-36.3,8,0,0,5.5,0,1,1,65.5,5.0,0
C1412,23,Standard,7,874.06,47.2,-14.8,6,3,0,0.5,10,1,0,40.5,5.0,0
C1413,52,Basic,17,465.5,84.4,-6.6,12,0,0,1.1,5,0,0,59.7,2.9,1
C1414,58,Standard,38,848.91,46.2,33.9,7,1,1,1.8,1,2,0,69.7,4.8,0
C1415,54,Standard,4,875.12,24.6,-26.9,6,1,1,1.8,0,1,0,93.3,3.1,1
C1416,41,Premium,9,1517.65,52.8,-17.3,8,0,0,2.0,0,0,1,80.9,3.6,0
C1417,46,Basic,72,502.2,46.5,34.8,2,3,2,3.7,0,1,0,84.9,4.2,0
C1418,66,Standard,36,877.09,44.6,21.6,5,1,0,3.0,5,1,0,23.3,4.9,0
C1419,63,Standard,14,973.78,61.1,-32.8,5,1,0,2.6,3,0,2,97.4,3.6,0
C1420,70,Basic,13,398.47,57.5,11.9,5,1,1,6.4,13,1,0,73.7,2.8,0
C1421,48,Standard,6,914.31,31.3,15.8,8,2,2,0.8,1,0,0,44.1,2.2,0
C1422,52,Premium,13,1491.86,42.0,-0.1,6,0,0,6.9,6,0,1,42.7,3.5,0
C1423,50,Premium,33,1450.49,28.7,-34.3,6,0,0,5.8,0,1,2,53.0,5.0,0
C1424,69,Basic,20,517.22,27.2,-19.9,5,1,0,0.8,3,0,0,49.7,3.3,1
C1425,38,Premium,6,1488.01,30.6,-20.7,7,0,0,3.4,2,0,1,70.0,4.8,0
C1426,49,Enterprise,4,3061.35,47.9,8.2,8,0,0,0.9,7,0,1,53.0,3.1,0
C1427,40,Premium,5,1542.4,55.3,-15.7,13,1,0,10.0,4,0,0,69.8,3.9,0
C1428,50,Basic,3,594.31,55.9,-11.6,11,2,1,2.4,0,0,0,62.2,4.1,1
C1429,20,Premium,1,1474.83,43.0,-20.0,6,3,2,0.8,16,1,0,83.1,4.5,0
C1430,35,Basic,9,568.83,32.3,-44.0,3,0,0,3.5,6,0,0,63.4,2.8,0
C1431,42,Enterprise,2,2940.71,36.0,59.9,2,0,0,4.3,1,0,2,35.4,3.5,0
C1432,59,Standard,3,893.47,53.0,5.1,6,1,0,3.3,6,0,0,45.3,4.8,0
C1433,48,Basic,14,475.74,25.7,31.8,5,0,0,1.0,12,1,1,75.2,2.6,0
C1434,71,Premium,3,1529.12,45.9,-32.9,8,3,2,4.7,8,2,0,91.7,4.4,1
C1435,20,Basic,1,527.91,30.0,33.0,7,0,0,9.3,3,0,0,72.6,2.7,0
C1436,57,Enterprise,6,2953.97,47.8,-14.9,7,4,2,10.6,3,1,1,98.0,3.6,0
C1437,63,Enterprise,4,3031.91,53.2,8.3,7,1,1,4.0,0,0,1,29.3,3.8,1
C1438,41,Standard,13,879.98,36.5,19.8,10,3,1,6.4,0,0,0,67.7,3.2,0
C1439,67,Basic,1,458.16,27.5,32.8,9,2,2,13.5,16,1,0,37.4,4.5,0
C1440,49,Standard,25,898.41,39.7,-6.2,9,1,0,0.5,5,1,0,76.4,3.9,0
C1441,64,Basic,42,425.16,43.7,-30.1,6,2,1,2.3,0,0,0,88.5,4.4,0
C1442,39,Basic,24,545.57,33.3,-5.4,4,1,1,1.2,3,1,0,39.1,3.2,0
C1443,40,Premium,13,1496.22,44.8,9.8,6,0,0,2.3,1,0,2,84.1,5.0,0
C1444,19,Basic,35,497.31,58.0,-18.4,8,0,0,8.7,1,0,2,98.0,4.5,0
C1445,44,Standard,21,894.64,68.7,-15.6,9,2,1,14.3,3,0,0,49.3,3.6,1
C1446,59,Enterprise,1,3081.34,37.1,-43.7,6,1,1,8.2,1,1,0,96.1,2.7,0
C1447,19,Basic,9,574.94,61.8,-29.5,3,1,0,0.8,1,0,0,49.9,5.0,0
C1448,43,Basic,34,566.54,51.9,6.1,4,0,0,5.7,11,0,1,68.5,2.9,0
C1449,34,Enterprise,7,2994.75,58.1,17.0,5,2,2,6.0,0,2,0,98.0,4.2,0
C1450,57,Basic,1,443.22,51.3,22.5,7,2,2,3.0,2,0,0,56.2,3.9,1
C1451,50,Premium,24,1498.2,71.4,51.9,3,1,0,4.4,2,0,0,59.8,3.7,0
C1452,26,Enterprise,29,3014.72,31.1,32.2,3,1,1,8.3,2,0,0,64.2,2.8,0
C1453,60,Enterprise,3,3039.63,44.2,-8.8,10,0,0,18.0,4,0,0,57.7,2.9,0
C1454,71,Standard,13,914.56,34.7,-28.4,11,1,0,0.5,0,0,0,98.0,5.0,0
C1455,65,Basic,3,447.68,45.8,-11.4,9,1,1,1.0,8,1,0,67.8,4.1,0
C1456,56,Basic,22,472.23,57.5,-18.8,10,4,1,9.5,2,0,0,98.0,4.7,0
C1457,46,Premium,5,1467.69,39.9,-0.9,6,1,1,1.4,3,1,0,83.1,1.8,0
C1458,59,Premium,6,1525.95,62.6,17.3,8,0,0,0.5,2,0,0,44.4,3.4,1
C1459,72,Standard,33,927.18,57.1,7.0,3,2,0,1.3,2,1,0,81.7,4.5,0
C1460,43,Basic,11,533.73,43.3,34.4,5,1,1,2.6,0,0,0,62.8,3.2,0
C1461,52,Basic,19,514.05,28.2,4.9,10,1,0,1.7,2,0,0,66.3,2.2,0
C1462,67,Basic,9,396.04,43.0,-36.9,14,2,1,5.4,2,0,0,98.0,4.4,0
C1463,42,Premium,6,1412.71,76.9,-19.2,6,0,0,3.3,2,0,0,56.2,2.0,1
C1464,41,Standard,17,891.99,52.1,5.1,9,3,2,2.0,0,1,1,64.1,4.2,0
C1465,30,Enterprise,3,3003.9,51.3,0.7,5,1,1,20.0,0,1,1,94.9,4.0,0
C1466,24,Premium,8,1561.68,25.6,27.7,5,2,2,7.6,5,1,1,62.4,3.5,0
C1467,74,Basic,4,502.89,60.0,-4.8,10,2,1,6.9,2,0,0,70.7,3.8,0
C1468,53,Standard,21,850.2,77.7,-9.4,5,2,1,2.9,5,0,1,59.5,3.8,1
C1469,62,Standard,51,932.11,53.0,-44.3,8,0,0,5.3,0,1,0,60.0,4.5,0
C1470,37,Standard,72,898.14,40.7,-25.2,5,3,2,1.4,4,0,0,53.5,4.2,0
C1471,18,Premium,10,1478.9,40.4,2.7,6,1,1,1.4,1,1,1,41.5,4.7,0
C1472,25,Premium,5,1418.27,60.7,0.2,5,2,0,7.8,4,0,1,53.5,5.0,0
C1473,63,Premium,10,1503.26,45.0,9.9,6,0,0,3.2,0,0,2,71.1,3.1,0
C1474,33,Basic,33,510.44,54.8,6.3,8,1,0,1.5,1,1,1,47.6,3.7,0
C1475,31,Basic,4,449.19,61.3,-7.8,9,2,1,6.5,0,0,0,60.7,3.0,0
C1476,29,Premium,54,1536.22,34.8,-30.0,9,1,0,2.0,3,0,0,83.5,4.9,0
C1477,68,Basic,7,531.74,42.0,-5.0,4,0,0,1.8,1,0,1,66.3,3.6,0
C1478,40,Basic,72,501.45,36.0,-6.1,6,0,0,0.5,0,0,2,98.0,3.6,0
C1479,32,Basic,32,499.59,46.0,29.3,5,2,0,4.0,2,0,1,76.4,3.8,0
C1480,45,Standard,29,946.3,27.3,28.2,5,2,2,2.7,0,0,2,31.5,3.1,0
C1481,51,Basic,6,517.38,49.8,-17.0,12,0,0,1.3,6,1,0,47.3,1.7,1
C1482,19,Standard,1,863.89,48.0,-20.5,8,1,1,0.5,11,0,1,21.6,4.1,1
C1483,49,Enterprise,8,2989.12,40.4,-38.8,4,2,0,0.7,6,1,0,61.2,3.2,1
C1484,40,Basic,6,526.84,48.5,-9.1,12,2,2,0.9,12,0,1,90.0,3.9,0
C1485,39,Basic,1,397.38,44.6,-16.9,7,0,0,7.0,9,0,1,69.2,5.0,0
C1486,68,Basic,12,452.42,37.8,60.2,7,2,1,2.3,9,1,0,51.9,5.0,0
C1487,42,Premium,9,1533.11,47.0,-32.9,6,0,0,4.2,1,2,0,94.6,3.6,0
C1488,39,Basic,18,559.44,36.3,-3.5,11,1,1,2.2,1,0,1,49.5,4.1,0
C1489,39,Standard,17,950.05,45.6,-21.1,3,2,2,2.2,6,0,1,77.7,4.3,0
C1490,66,Basic,2,543.66,27.6,-4.4,6,2,1,6.0,2,3,0,51.6,4.5,1
C1491,69,Premium,67,1505.49,44.4,-13.3,8,1,0,5.2,11,1,1,72.9,3.2,0
C1492,59,Standard,3,847.55,42.0,15.3,7,0,0,0.9,9,1,2,56.6,3.4,0
C1493,23,Premium,10,1489.17,56.9,6.0,8,0,0,3.4,8,1,1,44.3,4.5,0
C1494,32,Enterprise,12,2899.34,43.3,14.5,5,0,0,4.0,1,1,1,36.2,3.4,0
C1495,71,Basic,30,564.03,31.3,-23.8,11,2,2,1.8,0,0,2,73.9,4.7,0
C1496,60,Premium,1,1458.14,24.3,22.0,6,0,0,0.5,4,0,1,80.7,3.3,0
C1497,54,Basic,10,472.33,56.6,-17.0,10,1,1,1.6,2,0,0,75.2,4.9,0
C1498,50,Premium,17,1551.93,36.1,-40.2,3,0,0,1.6,10,0,2,65.6,3.3,0
C1499,25,Standard,4,818.27,49.6,-9.5,10,3,0,4.1,7,1,2,35.7,4.2,1
C1500,70,Premium,17,1439.53,39.1,-2.2,5,1,0,5.8,10,3,0,66.9,4.6,0
C1501,61,Basic,46,512.4,40.3,-36.2,8,1,1,1.8,3,1,2,67.5,3.2,0
C1502,61,Basic,72,525.02,36.5,16.8,4,1,1,3.6,2,1,0,98.0,5.0,0
C1503,22,Standard,1,895.41,30.1,-25.3,10,1,1,3.6,7,0,0,56.7,5.0,0
C1504,56,Standard,4,897.05,35.6,-26.3,13,1,0,3.7,2,0,1,58.0,3.8,0
C1505,21,Basic,6,562.42,52.4,-5.0,8,1,1,2.8,9,0,0,69.2,4.4,0
C1506,23,Standard,9,930.82,44.4,16.4,8,1,0,3.5,0,0,1,63.7,4.2,1
C1507,62,Basic,4,524.06,47.1,-35.4,7,1,0,7.1,1,0,0,63.3,3.7,0
C1508,49,Standard,4,937.78,37.5,18.5,9,1,0,8.9,7,0,0,44.0,2.3,0
C1509,69,Premium,55,1483.97,39.4,-59.0,8,3,2,0.5,0,0,0,72.5,3.5,0
C1510,47,Standard,45,1007.66,38.2,3.3,9,0,0,0.5,2,1,0,62.1,2.5,1
C1511,64,Basic,1,383.62,47.7,-33.2,4,1,1,2.6,0,0,1,41.5,3.7,0
C1512,52,Standard,7,971.9,51.2,-25.0,8,4,3,1.9,1,0,1,54.5,5.0,0
C1513,72,Basic,9,544.11,37.4,38.4,12,0,0,2.1,1,0,0,43.3,3.2,0
C1514,57,Enterprise,4,3011.41,45.5,-29.7,7,1,0,2.1,5,0,1,63.6,2.5,0
C1515,69,Basic,17,503.0,38.1,-6.4,8,1,0,7.9,4,0,1,90.7,4.6,0
C1516,33,Premium,18,1491.22,34.5,-31.7,1,0,0,3.5,2,0,0,51.7,4.0,0
C1517,30,Enterprise,34,3054.17,70.9,14.2,5,2,1,2.0,5,0,0,63.5,5.0,0
C1518,67,Premium,24,1497.01,35.0,5.2,5,1,0,2.1,2,0,1,65.3,2.2,0
C1519,59,Standard,14,862.61,44.6,8.7,9,1,0,6.5,2,0,0,89.6,3.4,0
C1520,47,Premium,19,1544.1,44.1,23.3,8,3,0,0.9,4,0,1,64.8,2.8,0
C1521,36,Enterprise,5,3078.24,38.4,-13.4,11,2,2,0.5,5,0,1,43.4,4.4,0
C1522,34,Standard,16,802.64,36.6,21.9,3,2,0,2.3,7,0,1,98.0,4.6,0
C1523,73,Standard,12,1016.85,32.5,32.2,12,0,0,11.3,5,0,0,83.5,3.3,0
C1524,36,Standard,2,847.16,68.9,2.1,9,1,1,5.9,4,0,0,22.1,4.2,0
C1525,45,Standard,5,850.99,51.2,-32.7,8,1,1,1.8,3,0,1,70.0,5.0,0
C1526,72,Standard,6,836.76,65.4,-35.1,7,1,1,0.7,1,0,1,84.3,3.5,0
C1527,43,Standard,46,899.04,49.8,6.1,5,2,1,3.0,1,0,0,65.8,5.0,0
C1528,54,Basic,4,435.01,63.9,-32.7,5,3,0,7.4,7,1,0,71.8,2.0,0
C1529,43,Basic,6,441.09,48.4,-38.6,8,0,0,4.4,5,0,0,64.4,3.8,0
C1530,70,Basic,8,464.57,34.3,17.1,3,1,1,2.7,4,0,0,56.7,5.0,0
C1531,40,Basic,19,505.92,44.4,-16.5,4,2,2,4.6,1,0,0,42.3,2.4,0
C1532,26,Basic,2,510.74,44.7,55.5,11,0,0,11.7,13,0,0,57.6,4.8,0
C1533,29,Standard,55,961.06,43.1,-21.4,4,1,0,2.8,0,1,0,22.8,2.8,0
C1534,70,Basic,36,559.91,54.7,-17.4,9,1,1,2.8,7,0,0,97.2,3.4,0
C1535,18,Premium,15,1550.23,52.1,4.0,7,1,1,2.3,0,0,0,65.4,3.4,0
C1536,18,Basic,20,485.92,46.0,0.1,7,0,0,2.9,1,0,1,41.7,3.4,1
C1537,64,Basic,1,406.94,72.5,-7.1,6,2,0,3.5,2,0,1,65.6,4.5,0
C1538,51,Premium,7,1405.83,48.7,-7.7,6,1,1,0.8,4,0,0,87.8,3.0,0
C1539,49,Standard,28,949.89,26.0,76.1,6,2,2,2.9,3,1,0,77.4,5.0,0
C1540,71,Basic,1,541.19,34.7,36.5,5,2,2,0.5,0,0,2,46.2,3.7,0
C1541,65,Premium,5,1468.16,38.6,16.1,7,1,0,9.7,0,0,0,58.5,4.8,0
C1542,42,Premium,15,1426.96,58.9,-35.6,8,2,0,0.5,5,0,2,80.6,4.6,0
C1543,57,Basic,5,446.64,48.9,-6.8,8,1,1,11.1,2,0,3,51.9,3.6,0
C1544,62,Basic,48,507.73,51.7,11.5,12,2,1,12.2,1,2,0,71.8,3.9,0
C1545,70,Enterprise,2,3007.83,35.2,13.7,5,3,3,2.6,1,1,0,55.0,3.5,0
C1546,18,Standard,28,951.13,43.4,26.9,7,0,0,1.4,6,0,0,63.5,4.1,0
C1547,33,Standard,12,876.48,41.6,-21.0,13,1,0,0.7,6,1,0,85.6,2.7,0
C1548,56,Premium,24,1486.8,67.8,-6.0,5,2,2,0.6,6,0,0,53.6,4.4,0
C1549,22,Basic,6,555.27,36.9,-23.9,12,1,0,1.0,0,0,0,34.9,4.3,0
C1550,39,Standard,13,792.75,48.0,28.4,6,3,1,2.3,7,0,1,98.0,4.4,0
C1551,46,Basic,34,514.87,32.2,12.5,8,2,0,4.8,16,0,1,59.4,4.0,0
C1552,72,Premium,11,1482.29,35.0,-17.7,11,1,0,1.8,3,0,1,71.0,2.6,0
C1553,20,Standard,8,934.64,55.7,0.6,4,2,2,5.3,0,1,0,98.0,3.1,0
C1554,29,Standard,13,924.63,39.4,-3.7,8,1,0,2.9,4,0,1,74.9,4.3,0
C1555,43,Basic,22,464.18,28.6,-27.0,3,1,1,0.5,3,0,0,63.5,3.5,0
C1556,33,Basic,10,473.63,37.4,18.3,10,1,0,0.5,4,0,0,65.7,2.9,0
C1557,68,Standard,50,783.9,49.6,-3.1,6,1,0,3.0,0,0,0,98.0,4.8,0
C1558,54,Premium,6,1536.5,43.2,-18.2,4,2,0,0.6,3,0,3,81.2,3.3,0
C1559,39,Standard,11,910.99,33.6,-27.4,8,1,0,3.3,3,0,0,56.4,3.4,0
C1560,74,Basic,25,568.93,41.5,16.4,9,1,0,2.1,3,1,0,81.5,3.7,0
C1561,46,Premium,21,1479.03,35.0,1.7,10,3,3,4.1,5,0,0,54.7,4.2,0
C1562,31,Basic,35,544.72,31.5,-22.4,4,0,0,1.2,3,1,4,70.0,3.9,0
C1563,45,Enterprise,72,2945.5,38.5,-17.4,4,1,0,6.0,1,0,0,77.6,4.9,0
C1564,22,Basic,10,363.76,36.5,-4.9,6,2,0,1.7,1,0,2,52.2,4.1,0
C1565,64,Standard,2,894.27,34.0,-3.4,9,2,0,5.6,4,0,1,56.7,4.2,0
C1566,66,Basic,1,470.67,34.8,-0.2,5,1,0,0.5,4,0,2,55.4,3.1,0
C1567,47,Enterprise,23,2946.46,39.1,-49.2,4,1,0,1.7,2,0,1,43.2,2.5,0
C1568,63,Standard,37,943.91,46.4,-2.0,16,2,0,0.9,1,0,0,66.2,4.1,0
C1569,69,Basic,4,559.41,36.6,-35.5,7,2,1,2.1,3,0,0,63.8,5.0,0
C1570,22,Basic,3,504.27,52.2,30.5,5,0,0,10.3,1,0,1,70.2,4.6,0
C1571,29,Basic,1,489.87,33.2,21.1,5,1,1,0.6,13,1,0,72.1,4.9,0
C1572,33,Basic,31,502.14,28.0,23.9,10,1,1,0.5,3,0,0,55.8,3.9,0
C1573,43,Enterprise,6,2966.35,45.6,-66.5,10,1,0,0.5,3,0,0,80.0,4.7,0
C1574,43,Standard,9,927.13,46.6,-12.5,6,0,0,0.5,0,0,1,67.2,4.6,0
C1575,65,Premium,12,1422.03,63.0,-7.0,8,1,0,0.5,3,0,1,38.7,3.5,0
C1576,38,Standard,32,845.35,83.1,9.4,8,0,0,4.0,1,1,2,71.1,3.5,0
C1577,56,Standard,18,859.44,28.5,17.5,5,1,0,0.5,2,0,0,53.2,3.3,0
C1578,53,Basic,17,526.07,35.3,27.1,9,2,1,0.8,3,0,1,16.6,3.3,0
C1579,50,Basic,3,483.88,48.4,-62.9,1,2,1,3.6,2,1,0,97.5,2.2,1
C1580,47,Premium,12,1567.02,26.9,-25.0,9,0,0,2.1,6,0,0,30.9,3.1,0
C1581,54,Enterprise,22,3039.17,50.6,-3.6,7,0,0,0.5,0,0,0,48.2,3.1,0
C1582,40,Basic,65,458.95,63.9,15.7,5,0,0,12.4,0,1,0,60.2,3.6,0
C1583,27,Basic,4,530.67,36.8,15.0,16,1,1,3.2,0,0,1,67.6,5.0,0
C1584,71,Standard,1,878.59,36.7,6.9,4,0,0,3.3,6,1,0,68.4,4.1,0
C1585,22,Enterprise,1,3022.66,42.7,-20.9,8,2,2,6.7,0,2,1,58.7,4.8,1
C1586,53,Basic,8,541.59,44.4,-17.7,7,0,0,8.4,14,2,3,35.6,2.1,0
C1587,51,Standard,30,954.74,50.3,-20.7,8,1,1,0.5,13,0,1,72.9,4.8,0
C1588,69,Premium,1,1509.1,29.1,-29.5,6,1,1,0.5,19,0,0,45.9,4.4,1
C1589,48,Basic,10,579.01,55.6,-29.9,12,2,1,5.2,15,0,0,74.9,4.4,1
C1590,27,Basic,7,521.07,47.7,-32.3,9,1,1,4.2,0,1,0,75.6,3.6,0
C1591,36,Standard,1,905.75,48.6,3.4,6,0,0,0.9,4,3,1,66.0,5.0,0
C1592,49,Enterprise,10,2983.87,40.0,-1.9,11,0,0,1.4,2,0,0,45.8,4.3,0
C1593,18,Basic,5,467.43,41.8,-28.2,6,1,1,3.3,5,1,0,56.6,2.8,1
C1594,73,Standard,7,919.99,45.6,-47.8,10,0,0,5.4,2,1,0,97.8,3.5,0
C1595,22,Standard,22,904.04,34.4,-14.2,9,3,0,3.2,1,0,2,62.4,4.7,0
C1596,62,Standard,13,912.04,19.7,32.0,5,0,0,5.5,9,0,1,36.9,4.1,0
C1597,21,Standard,2,923.04,38.8,-4.8,8,2,0,0.9,2,1,0,77.3,4.0,0
C1598,33,Standard,58,911.83,27.8,15.0,9,2,1,1.4,5,0,1,52.3,4.7,0
C1599,41,Standard,18,999.66,33.2,-0.5,10,1,0,0.5,4,0,2,86.3,4.0,0
C1600,33,Standard,26,872.6,41.1,-6.5,7,1,1,14.7,4,0,0,22.6,5.0,0
C1601,72,Standard,1,920.61,49.9,-41.8,9,1,0,5.8,1,0,0,70.2,5.0,0
C1602,19,Standard,1,887.62,67.8,-15.2,7,0,0,4.4,1,1,0,98.0,3.4,0
C1603,66,Premium,1,1375.93,54.6,-18.4,15,1,1,0.8,8,0,2,78.8,5.0,0
C1604,45,Basic,3,489.33,35.9,32.0,6,2,1,4.2,0,0,0,77.4,2.7,0
C1605,49,Premium,9,1452.18,28.1,-0.4,9,3,0,6.9,0,0,0,50.5,3.8,0
C1606,44,Premium,49,1495.66,39.6,26.9,3,1,1,5.8,0,0,1,46.5,3.8,0
C1607,37,Basic,10,497.68,57.5,23.2,8,1,0,4.9,11,2,0,56.3,4.4,0
C1608,41,Standard,6,918.27,57.8,-26.1,9,0,0,1.7,0,0,1,75.0,3.5,0
C1609,29,Standard,14,872.49,61.6,-5.0,7,1,1,5.1,0,0,0,60.6,3.8,0
C1610,67,Basic,2,478.75,51.7,37.1,3,0,0,2.3,1,0,2,36.2,4.9,0
C1611,52,Standard,16,934.03,29.7,9.1,9,1,1,1.8,1,0,1,77.3,5.0,0
C1612,50,Basic,15,458.55,39.9,7.6,7,0,0,11.7,3,0,1,66.0,4.9,0
C1613,50,Basic,28,407.08,35.5,17.8,10,1,0,0.6,13,0,1,72.0,5.0,0
C1614,68,Premium,72,1506.85,47.1,7.0,9,1,1,7.0,2,0,1,58.3,3.0,0
C1615,60,Basic,5,552.54,62.5,8.7,7,1,0,1.4,1,1,0,66.2,2.3,0
C1616,54,Premium,12,1533.46,61.6,2.6,7,0,0,2.5,6,0,1,75.2,4.9,0
C1617,29,Standard,43,907.77,29.0,-13.5,8,2,2,1.6,1,1,2,57.1,3.1,0
C1618,20,Premium,27,1561.53,47.4,-31.5,3,1,0,2.4,0,1,1,48.4,3.3,0
C1619,18,Standard,12,953.1,50.9,-51.4,4,0,0,6.0,6,0,0,40.2,4.2,0
C1620,50,Basic,52,482.45,41.2,-13.2,10,2,1,0.7,0,0,1,64.0,4.2,0
C1621,57,Standard,1,911.38,41.9,5.9,6,0,0,4.9,0,0,0,68.4,4.3,0
C1622,27,Basic,48,513.52,30.7,1.0,5,0,0,2.1,4,0,0,80.3,3.4,0
C1623,60,Standard,1,894.66,47.7,10.9,6,3,2,9.6,0,1,0,78.2,3.6,0
C1624,61,Enterprise,14,3055.71,40.0,-8.2,6,1,0,2.8,1,0,0,64.7,4.4,0
C1625,46,Basic,39,491.39,36.2,63.1,6,1,0,0.5,1,0,0,68.5,3.1,0
C1626,30,Standard,5,873.99,48.2,45.7,4,2,0,8.4,2,2,0,96.0,3.5,0
C1627,29,Premium,11,1369.42,37.4,-42.9,8,0,0,9.0,14,0,0,76.6,5.0,0
C1628,48,Premium,7,1459.08,48.9,11.4,14,2,2,0.7,4,1,0,69.6,4.6,0
C1629,63,Standard,54,833.23,43.5,19.2,9,0,0,12.6,0,0,0,47.3,3.4,0
C1630,19,Basic,31,496.98,34.3,-58.1,6,1,1,2.1,1,0,0,56.3,2.3,0
C1631,68,Standard,22,836.32,48.4,-0.8,10,3,1,8.6,3,1,0,36.8,3.3,0
C1632,67,Basic,15,529.43,62.1,7.9,5,1,0,1.6,4,0,1,70.1,4.4,0
C1633,52,Premium,30,1554.42,54.4,-5.1,8,0,0,0.5,1,0,3,51.4,3.9,0
C1634,40,Enterprise,8,2997.44,42.9,4.6,11,1,1,5.5,7,1,0,46.2,3.9,0
C1635,34,Premium,10,1449.8,41.6,-3.0,3,0,0,7.6,11,1,0,71.1,5.0,0
C1636,43,Premium,23,1513.32,42.9,12.6,2,2,2,0.6,3,0,1,84.0,4.6,0
C1637,25,Basic,7,593.67,36.2,33.7,5,2,0,2.8,3,0,0,52.9,4.9,0
C1638,46,Premium,1,1578.12,53.3,14.3,10,2,0,6.2,5,0,0,58.9,4.2,0
C1639,43,Premium,1,1428.7,40.9,24.4,8,0,0,2.2,6,0,0,59.4,4.9,0
C1640,27,Basic,2,426.84,46.7,-31.4,9,3,1,5.4,0,0,0,90.4,4.5,0
C1641,43,Premium,36,1414.02,63.5,45.7,11,2,1,3.6,2,1,1,44.0,5.0,0
C1642,51,Basic,11,442.15,43.9,2.9,7,1,0,4.5,2,0,0,19.3,2.6,0
C1643,68,Standard,22,911.58,47.3,-14.8,8,0,0,8.8,11,0,0,72.3,3.2,0
C1644,58,Premium,8,1471.17,51.1,5.4,11,1,0,1.9,0,2,0,18.0,2.6,1
C1645,24,Standard,5,857.07,50.6,-18.6,10,0,0,5.2,11,1,0,46.4,3.4,0
C1646,21,Basic,7,550.96,45.6,-1.5,6,1,0,4.4,3,0,0,98.0,3.9,0
C1647,70,Standard,28,925.5,45.9,2.5,5,0,0,2.0,1,1,0,63.6,5.0,0
C1648,67,Standard,17,813.76,34.9,-22.2,11,0,0,1.7,8,1,1,71.4,5.0,0
C1649,62,Enterprise,49,3048.09,52.6,-1.1,12,1,1,7.5,0,0,1,80.9,3.9,0
C1650,28,Standard,20,924.3,43.4,-22.5,7,3,0,0.8,1,0,0,38.2,3.9,0
C1651,46,Basic,15,525.41,42.4,-22.7,7,2,0,1.3,5,0,0,69.7,4.1,0
C1652,73,Premium,16,1470.48,34.1,-30.3,2,0,0,12.8,7,0,0,32.7,3.7,0
C1653,53,Standard,51,889.63,35.2,-14.3,14,2,1,1.1,0,1,1,51.0,3.2,0
C1654,42,Standard,27,800.36,48.6,-18.8,7,0,0,7.2,11,0,2,63.6,3.8,0
C1655,38,Standard,1,942.35,65.1,6.8,9,1,1,1.6,0,0,1,47.9,3.3,0
C1656,74,Premium,13,1449.05,28.2,22.4,8,2,1,2.8,2,0,2,62.7,3.6,0
C1657,53,Standard,20,855.47,39.2,11.6,3,2,1,1.8,0,0,1,80.0,3.9,0
C1658,27,Standard,24,854.79,32.1,19.3,4,0,0,0.9,0,1,0,49.9,3.9,0
C1659,54,Basic,4,589.02,54.6,17.2,5,2,1,4.1,9,3,0,74.4,3.9,0
C1660,26,Basic,36,465.56,32.0,-28.2,6,2,2,11.9,9,0,1,46.8,3.4,1
C1661,41,Basic,56,546.11,34.9,-13.4,7,1,1,7.8,3,0,0,85.8,4.5,0
C1662,52,Basic,4,497.8,40.3,39.5,8,0,0,14.8,13,2,1,77.7,4.7,0
C1663,66,Standard,38,857.54,67.0,-18.6,11,2,1,4.1,2,0,0,77.2,2.8,0
C1664,52,Premium,1,1448.48,43.3,41.3,4,0,0,0.5,6,0,1,80.4,3.8,0
C1665,65,Standard,1,867.56,46.5,-15.4,7,2,2,2.8,0,0,1,98.0,4.1,0
C1666,53,Premium,2,1495.28,48.5,-56.2,8,0,0,3.4,2,0,2,69.2,4.0,0
C1667,35,Enterprise,1,3029.09,39.9,-11.2,6,2,2,0.5,2,1,0,48.7,4.1,1
C1668,66,Premium,33,1475.45,25.8,16.2,4,1,0,6.2,6,1,2,76.0,2.3,0
C1669,56,Standard,1,873.58,52.7,36.6,8,1,0,4.6,1,0,1,68.3,5.0,0
C1670,49,Standard,5,854.94,34.9,-41.9,9,0,0,2.1,15,0,0,68.9,3.7,1
C1671,41,Standard,1,839.3,63.8,15.7,13,3,2,1.2,5,1,1,70.7,3.7,0
C1672,40,Basic,6,435.12,31.7,17.3,8,1,1,0.9,3,0,0,34.7,4.5,0
C1673,49,Standard,1,948.4,40.7,27.5,12,2,1,11.7,1,0,0,48.4,2.4,0
C1674,54,Enterprise,19,2972.56,42.0,-71.8,8,0,0,5.7,4,0,1,39.6,3.6,1
C1675,29,Premium,2,1476.99,45.3,36.4,7,0,0,4.1,4,0,1,98.0,3.5,0
C1676,66,Basic,34,465.67,46.6,6.0,6,1,1,10.4,4,0,0,98.0,4.9,0
C1677,72,Standard,30,883.16,26.9,6.5,5,1,1,0.8,3,0,0,98.0,3.9,0
C1678,30,Premium,1,1517.55,40.8,21.0,3,0,0,6.8,2,0,0,96.4,3.1,1
C1679,40,Basic,40,474.66,38.5,-55.1,12,3,1,3.1,6,0,0,63.3,3.9,0
C1680,42,Standard,1,908.04,32.7,20.4,6,0,0,9.5,1,0,0,44.6,3.8,0
C1681,52,Premium,4,1569.91,54.4,54.4,7,0,0,3.8,3,0,1,66.5,3.0,0
C1682,58,Standard,1,858.02,54.9,-39.2,6,2,2,4.7,2,0,2,98.0,3.7,0
C1683,47,Basic,7,477.03,38.0,-6.6,2,1,1,0.9,8,0,0,70.4,4.9,0
C1684,34,Standard,12,931.05,50.5,-4.1,5,2,1,1.5,3,0,1,66.5,4.3,1
C1685,66,Premium,28,1573.86,62.8,3.9,6,1,1,1.3,7,0,1,67.7,5.0,0
C1686,37,Standard,7,836.88,40.9,5.7,14,3,1,4.1,12,1,1,66.4,4.2,0
C1687,65,Basic,22,413.96,46.7,-21.8,10,4,0,1.9,0,0,0,64.3,4.1,0
C1688,42,Standard,3,898.97,34.3,-4.0,7,0,0,6.9,3,2,1,58.5,2.1,0
C1689,39,Standard,24,893.81,25.6,38.6,9,0,0,0.8,8,0,0,89.3,4.5,0
C1690,30,Standard,4,934.01,57.1,5.2,5,1,0,5.6,8,0,0,47.8,2.6,0
C1691,36,Premium,2,1526.38,24.9,4.2,2,1,0,5.9,0,0,1,68.0,5.0,0
C1692,66,Basic,3,497.3,36.8,-22.9,8,1,0,3.5,2,1,0,57.4,3.8,0
C1693,53,Premium,3,1551.46,41.2,28.5,10,2,0,0.6,1,1,0,44.7,4.1,0
C1694,29,Basic,12,464.95,30.3,-10.4,10,1,0,1.4,9,0,1,54.5,3.5,0
C1695,58,Standard,33,909.58,47.5,-56.3,4,1,0,1.8,0,0,0,48.7,2.7,0
C1696,36,Basic,1,438.21,50.8,5.5,7,1,1,2.2,0,0,1,43.1,4.2,0
C1697,29,Standard,22,896.89,47.1,12.7,5,0,0,4.7,2,1,0,70.7,2.3,0
C1698,26,Standard,19,825.94,46.1,-12.5,7,1,1,1.4,0,2,0,91.0,3.4,0
C1699,24,Standard,37,843.21,42.2,-60.8,7,0,0,0.5,14,0,0,47.6,3.3,0
C1700,45,Basic,5,584.47,39.9,-32.9,10,2,1,7.0,1,1,0,56.0,3.2,1
C1701,31,Standard,10,807.77,57.0,-7.9,6,0,0,2.0,1,0,1,60.2,4.9,0
C1702,48,Basic,46,488.17,55.1,-14.8,6,1,0,1.2,0,1,0,69.3,3.8,0
C1703,69,Premium,19,1540.36,33.4,6.0,8,2,1,6.0,10,0,0,70.0,3.3,0
C1704,36,Enterprise,8,3110.07,37.5,9.8,9,1,1,7.4,2,0,0,76.4,2.7,0
C1705,64,Basic,2,507.85,52.4,-15.9,4,4,0,4.6,1,1,0,43.8,4.3,0
C1706,33,Standard,5,910.71,48.3,-40.0,4,0,0,1.5,1,0,0,35.8,4.8,0
C1707,70,Standard,15,900.98,42.6,31.3,10,1,1,0.9,3,0,1,48.5,3.9,0
C1708,22,Basic,22,551.86,31.3,9.0,7,0,0,4.4,15,2,1,52.7,4.3,1
C1709,52,Standard,2,920.59,44.4,11.8,8,0,0,0.5,14,1,0,56.6,4.8,0
C1710,29,Premium,16,1470.25,37.6,4.6,2,3,1,1.7,15,2,0,45.5,3.9,1
C1711,42,Standard,14,954.78,26.7,22.4,3,1,0,5.0,1,1,2,64.6,5.0,0
C1712,69,Basic,12,475.89,75.0,-14.5,6,0,0,3.1,9,1,0,71.1,5.0,0
C1713,38,Premium,21,1419.08,23.2,15.7,7,0,0,4.6,2,0,0,79.8,4.2,0
C1714,53,Standard,32,819.23,33.0,11.7,9,1,0,3.0,2,0,0,50.3,2.7,0
C1715,70,Premium,7,1488.95,57.4,10.9,5,0,0,1.0,2,1,1,66.3,4.5,0
C1716,40,Standard,39,904.15,61.8,-34.9,8,0,0,2.3,0,0,0,82.7,4.1,0
C1717,33,Standard,3,946.78,46.3,-1.5,14,1,0,5.2,0,0,1,34.3,2.6,0
C1718,74,Basic,3,531.04,45.5,4.7,13,2,1,0.9,8,1,1,53.5,3.5,0
C1719,56,Basic,5,502.99,37.1,39.5,9,2,0,11.5,9,0,0,41.1,4.2,0
C1720,62,Enterprise,2,3049.58,50.3,-2.5,11,2,1,0.8,0,1,1,70.2,3.9,0
C1721,70,Basic,4,499.64,53.5,22.0,6,4,3,0.5,1,1,1,97.7,3.2,0
C1722,59,Enterprise,2,2934.48,64.4,-42.2,6,1,1,5.3,7,0,1,52.8,3.2,1
C1723,56,Standard,31,823.58,30.0,-22.9,8,2,1,9.2,0,0,1,88.7,3.1,0
C1724,31,Basic,2,562.93,38.3,6.0,12,5,0,1.0,8,0,1,83.1,3.7,0
C1725,48,Basic,24,386.74,32.6,5.8,11,1,1,0.6,6,0,0,66.2,3.8,0
C1726,22,Basic,1,488.96,41.7,-22.9,3,3,3,0.9,6,0,1,57.8,5.0,1
C1727,52,Enterprise,53,3148.09,50.5,18.9,5,0,0,3.5,8,0,0,55.6,3.5,0
C1728,40,Standard,22,921.96,45.5,-9.2,5,2,1,3.0,8,2,0,95.5,1.4,0
C1729,46,Standard,1,888.57,43.7,-9.8,10,0,0,3.4,9,0,0,51.7,3.0,0
C1730,60,Basic,25,414.78,31.0,-7.0,10,1,0,0.5,8,0,1,73.0,3.2,0
C1731,28,Basic,12,579.87,27.6,28.5,6,1,1,0.6,3,1,0,50.8,4.0,0
C1732,35,Standard,27,959.69,49.6,22.2,3,1,0,1.0,0,1,1,36.1,3.2,0
C1733,64,Basic,13,533.24,36.8,42.1,5,1,0,4.2,3,0,3,50.0,5.0,0
C1734,29,Premium,18,1498.97,40.7,8.8,8,1,0,3.3,11,0,0,92.5,3.8,0
C1735,26,Standard,27,927.6,37.3,43.3,7,3,1,3.4,13,0,0,87.8,3.3,0
C1736,27,Standard,9,891.57,29.0,1.0,5,1,1,3.0,5,0,0,56.2,3.4,0
C1737,61,Standard,1,850.34,46.6,-8.2,9,0,0,4.8,4,0,0,98.0,3.6,0
C1738,34,Standard,34,946.82,48.7,-16.0,5,0,0,9.9,11,0,1,90.5,4.5,0
C1739,55,Enterprise,8,2996.47,56.9,-9.4,13,1,0,3.9,1,0,1,52.5,3.5,0
C1740,24,Standard,12,925.1,37.4,-8.2,5,5,2,4.8,0,0,0,60.3,4.1,0
C1741,63,Basic,1,492.94,37.6,-22.1,4,1,0,3.3,1,1,0,60.3,4.0,0
C1742,30,Standard,12,922.09,33.1,-19.8,5,2,0,5.6,11,1,0,52.9,2.7,0
C1743,57,Basic,72,498.28,53.6,10.2,12,0,0,10.0,0,1,1,75.2,4.1,0
C1744,59,Basic,5,494.37,50.3,-17.2,7,1,1,3.3,1,0,0,70.8,4.2,0
C1745,26,Enterprise,9,3000.5,27.5,-47.5,9,3,2,0.7,0,0,1,74.5,4.3,0
C1746,67,Premium,20,1647.04,47.7,-48.8,10,0,0,5.1,2,0,1,75.0,3.5,0
C1747,44,Enterprise,30,3039.12,57.6,-57.4,7,1,1,3.7,6,0,0,70.9,3.6,0
C1748,19,Standard,9,1028.3,40.4,-40.4,2,2,0,9.5,1,3,1,48.8,3.3,1
C1749,22,Standard,6,898.59,29.9,-35.0,5,0,0,1.1,0,0,1,62.2,4.5,0
C1750,46,Basic,50,483.55,62.8,-29.4,5,1,0,12.3,5,2,0,64.6,2.7,0
C1751,54,Basic,20,445.29,36.3,2.2,5,2,1,2.8,3,0,1,61.5,3.9,0
C1752,55,Premium,2,1579.16,27.5,-36.8,10,0,0,11.6,2,1,0,77.8,5.0,0
C1753,36,Standard,1,853.74,33.0,-28.0,8,1,0,5.4,13,1,0,64.8,3.9,0
C1754,25,Premium,11,1589.48,40.0,-50.8,8,0,0,7.0,2,1,0,91.8,5.0,0
C1755,65,Premium,4,1448.19,37.4,-21.5,4,1,0,1.4,5,1,0,62.1,3.4,0
C1756,62,Basic,5,543.33,43.7,13.1,9,0,0,0.9,0,1,0,92.7,4.0,0
C1757,18,Standard,37,819.45,46.1,-5.6,13,0,0,3.4,2,0,1,61.8,3.1,0
C1758,39,Standard,1,876.9,43.0,-3.0,8,2,1,1.6,0,1,1,69.7,2.4,0
C1759,69,Basic,22,500.1,38.9,-5.0,5,0,0,14.9,1,1,0,70.3,3.2,0
C1760,34,Premium,5,1469.13,33.6,-37.1,10,2,1,2.4,2,1,0,39.1,3.2,0
C1761,24,Standard,25,890.53,35.1,-15.2,8,1,0,0.5,0,1,0,38.8,3.2,0
C1762,42,Basic,23,490.77,47.6,0.5,7,1,1,2.4,6,0,0,69.2,4.3,0
C1763,62,Standard,1,939.35,44.3,19.2,9,1,1,2.7,1,2,1,43.8,3.5,0
C1764,21,Enterprise,12,2894.66,58.1,4.1,4,1,1,0.5,9,0,0,74.2,3.3,0
C1765,53,Basic,2,470.85,41.1,17.0,5,1,0,1.0,4,0,3,93.0,3.4,0
C1766,23,Premium,36,1561.73,38.7,-32.2,5,3,1,0.5,0,2,0,49.6,3.4,0
C1767,48,Basic,36,527.12,32.9,-42.6,6,1,0,2.9,4,1,0,59.4,3.5,0
C1768,36,Premium,9,1562.56,51.3,-48.8,6,0,0,1.2,0,0,2,22.3,5.0,0
C1769,61,Premium,10,1536.94,51.0,15.4,9,0,0,0.7,6,0,2,28.7,4.7,0
C1770,71,Basic,6,444.82,64.8,-41.0,1,3,1,6.4,14,0,0,75.2,1.4,1
C1771,56,Basic,22,532.04,48.9,21.5,4,2,0,0.5,4,1,0,65.4,3.4,0
C1772,44,Premium,7,1504.01,49.6,-16.1,9,1,0,4.1,10,0,0,50.4,4.5,0
C1773,27,Standard,5,1012.4,57.7,36.7,9,2,0,3.0,1,0,0,16.0,3.9,0
C1774,43,Premium,10,1539.11,41.5,-16.2,2,2,1,5.2,2,1,0,56.9,3.3,1
C1775,36,Basic,1,525.17,53.2,-14.8,9,2,2,0.5,2,0,0,67.3,2.3,0
C1776,56,Premium,24,1532.47,69.8,-3.3,8,0,0,7.2,0,0,1,88.2,4.5,0
C1777,20,Premium,1,1522.44,55.2,-15.4,11,1,0,1.4,6,0,0,59.0,4.1,0
C1778,62,Enterprise,18,3021.09,35.7,5.5,5,2,2,0.5,2,0,0,98.0,1.9,0
C1779,30,Basic,3,485.69,34.8,-31.1,4,2,0,3.7,2,0,0,56.8,1.2,0
C1780,67,Standard,4,925.77,39.7,-0.3,8,3,0,6.9,4,0,0,43.8,4.2,0
C1781,45,Standard,18,946.42,43.7,-23.8,4,0,0,1.5,0,0,2,94.7,4.6,0
C1782,37,Standard,72,952.02,38.5,-10.1,7,1,0,2.6,6,0,0,90.4,3.7,0
C1783,45,Standard,27,945.96,47.8,-39.4,9,0,0,1.9,1,0,0,89.6,5.0,0
C1784,25,Basic,4,574.4,33.2,16.8,7,1,1,0.5,0,0,0,97.2,4.2,0
C1785,58,Premium,3,1555.14,41.9,-13.9,8,0,0,4.9,0,0,1,76.4,3.6,1
C1786,56,Standard,36,930.43,32.1,17.9,9,2,1,9.9,1,1,0,52.7,4.3,0
C1787,18,Basic,10,441.82,56.0,-23.4,5,1,1,1.9,0,0,1,30.7,2.7,0
C1788,20,Standard,2,841.84,30.5,-5.2,4,2,2,0.5,1,0,0,62.6,3.2,0
C1789,30,Standard,35,886.59,31.8,18.1,6,1,0,2.5,21,1,0,47.5,2.7,1
C1790,45,Basic,30,501.34,56.8,-34.4,10,0,0,8.2,3,1,0,62.1,4.5,0
C1791,74,Enterprise,72,3068.9,49.6,-27.1,7,4,1,3.3,3,0,1,26.3,4.6,0
C1792,66,Enterprise,43,2860.01,40.4,15.3,7,2,2,0.8,0,0,0,34.5,4.3,0
C1793,42,Standard,34,847.34,45.2,28.7,3,4,3,2.8,0,0,0,72.6,4.0,0
C1794,73,Basic,1,489.29,41.4,-4.6,8,1,1,1.4,1,0,0,71.0,1.9,0
C1795,50,Premium,1,1449.16,50.0,-29.2,8,3,1,0.5,5,0,0,56.5,5.0,0
C1796,55,Standard,15,859.09,26.5,-12.9,7,2,0,8.6,3,1,1,36.7,1.2,1
C1797,70,Basic,13,474.04,49.8,44.2,9,0,0,5.5,0,1,0,67.9,3.9,0
C1798,23,Standard,11,851.71,37.3,-38.3,8,3,3,9.0,6,2,1,56.3,3.3,1
C1799,61,Standard,9,860.38,70.5,8.2,12,2,0,4.0,0,1,1,55.2,3.5,1
C1800,62,Standard,10,967.16,32.4,-1.9,7,0,0,2.1,2,0,2,86.0,3.3,0
C1801,49,Standard,15,929.72,52.9,-33.9,5,2,0,2.4,30,0,0,90.4,3.8,1
C1802,62,Standard,1,937.2,42.6,-12.8,3,2,2,0.8,0,0,1,73.6,5.0,0
C1803,64,Enterprise,5,2997.29,28.4,-50.1,9,2,1,1.7,6,1,1,71.7,3.8,1
C1804,38,Standard,13,949.56,60.3,2.2,6,2,2,0.6,6,0,0,89.4,3.8,0
C1805,33,Premium,23,1541.39,54.1,5.8,8,3,2,2.2,2,1,0,63.0,3.3,0
C1806,71,Premium,3,1528.93,56.5,-39.2,8,0,0,3.6,17,0,0,54.2,3.1,1
C1807,38,Standard,14,866.29,77.2,8.9,6,1,1,1.0,1,0,1,65.5,4.3,0
C1808,28,Standard,22,876.9,39.5,-21.6,9,0,0,10.1,1,2,1,80.1,3.9,0
C1809,54,Standard,10,951.91,50.5,-23.9,8,3,3,3.6,0,2,0,69.6,4.4,0
C1810,53,Standard,1,873.16,48.4,-29.4,5,3,3,0.9,1,1,0,24.9,4.9,1
C1811,52,Premium,10,1434.57,24.3,11.5,7,2,2,0.6,1,0,0,84.4,3.2,0
C1812,36,Standard,6,872.2,22.8,-46.8,6,2,1,0.7,3,1,0,72.7,5.0,0
C1813,37,Enterprise,47,3076.97,42.9,-44.7,8,0,0,12.8,0,0,0,71.3,4.0,0
C1814,74,Basic,2,472.25,56.6,-19.8,8,1,0,0.9,1,1,2,80.4,3.8,0
C1815,35,Basic,19,515.38,60.7,-18.9,8,1,1,0.6,0,0,0,61.5,4.2,0
C1816,64,Standard,1,868.22,59.4,10.7,7,1,1,0.6,0,1,0,69.9,4.3,0
C1817,58,Basic,10,537.17,23.6,-7.3,11,1,1,1.5,6,0,1,80.1,4.3,0
C1818,66,Basic,14,525.84,63.9,-7.2,7,0,0,3.3,5,0,1,75.4,5.0,0
C1819,31,Basic,6,424.44,47.4,-45.5,6,1,1,0.5,5,1,1,48.8,3.1,0
C1820,32,Basic,10,512.4,28.1,-10.8,6,1,0,0.6,1,0,1,60.4,2.1,0
C1821,48,Basic,3,414.87,37.0,-65.2,9,2,2,13.1,4,0,1,55.0,3.0,1
C1822,18,Enterprise,6,2971.3,76.4,0.9,8,1,0,3.4,1,0,1,61.9,3.6,1
C1823,70,Basic,17,498.43,29.4,11.9,3,3,1,0.5,1,2,3,88.1,2.6,0
C1824,71,Premium,6,1591.34,40.8,-24.5,8,2,0,2.8,3,1,0,83.6,3.4,0
C1825,71,Premium,41,1514.9,53.5,4.4,6,0,0,1.0,4,0,3,80.2,2.7,0
C1826,20,Enterprise,17,2960.65,52.3,-16.0,9,3,2,12.7,1,0,1,41.8,2.4,1
C1827,33,Basic,10,483.14,56.2,25.8,5,4,2,1.7,4,0,0,57.2,4.4,0
C1828,40,Premium,1,1545.21,45.0,0.7,10,0,0,0.5,13,0,0,19.0,4.7,0
C1829,74,Standard,12,861.32,67.7,-31.0,9,3,0,3.3,2,1,2,66.0,3.4,0
C1830,28,Standard,26,953.85,32.3,24.3,5,2,0,0.5,2,3,0,59.9,4.8,0
C1831,29,Standard,5,872.85,33.6,15.7,6,1,1,2.6,1,1,1,59.3,4.7,0
C1832,27,Premium,29,1453.23,35.4,-15.3,10,0,0,6.7,1,0,0,86.2,2.9,0
C1833,49,Basic,5,474.45,63.4,7.4,7,2,0,1.5,3,0,0,53.4,3.8,0
C1834,33,Premium,31,1418.19,51.8,7.0,6,2,0,2.3,11,0,1,73.2,3.2,0
C1835,25,Standard,1,790.37,33.3,-15.6,9,1,1,0.5,1,0,0,91.4,4.1,0
C1836,55,Premium,36,1494.87,40.9,-3.4,5,1,0,3.6,1,1,1,67.7,3.5,0
C1837,29,Enterprise,12,2995.64,50.0,1.1,6,1,1,0.5,12,0,3,84.2,5.0,0
C1838,41,Basic,6,511.82,41.9,-21.9,7,2,2,1.4,3,0,0,77.5,2.5,0
C1839,45,Enterprise,5,2994.63,21.5,28.7,7,0,0,6.4,5,0,0,53.8,3.0,0
C1840,70,Basic,10,615.46,63.6,-54.4,11,2,2,0.6,7,0,1,71.6,4.0,1
C1841,25,Basic,72,507.42,36.5,11.9,4,0,0,6.4,0,1,0,96.4,3.9,0
C1842,45,Basic,4,430.18,58.5,-35.5,8,0,0,3.5,2,2,1,62.6,3.0,0
C1843,53,Basic,1,443.0,49.4,-11.1,4,0,0,0.5,0,0,0,60.4,3.2,0
C1844,43,Standard,15,899.02,43.5,-45.0,8,2,0,0.6,3,0,1,66.8,3.5,0
C1845,25,Basic,12,477.23,27.4,-38.0,4,1,1,3.8,12,0,1,98.0,2.9,0
C1846,67,Basic,13,437.58,48.6,-7.2,11,1,0,4.6,0,0,0,55.1,3.3,0
C1847,45,Enterprise,19,2996.06,68.5,-3.2,6,0,0,3.7,1,1,0,60.1,3.7,0
C1848,45,Premium,5,1496.79,39.8,21.5,10,1,1,4.4,32,0,0,62.7,3.4,1
C1849,54,Premium,43,1578.78,44.9,-15.0,8,1,1,1.6,0,0,0,56.2,3.2,0
C1850,58,Premium,10,1453.2,32.2,10.4,2,0,0,0.5,0,0,0,64.5,4.1,0
C1851,53,Premium,2,1478.11,30.5,-5.3,4,2,0,2.6,0,2,0,38.6,2.8,0
C1852,44,Basic,24,578.63,42.7,9.4,5,1,0,3.2,5,1,0,51.6,4.0,0
C1853,71,Standard,18,915.43,41.2,-32.3,7,0,0,4.1,5,0,0,50.3,3.6,0
C1854,34,Premium,6,1452.9,44.9,-2.8,12,1,0,0.9,6,0,1,44.7,2.5,0
C1855,26,Basic,17,463.26,21.5,4.3,5,2,2,0.7,5,0,2,78.9,2.8,1
C1856,50,Standard,4,838.29,30.5,-17.4,11,1,1,6.2,7,0,1,81.5,1.4,1
C1857,70,Basic,10,502.86,47.7,4.5,10,0,0,6.4,5,0,0,76.6,4.6,0
C1858,37,Basic,41,550.56,34.0,6.9,5,1,1,15.4,2,0,0,60.1,3.5,0
C1859,30,Standard,2,980.55,46.3,-17.9,9,0,0,1.5,5,0,0,52.1,4.1,0
C1860,45,Standard,8,824.69,43.8,14.4,6,3,0,0.5,3,0,3,70.0,4.5,0
C1861,65,Standard,30,942.46,27.9,-62.6,8,1,1,2.3,1,0,1,57.2,2.9,1
C1862,46,Standard,62,907.22,60.3,-52.9,9,1,1,2.3,7,0,0,41.6,3.3,0
C1863,30,Basic,10,485.9,57.7,-30.9,6,4,2,0.5,6,0,1,95.0,3.3,0
C1864,63,Basic,12,478.13,61.5,2.0,4,3,0,3.0,0,0,1,29.5,4.7,1
C1865,52,Premium,15,1402.95,39.0,-23.9,12,2,1,1.1,0,1,0,89.5,4.3,0
C1866,23,Standard,48,930.9,33.2,-38.4,4,1,0,0.5,1,1,0,47.4,3.4,0
C1867,35,Basic,35,433.06,54.0,-7.2,5,1,1,3.3,2,0,1,56.3,5.0,0
C1868,68,Premium,3,1461.59,53.2,-2.5,9,3,3,1.2,0,0,0,68.2,2.2,0
C1869,22,Basic,10,519.9,71.5,-20.9,7,3,1,2.9,7,1,0,90.8,4.4,0
C1870,64,Standard,11,808.17,32.3,-34.6,4,1,1,0.5,0,2,1,58.5,3.2,0
C1871,42,Basic,28,432.96,58.8,-4.8,7,1,1,1.6,2,0,0,54.1,2.9,0
C1872,19,Premium,16,1559.93,39.0,14.9,11,3,0,7.0,0,0,0,98.0,5.0,0
C1873,27,Standard,19,905.1,39.5,-35.4,6,1,0,3.7,3,0,0,81.0,5.0,0
C1874,73,Basic,72,465.89,59.5,34.5,5,2,1,7.1,2,0,1,86.6,5.0,0
C1875,47,Premium,1,1505.3,57.0,-19.2,8,1,0,4.7,6,0,0,98.0,3.4,0
C1876,67,Standard,4,932.47,42.1,-20.9,9,0,0,4.5,4,1,0,73.2,3.5,0
C1877,62,Basic,9,555.24,39.5,-1.6,4,0,0,7.1,7,1,0,74.9,4.3,0
C1878,22,Basic,7,443.38,40.6,-2.4,9,3,0,0.5,3,0,3,69.1,4.7,0
C1879,72,Basic,1,447.76,56.5,-60.8,7,4,2,1.9,6,0,1,89.0,2.5,1
C1880,73,Basic,1,529.42,53.5,-7.7,4,3,0,11.3,5,0,0,57.8,4.5,0
C1881,50,Standard,20,931.02,47.8,9.4,7,1,1,0.7,6,1,0,52.5,2.8,0
C1882,71,Premium,38,1431.8,35.5,20.7,5,7,1,3.7,3,1,0,80.5,3.5,0
C1883,18,Standard,12,849.63,40.5,-7.9,7,0,0,5.5,5,1,0,65.6,3.8,0
C1884,35,Basic,13,489.31,47.4,-13.9,5,2,0,9.5,2,0,0,64.7,3.7,0
C1885,49,Basic,5,500.18,33.0,13.1,10,0,0,7.2,0,1,0,49.7,3.0,0
C1886,64,Basic,26,501.6,62.9,39.8,5,1,1,4.0,2,3,1,33.6,3.4,0
C1887,66,Standard,25,831.03,26.5,-2.7,12,2,1,4.3,0,2,0,35.9,4.1,0
C1888,28,Premium,15,1501.09,61.6,-9.6,7,2,1,1.5,3,1,0,81.5,3.9,0
C1889,38,Basic,4,463.13,43.2,26.4,6,0,0,0.9,1,0,0,42.3,4.4,0
C1890,43,Premium,1,1440.68,64.1,-33.2,6,3,3,11.1,12,2,1,82.4,2.4,0
C1891,42,Premium,1,1498.45,36.1,-3.4,5,1,1,13.0,1,0,0,98.0,4.4,0
C1892,39,Standard,16,893.35,60.6,55.2,7,2,2,1.9,0,1,0,86.4,5.0,0
C1893,44,Premium,31,1539.08,60.4,6.3,13,2,1,1.9,8,0,0,72.0,4.7,0
C1894,66,Standard,35,855.95,54.4,14.2,10,1,1,2.1,2,0,2,70.8,1.9,0
C1895,30,Standard,11,910.76,47.5,-13.2,10,1,1,2.2,1,1,0,44.3,3.9,0
C1896,50,Standard,27,820.57,43.2,9.7,7,1,0,6.5,8,0,0,81.3,3.9,0
C1897,51,Standard,52,885.26,46.8,25.4,6,1,0,2.0,4,0,2,98.0,3.1,0
C1898,58,Basic,5,522.18,55.5,-42.9,4,2,2,7.5,3,0,1,40.1,4.8,0
C1899,52,Basic,9,526.4,65.1,-7.4,6,2,0,4.2,1,0,0,70.9,4.3,0
C1900,18,Basic,48,526.74,56.1,3.7,4,1,1,11.8,1,0,2,62.3,4.0,0
C1901,38,Standard,7,939.22,70.1,-6.4,5,1,1,3.9,3,1,0,76.3,3.0,0
C1902,65,Basic,44,476.71,51.7,-17.2,8,2,0,1.9,2,0,1,63.1,3.8,0
C1903,72,Enterprise,71,3023.79,35.6,29.9,7,2,1,8.8,1,1,0,96.2,4.9,0
C1904,23,Premium,19,1592.44,35.3,0.1,6,1,0,0.9,0,0,0,69.4,5.0,0
C1905,45,Standard,30,875.64,32.7,-22.5,7,1,0,11.7,6,0,0,81.2,3.5,0
C1906,34,Basic,24,568.01,30.1,19.6,6,0,0,0.5,4,0,0,84.2,3.3,0
C1907,22,Premium,21,1542.82,36.5,29.7,9,1,0,3.6,20,1,0,67.5,4.2,0
C1908,48,Premium,6,1485.68,47.2,23.5,2,1,0,0.5,2,0,0,55.9,2.8,0
C1909,22,Premium,1,1489.86,57.8,-15.4,9,1,0,0.8,20,2,0,63.0,1.9,1
C1910,55,Basic,7,504.92,56.6,-14.3,6,0,0,2.2,2,1,1,80.0,3.5,1
C1911,20,Standard,19,940.01,65.0,-31.0,6,3,3,0.6,3,0,0,89.5,4.3,0
C1912,70,Basic,1,519.13,63.4,1.3,15,1,0,15.7,0,0,0,61.4,3.1,0
C1913,40,Basic,1,475.25,24.5,22.5,4,1,0,5.2,0,1,0,83.6,4.3,0
C1914,54,Premium,2,1394.9,45.1,9.1,5,1,1,6.7,11,0,0,51.2,3.4,0
C1915,70,Premium,22,1532.61,55.3,38.8,6,0,0,13.5,15,0,1,33.8,4.2,0
C1916,54,Standard,64,802.38,34.8,-53.5,9,1,0,3.9,3,2,0,65.6,4.3,0
C1917,27,Premium,72,1430.7,36.2,-1.5,7,2,0,1.1,1,1,0,40.5,4.7,0
C1918,27,Standard,12,878.88,38.7,15.8,9,0,0,5.0,12,0,0,82.3,3.1,0
C1919,36,Standard,36,838.3,17.5,-20.2,9,1,1,3.1,6,1,1,78.4,3.0,0
C1920,34,Basic,24,514.88,30.1,-33.3,11,0,0,1.1,0,0,1,98.0,2.8,0
C1921,38,Enterprise,12,2984.19,31.5,-35.2,12,2,2,1.6,1,0,3,77.4,4.1,0
C1922,31,Basic,15,538.26,39.7,-2.4,10,1,0,3.3,0,0,0,92.9,4.9,0
C1923,26,Enterprise,2,2918.61,52.1,-35.8,4,3,3,1.8,3,0,0,98.0,4.8,1
C1924,63,Premium,49,1465.91,66.6,31.8,6,1,0,0.9,2,0,1,50.9,2.8,0
C1925,18,Basic,7,499.21,49.2,7.9,4,1,0,2.0,0,2,1,49.3,4.0,0
C1926,68,Standard,10,901.14,39.5,-10.0,7,2,0,0.9,1,0,0,68.8,4.8,0
C1927,62,Premium,20,1533.7,50.1,-7.0,5,1,1,7.3,11,1,0,51.5,4.2,1
C1928,30,Standard,7,853.27,45.1,22.0,7,1,0,4.1,4,0,1,61.8,2.5,0
C1929,21,Enterprise,5,2975.6,29.2,28.5,3,0,0,1.7,7,0,1,32.7,5.0,0
C1930,18,Enterprise,17,3024.37,45.4,-28.3,9,1,0,10.2,7,0,0,64.6,4.9,0
C1931,66,Standard,1,789.07,41.6,-23.3,6,0,0,1.7,10,0,0,55.2,3.7,0
C1932,57,Standard,22,918.25,49.8,-13.9,8,1,1,3.0,0,1,0,61.4,3.7,0
C1933,49,Enterprise,12,3037.2,59.9,-20.6,10,5,2,2.5,1,2,0,76.0,3.9,0
C1934,51,Standard,16,832.32,69.9,-50.1,5,2,1,0.5,2,0,0,73.5,5.0,0
C1935,45,Basic,17,483.25,42.0,-25.4,10,1,1,1.9,4,0,0,72.5,3.3,0
C1936,48,Basic,13,573.63,32.8,-22.6,8,3,3,0.5,3,1,0,54.3,5.0,0
C1937,25,Standard,15,931.99,33.5,-35.0,5,1,0,0.7,1,0,0,73.7,3.6,0
C1938,56,Enterprise,20,3021.35,31.5,6.0,8,0,0,5.4,0,0,1,62.6,4.9,0
C1939,43,Premium,25,1548.55,17.7,-8.1,10,3,2,1.3,2,0,2,59.7,3.7,0
C1940,51,Standard,23,989.23,33.6,10.4,11,1,0,0.5,1,1,1,77.6,4.3,0
C1941,71,Basic,36,499.93,80.4,-29.6,6,0,0,4.4,13,0,0,74.7,3.3,0
C1942,71,Basic,3,478.64,32.4,10.8,16,1,1,5.7,13,1,0,73.8,3.5,0
C1943,20,Premium,9,1548.43,28.1,-1.4,4,0,0,3.0,0,0,1,57.2,4.0,0
C1944,67,Basic,53,489.63,41.7,-18.7,7,0,0,8.7,4,2,0,54.9,4.2,0
C1945,29,Basic,9,452.6,57.5,35.1,7,0,0,6.6,1,0,1,45.2,2.2,0
C1946,18,Basic,2,472.0,50.3,-2.2,7,1,1,2.8,5,1,0,81.0,3.2,0
C1947,71,Standard,13,914.62,40.5,-18.2,4,0,0,4.7,5,1,1,76.4,4.7,0
C1948,61,Enterprise,2,2976.52,40.5,2.0,8,0,0,1.4,0,0,0,78.2,3.1,0
C1949,22,Basic,4,480.25,52.0,-28.7,7,1,1,3.5,4,0,0,33.9,4.8,0
C1950,47,Standard,72,847.63,33.0,-9.4,4,1,1,13.2,9,0,0,65.5,3.2,0
C1951,47,Standard,14,970.77,36.8,45.7,6,0,0,5.6,0,0,1,37.7,3.9,0
C1952,74,Enterprise,6,2981.87,40.8,-49.2,8,1,1,1.6,0,0,2,44.1,3.5,0
C1953,34,Basic,72,463.42,56.9,-18.2,11,2,0,9.4,3,0,2,90.9,5.0,0
C1954,65,Standard,61,868.74,29.8,-8.7,8,0,0,6.1,2,1,0,47.1,5.0,0
C1955,64,Standard,10,939.13,39.4,-14.2,5,0,0,0.5,8,1,0,55.8,3.2,0
C1956,40,Premium,5,1527.66,28.1,-17.5,11,0,0,4.8,2,0,0,57.0,3.9,0
C1957,32,Standard,32,873.91,48.4,37.3,3,0,0,13.1,2,2,0,48.9,2.9,0
C1958,54,Basic,22,500.62,32.9,-18.9,4,1,1,1.3,5,0,0,47.3,3.0,0
C1959,38,Standard,20,912.84,41.5,4.9,4,0,0,1.1,0,0,1,33.2,4.7,0
C1960,31,Premium,40,1463.8,58.6,-20.3,6,0,0,3.6,0,0,0,44.4,3.7,0
C1961,19,Basic,21,421.97,51.7,5.0,4,1,1,0.5,2,0,1,68.4,3.9,0
C1962,28,Premium,6,1524.75,46.0,18.4,9,1,1,3.9,0,1,0,52.8,4.1,0
C1963,68,Basic,21,466.56,50.7,-6.9,10,2,0,0.9,11,0,0,52.9,3.2,0
C1964,56,Standard,6,921.02,53.8,-19.3,9,0,0,2.1,4,0,0,19.4,2.6,0
C1965,55,Standard,25,915.05,26.4,-8.1,15,1,0,7.8,5,1,0,52.9,2.9,1
C1966,51,Premium,17,1501.79,34.9,8.4,7,2,0,5.6,1,0,1,98.0,3.2,0
C1967,55,Standard,1,877.69,39.2,16.7,6,1,1,0.5,2,0,1,51.4,5.0,0
C1968,67,Premium,12,1467.3,43.9,1.4,7,2,2,5.0,0,1,1,79.5,4.1,0
C1969,51,Premium,7,1442.08,34.2,-7.0,7,1,1,1.9,0,0,1,50.8,3.8,0
C1970,35,Standard,7,868.26,29.4,27.0,6,0,0,18.2,3,0,0,72.0,2.5,0
C1971,47,Premium,16,1527.44,35.2,-20.7,4,2,1,1.2,1,0,1,93.2,2.5,0
C1972,32,Premium,7,1568.89,51.9,-15.3,12,3,2,2.2,9,0,0,64.2,3.2,1
C1973,44,Basic,27,561.55,22.3,39.8,6,1,0,1.5,21,1,0,56.2,3.6,0
C1974,68,Standard,1,906.27,35.4,-7.4,5,2,2,3.1,0,1,1,66.5,3.1,0
C1975,51,Enterprise,19,3068.86,34.7,11.5,6,1,0,1.1,5,0,0,47.2,3.1,0
C1976,69,Basic,29,483.66,33.7,-27.2,6,0,0,8.5,0,0,0,67.4,3.3,1
C1977,74,Premium,20,1434.45,52.0,20.0,4,1,0,3.4,3,0,2,63.3,3.2,0
C1978,55,Enterprise,12,3095.04,34.8,-33.8,14,1,0,10.0,1,0,1,70.3,3.6,0
C1979,50,Basic,54,525.64,33.1,-35.6,6,2,2,4.0,13,1,0,26.7,4.0,0
C1980,41,Standard,6,822.27,50.3,17.3,10,1,0,0.7,8,0,0,65.8,4.5,0
C1981,32,Standard,1,976.95,51.1,-14.0,9,0,0,0.5,3,0,2,75.4,2.8,0
C1982,47,Standard,10,861.83,47.4,-11.1,12,0,0,1.8,0,0,0,64.3,3.7,0
C1983,72,Basic,1,472.71,34.0,5.8,6,1,1,17.6,6,0,2,81.0,5.0,0
C1984,59,Basic,55,550.07,57.8,-12.3,12,2,2,7.3,2,2,0,47.5,3.5,0
C1985,68,Standard,4,967.09,47.5,-31.2,6,2,1,6.6,3,1,0,52.0,3.8,0
C1986,34,Premium,27,1448.96,27.5,-19.2,7,1,0,2.9,5,2,0,75.8,3.0,0
C1987,22,Premium,26,1572.55,62.9,-29.4,8,3,3,0.5,2,0,1,80.2,4.4,0
C1988,46,Standard,4,942.71,57.2,24.0,4,0,0,0.5,0,1,3,88.5,3.2,0
C1989,21,Basic,17,459.01,20.6,25.1,13,5,1,6.4,1,0,1,68.6,5.0,0
C1990,27,Standard,1,886.7,21.6,-26.0,4,1,1,0.7,2,0,0,31.7,3.3,0
C1991,73,Basic,11,574.81,32.2,5.9,5,4,1,0.5,1,1,0,85.9,3.5,0
C1992,34,Enterprise,1,2920.97,42.0,-11.8,6,2,2,4.3,7,0,0,70.6,4.1,0
C1993,27,Premium,45,1568.04,45.7,31.5,4,2,0,0.5,1,2,0,68.6,5.0,0
C1994,34,Premium,67,1541.32,40.0,54.2,6,2,1,4.7,2,0,1,92.9,2.7,0
C1995,37,Enterprise,4,3024.46,57.7,13.3,3,1,1,0.7,0,1,0,78.2,4.8,0
C1996,41,Basic,4,505.58,32.1,-17.8,3,1,0,1.4,5,1,0,80.7,4.1,1
C1997,22,Premium,25,1597.51,45.4,-34.0,3,0,0,0.7,0,0,2,28.5,2.0,0
C1998,51,Basic,5,604.9,84.3,1.1,10,3,0,5.3,1,1,0,56.1,3.6,0
C1999,23,Enterprise,40,2968.24,53.8,-8.9,8,1,0,2.3,3,0,0,82.8,3.9,0
C2000,70,Basic,15,529.61,35.6,-41.1,7,1,1,0.6,16,1,0,64.0,3.9,0
C2001,19,Premium,7,1592.72,52.7,-3.0,3,0,0,0.5,2,0,1,73.9,5.0,0
C2002,30,Premium,32,1459.75,43.5,47.8,5,1,1,15.1,1,0,0,68.8,3.0,0
C2003,60,Basic,12,511.16,46.1,15.1,4,1,0,4.4,0,1,0,82.9,2.6,0
C2004,60,Standard,43,949.19,46.6,-34.0,6,0,0,4.0,6,0,1,42.0,2.2,1
C2005,65,Premium,47,1398.26,41.2,-5.5,6,0,0,2.4,1,0,0,35.0,4.7,0
C2006,28,Standard,3,940.43,39.7,4.3,3,3,0,2.0,5,0,0,61.1,4.7,0
C2007,68,Basic,1,444.58,30.5,7.3,8,1,1,5.6,1,1,0,71.7,3.8,0
C2008,64,Basic,72,508.62,36.6,-45.9,6,1,0,6.1,0,1,1,55.8,3.1,0
C2009,74,Basic,42,556.22,34.4,-7.9,14,1,0,0.5,2,0,0,64.1,3.7,0
C2010,40,Premium,1,1379.54,51.0,1.5,6,2,2,6.9,9,0,2,40.2,5.0,0
C2011,72,Standard,32,938.29,52.8,-9.7,5,0,0,5.0,0,0,0,41.7,3.8,0
C2012,33,Basic,11,600.92,35.3,-53.2,7,1,1,2.3,0,0,1,52.4,4.2,0
C2013,48,Standard,5,872.33,31.7,-8.8,5,2,1,2.3,0,0,1,80.5,2.1,0
C2014,28,Standard,37,927.83,52.7,14.6,3,0,0,6.3,4,0,0,72.7,4.2,0
C2015,71,Basic,3,565.76,26.1,-19.3,12,1,0,5.5,1,0,1,77.9,4.5,0
C2016,33,Standard,52,819.35,28.5,-16.7,4,2,2,0.5,1,0,0,81.3,3.3,0
C2017,25,Basic,4,536.87,45.8,29.9,7,0,0,2.8,1,0,1,98.0,3.6,0
C2018,21,Basic,17,550.19,34.4,-10.0,5,3,3,12.2,1,1,1,37.7,4.3,0
C2019,57,Premium,4,1530.93,33.7,-2.2,7,3,0,4.7,3,0,0,49.5,3.6,1
C2020,21,Basic,14,503.33,72.8,-51.6,4,1,1,12.6,0,1,0,89.0,4.8,0
C2021,73,Standard,20,848.98,45.1,-31.3,5,3,1,5.2,2,0,0,61.7,2.6,1
C2022,42,Standard,3,968.57,42.4,49.7,12,2,1,2.6,1,2,1,73.7,3.9,0
C2023,20,Standard,13,900.73,32.0,36.4,11,1,0,3.3,10,0,0,43.5,4.3,0
C2024,49,Standard,11,853.81,28.1,6.8,11,1,0,4.3,2,0,0,70.4,3.9,0
C2025,20,Standard,1,883.1,39.7,-62.2,6,1,1,4.6,0,0,1,83.8,2.8,1
C2026,44,Premium,30,1517.42,47.0,-38.3,7,3,2,4.8,10,0,1,62.7,4.6,1
C2027,46,Standard,7,820.94,48.6,-39.0,8,1,0,9.3,11,0,0,72.7,2.5,0
C2028,49,Standard,15,899.9,36.1,-39.3,8,0,0,1.3,0,1,0,70.3,3.0,0
C2029,67,Premium,13,1478.16,29.2,-14.7,9,0,0,6.2,6,1,1,79.7,3.8,0
C2030,68,Standard,12,965.8,68.0,14.5,9,2,2,3.0,7,0,0,49.1,4.3,0
C2031,36,Basic,2,405.26,46.0,-20.8,5,1,1,7.6,1,0,0,35.5,3.0,0
C2032,38,Basic,9,545.94,71.4,-12.8,8,1,0,3.5,0,1,1,72.2,2.3,0
C2033,22,Basic,10,569.85,83.7,-12.7,5,2,1,9.6,6,0,0,81.0,4.2,0
C2034,35,Premium,23,1407.15,51.9,17.6,7,1,1,1.9,0,0,0,98.0,2.2,0
C2035,45,Premium,32,1413.14,66.0,17.3,11,0,0,0.5,3,1,0,66.9,4.1,0
C2036,59,Enterprise,14,3088.3,44.7,-1.0,8,0,0,3.6,1,0,0,51.7,4.2,0
C2037,39,Standard,1,853.78,33.6,27.0,3,0,0,5.2,3,0,0,62.4,5.0,0
C2038,38,Standard,4,1053.74,51.5,-14.6,6,1,1,4.1,6,0,1,64.4,4.3,0
C2039,23,Basic,3,408.71,42.0,38.7,7,0,0,4.5,7,0,2,60.9,3.3,0
C2040,18,Standard,2,907.5,59.8,-20.2,8,0,0,0.5,25,0,0,72.0,4.0,1
C2041,22,Standard,8,897.83,35.5,-54.2,10,0,0,11.7,4,1,0,98.0,4.6,0
C2042,58,Enterprise,4,2988.59,44.3,-36.6,7,1,0,1.1,1,0,0,88.2,4.1,0
C2043,29,Basic,4,522.15,43.1,-38.8,12,0,0,1.9,1,0,1,35.9,3.7,0
C2044,43,Standard,1,925.03,53.2,-23.5,12,0,0,1.9,2,0,0,64.9,4.9,0
C2045,63,Standard,1,890.62,39.7,23.2,10,2,1,8.3,7,0,0,35.9,2.8,0
C2046,51,Standard,1,848.29,49.4,-16.2,5,0,0,4.8,1,0,0,52.2,2.4,0
C2047,66,Standard,3,951.39,41.4,-38.9,4,1,1,3.4,4,0,0,50.4,2.0,1
C2048,31,Premium,10,1530.4,42.3,-41.4,7,0,0,0.5,0,0,0,62.7,5.0,0
C2049,43,Basic,12,504.73,49.6,-6.4,5,3,0,1.4,2,0,0,61.8,3.1,0
C2050,62,Premium,2,1528.82,32.7,33.1,3,2,2,2.4,0,0,0,62.1,3.5,0
C2051,44,Standard,9,937.45,38.1,0.5,7,1,1,0.5,11,0,0,95.9,3.9,0
C2052,26,Premium,7,1460.91,39.7,18.6,11,0,0,3.0,6,0,1,83.8,3.1,0
C2053,43,Premium,3,1527.03,46.3,5.0,10,1,0,0.8,0,0,1,61.1,4.9,0
C2054,74,Basic,1,471.35,31.8,-43.2,7,0,0,6.1,2,0,1,71.7,4.8,0
C2055,64,Basic,11,539.1,29.7,10.0,12,0,0,6.2,0,0,3,93.8,4.4,0
C2056,74,Enterprise,20,2989.38,30.1,-33.5,4,2,2,3.2,5,0,1,39.9,3.7,1
C2057,39,Standard,4,929.59,73.4,-15.4,8,0,0,1.6,0,0,1,63.5,3.3,0
C2058,64,Enterprise,2,2977.31,58.4,-23.1,7,1,0,0.5,6,1,0,71.3,2.8,0
C2059,73,Basic,39,532.19,58.4,-7.6,7,1,0,3.5,0,1,0,50.4,4.0,0
C2060,47,Standard,5,850.06,59.5,-11.2,5,0,0,5.4,3,0,1,37.7,3.3,1
C2061,60,Premium,4,1500.81,35.4,-14.5,7,2,1,5.5,3,2,0,55.1,4.3,0
C2062,65,Enterprise,35,3048.03,64.6,-11.9,9,1,0,2.3,1,0,0,60.5,2.9,0
C2063,34,Basic,30,522.36,28.7,1.7,7,1,1,0.5,0,1,1,82.8,2.5,0
C2064,43,Premium,10,1508.6,41.5,-11.9,12,0,0,0.5,1,0,1,32.8,4.6,1
C2065,53,Standard,12,989.18,35.0,-9.3,6,0,0,0.5,2,0,0,72.5,3.7,0
C2066,18,Basic,4,550.18,69.1,44.8,6,2,2,1.0,13,0,0,57.9,4.4,0
C2067,25,Standard,1,941.78,49.9,21.0,9,1,0,0.5,2,1,0,72.4,4.7,0
C2068,66,Standard,15,931.9,48.5,-17.5,7,2,0,0.6,0,0,0,94.7,3.4,0
C2069,52,Enterprise,1,3038.13,34.8,-2.3,5,0,0,4.2,0,0,0,49.3,2.2,0
C2070,69,Standard,10,981.86,37.0,-4.3,6,0,0,0.7,0,0,1,85.4,5.0,0
C2071,32,Basic,50,478.12,35.1,-3.0,8,0,0,4.1,2,0,0,73.3,5.0,0
C2072,64,Basic,54,549.47,44.6,-5.5,8,0,0,1.5,1,0,1,57.7,4.1,0
C2073,73,Standard,4,916.82,39.1,-2.8,5,0,0,5.2,0,1,0,75.3,3.6,0
C2074,39,Basic,17,479.84,44.1,-11.3,3,3,1,0.6,0,0,0,78.9,3.2,0
C2075,31,Premium,11,1494.01,55.0,-20.4,6,0,0,0.5,1,0,0,50.6,4.2,0
C2076,43,Standard,37,909.96,54.6,-14.7,5,0,0,0.5,4,2,0,42.6,4.4,0
C2077,45,Enterprise,5,2956.0,51.8,-48.4,6,1,1,11.9,3,1,0,43.9,3.7,1
C2078,40,Enterprise,1,3042.2,55.0,12.4,6,1,0,2.7,0,0,0,57.0,3.1,0
C2079,31,Standard,3,893.86,57.7,7.1,7,0,0,3.3,0,0,0,52.5,4.7,0
C2080,41,Enterprise,7,3003.25,67.9,45.3,6,0,0,11.9,9,1,0,75.3,3.2,0
C2081,19,Premium,6,1566.86,67.0,-34.9,7,1,0,5.2,0,0,2,74.8,4.7,0
C2082,62,Standard,28,905.49,52.4,-15.1,7,1,0,0.5,0,0,0,68.7,3.5,0
C2083,43,Basic,20,576.63,67.4,24.2,9,0,0,1.9,1,0,0,82.2,5.0,0
C2084,31,Standard,6,872.76,38.8,4.0,3,0,0,6.0,1,0,0,64.3,2.8,0
C2085,73,Standard,11,844.15,90.7,35.8,8,1,0,3.8,1,0,0,72.6,5.0,1
C2086,68,Premium,1,1484.5,76.3,31.9,12,0,0,0.9,5,0,0,73.8,3.7,0
C2087,24,Standard,41,758.26,35.4,-65.7,3,2,0,5.7,0,0,1,57.7,3.9,0
C2088,20,Premium,49,1544.29,35.5,1.4,8,3,1,2.9,1,0,1,45.2,3.2,0
C2089,64,Standard,70,847.06,26.7,1.6,6,0,0,5.4,3,1,1,42.9,3.1,0
C2090,40,Basic,36,468.12,23.8,-5.6,10,0,0,3.4,0,1,0,88.3,2.9,0
C2091,63,Enterprise,3,3034.81,28.1,-15.9,5,1,0,2.2,0,0,0,46.7,3.0,0
C2092,60,Standard,1,904.96,62.6,34.1,3,0,0,4.6,2,0,1,83.1,4.2,0
C2093,64,Standard,15,876.97,58.1,-5.7,7,5,0,7.0,9,0,1,91.8,5.0,1
C2094,62,Standard,43,797.17,50.8,-83.4,4,1,0,2.2,2,1,0,52.6,4.7,1
C2095,35,Basic,3,564.04,25.1,-16.1,7,1,0,0.5,2,0,0,69.6,3.7,0
C2096,55,Standard,1,935.15,30.1,46.8,6,0,0,3.1,0,0,1,58.9,3.6,0
C2097,52,Standard,29,1001.79,78.4,-32.9,7,3,0,0.5,5,0,0,57.4,5.0,0
C2098,68,Standard,1,869.18,41.8,25.4,8,0,0,1.4,0,1,1,96.9,4.1,0
C2099,32,Enterprise,9,2926.28,46.1,21.1,4,1,0,2.8,4,0,0,80.7,3.4,0
C2100,42,Standard,20,948.74,55.7,-11.4,8,2,1,1.5,1,1,0,62.6,4.5,0
C2101,72,Basic,4,489.6,45.4,-0.3,7,1,1,1.2,0,0,0,79.7,4.0,0
C2102,54,Standard,1,930.41,28.3,-6.7,9,2,2,0.5,1,0,3,91.4,4.4,0
C2103,45,Enterprise,26,3080.0,40.3,-18.2,11,1,0,1.1,4,1,0,57.9,5.0,0
C2104,27,Basic,17,518.41,47.5,-21.7,6,1,0,1.7,5,1,0,80.3,2.9,0
C2105,56,Basic,72,507.36,56.6,30.5,7,2,0,1.2,4,0,0,48.4,2.8,0
C2106,74,Basic,7,510.5,31.4,-9.3,7,0,0,3.5,4,0,0,52.8,4.4,0
C2107,34,Basic,1,417.14,32.0,-24.3,8,2,1,3.8,1,1,1,70.5,4.2,1
C2108,56,Premium,23,1554.4,72.0,8.7,6,1,1,5.3,13,0,1,65.2,2.9,0
C2109,39,Premium,13,1557.6,34.2,5.7,10,1,1,0.7,1,0,2,63.6,5.0,0
C2110,43,Standard,4,925.53,34.3,-42.3,10,4,1,3.4,0,1,0,78.8,4.2,1
C2111,61,Standard,27,823.23,54.4,-21.1,8,2,0,2.0,1,1,0,62.5,3.2,0
C2112,42,Standard,4,892.94,25.7,-47.5,3,3,0,1.4,14,0,2,83.0,3.6,1
C2113,34,Enterprise,5,3070.93,50.4,58.8,14,2,1,2.3,0,2,0,77.1,2.0,0
C2114,30,Enterprise,1,2970.71,69.3,-14.1,8,2,0,2.3,5,0,0,66.5,4.1,0
C2115,37,Standard,9,958.21,46.8,-21.9,7,4,0,3.6,0,0,1,60.8,2.7,0
C2116,42,Premium,9,1501.75,27.0,-17.5,7,1,0,2.9,5,0,3,65.1,3.5,0
C2117,21,Premium,13,1534.63,31.2,-23.9,3,3,3,3.5,1,0,0,44.9,3.7,1
C2118,27,Basic,22,478.39,60.3,-9.6,11,2,2,13.8,5,0,0,60.1,5.0,0
C2119,20,Basic,42,503.22,34.6,25.9,6,1,1,5.8,0,0,0,45.2,5.0,0
C2120,58,Standard,2,920.84,32.4,-2.6,7,1,1,1.2,1,1,2,73.0,1.8,0
C2121,62,Premium,1,1444.84,50.0,-39.7,7,2,1,2.7,2,0,1,40.4,3.0,1
C2122,35,Enterprise,1,3012.7,34.3,-33.7,9,1,1,0.9,0,0,0,37.8,4.1,0
C2123,64,Premium,2,1364.57,41.9,-0.6,6,0,0,2.6,0,1,0,63.8,3.8,0
C2124,53,Premium,19,1468.92,42.3,-25.8,6,3,1,4.4,0,1,0,76.3,4.9,0
C2125,64,Standard,23,926.19,45.0,-9.8,7,0,0,0.5,2,1,0,64.1,2.9,0
C2126,39,Premium,27,1555.01,55.8,61.1,8,1,1,0.5,0,1,0,86.4,3.6,0
C2127,51,Premium,5,1522.64,40.8,-30.1,4,0,0,0.5,15,0,0,67.3,3.1,0
C2128,64,Standard,6,829.48,27.5,-41.2,2,2,1,1.7,8,0,0,98.0,4.0,0
C2129,25,Standard,11,950.64,45.6,-23.5,6,1,1,5.1,1,0,1,68.9,3.4,0
C2130,57,Premium,1,1442.04,65.5,-50.0,4,0,0,2.1,1,0,2,98.0,4.5,0
C2131,66,Basic,17,529.71,38.8,27.2,7,1,1,3.0,11,0,0,65.3,3.3,0
C2132,61,Premium,72,1443.71,47.8,-34.0,4,1,0,3.1,1,0,0,77.7,3.2,0
C2133,36,Basic,8,460.34,36.7,-29.3,6,0,0,0.5,2,1,1,67.9,5.0,0
C2134,59,Standard,25,851.18,38.9,-38.3,8,2,2,0.7,4,0,2,71.8,5.0,0
C2135,58,Premium,12,1505.95,29.1,-47.3,12,0,0,8.6,1,1,0,53.4,4.8,0
C2136,54,Basic,2,489.22,47.9,-6.4,4,1,0,2.1,9,0,1,74.7,3.2,0
C2137,23,Basic,15,524.45,37.0,-23.8,7,1,0,1.9,3,0,0,42.5,2.9,0
C2138,69,Standard,6,898.07,45.5,-50.1,8,1,0,4.9,3,0,0,63.4,2.0,0
C2139,43,Premium,1,1423.11,39.3,-14.3,5,2,0,0.5,3,1,0,55.1,4.1,0
C2140,51,Basic,18,512.79,41.0,4.1,9,1,0,6.4,0,0,0,57.9,4.4,0
C2141,73,Enterprise,35,2910.89,47.7,-16.0,6,0,0,3.9,6,1,0,82.8,3.0,0
C2142,62,Basic,7,454.81,47.8,10.0,15,0,0,0.5,3,0,1,72.1,4.2,0
C2143,23,Enterprise,8,2980.8,57.1,37.5,8,1,1,0.5,0,0,1,31.1,2.2,0
C2144,54,Enterprise,39,2977.34,59.3,15.4,5,3,3,0.5,7,1,1,80.9,5.0,0
C2145,74,Standard,30,816.63,40.7,0.4,2,2,2,1.2,5,0,0,65.2,2.9,0
C2146,50,Standard,22,967.56,52.7,15.3,9,1,0,1.4,1,0,0,80.8,3.0,0
C2147,70,Standard,5,981.4,34.6,50.7,9,1,0,0.7,1,0,2,67.4,3.1,0
C2148,39,Standard,43,1011.54,40.0,-41.0,8,1,0,1.2,2,0,0,41.7,4.7,0
C2149,38,Basic,3,556.38,44.8,10.8,8,0,0,2.9,0,1,1,90.5,4.5,0
C2150,23,Basic,17,479.23,32.1,-29.9,6,3,2,0.5,6,0,0,79.6,4.0,0
C2151,23,Basic,1,478.37,43.6,1.0,6,0,0,0.8,11,0,0,66.9,5.0,0
C2152,72,Standard,18,875.61,45.6,-38.1,6,3,0,2.9,2,1,0,44.7,4.1,0
C2153,65,Basic,5,598.28,36.9,13.9,9,0,0,4.3,3,0,0,72.3,4.1,0
C2154,21,Standard,10,893.22,52.7,2.0,10,1,0,9.4,6,0,0,70.2,4.4,1
C2155,47,Enterprise,7,3062.46,16.7,32.5,9,2,2,2.5,1,0,0,46.1,3.4,0
C2156,28,Standard,3,958.57,40.5,-11.8,9,3,3,0.5,2,2,0,63.7,2.3,1
C2157,47,Standard,17,908.48,59.9,-12.6,11,0,0,3.1,0,1,0,31.5,3.5,0
C2158,48,Standard,38,826.42,64.3,-12.3,3,2,0,18.8,4,1,0,31.7,2.2,1
C2159,41,Premium,57,1494.3,38.4,56.5,6,0,0,7.5,6,0,0,44.8,4.6,0
C2160,72,Enterprise,3,3006.35,39.5,10.8,6,2,2,5.3,0,0,0,66.0,4.1,0
C2161,26,Premium,22,1562.9,36.6,28.6,6,2,2,4.6,8,0,0,49.4,3.0,0
C2162,72,Enterprise,19,2999.97,31.1,13.1,6,0,0,4.9,1,1,0,83.9,3.5,0
C2163,20,Basic,7,438.57,65.4,17.0,4,1,0,0.5,10,1,0,51.3,4.2,0
C2164,68,Premium,1,1548.4,35.7,-41.9,9,2,0,2.6,9,0,0,58.2,4.3,0
C2165,48,Premium,21,1487.62,44.7,-19.0,9,1,1,4.1,6,0,0,84.7,4.0,0
C2166,57,Basic,52,371.74,56.1,-20.5,5,3,1,0.5,7,0,1,56.8,2.4,0
C2167,54,Enterprise,17,3015.25,56.3,-3.5,7,0,0,8.6,1,1,0,65.3,2.2,0
C2168,53,Basic,10,524.04,48.2,-7.6,5,0,0,0.5,1,0,2,82.7,3.4,0
C2169,41,Standard,13,856.85,54.8,-45.2,2,3,1,0.5,1,0,0,98.0,4.4,0
C2170,48,Basic,4,489.4,48.0,-3.9,8,1,1,0.5,1,0,0,81.1,3.5,0
C2171,23,Standard,24,931.89,58.3,-55.3,8,1,1,1.9,3,1,0,73.1,4.7,0
C2172,19,Premium,24,1515.59,57.0,14.4,4,0,0,2.7,7,0,0,98.0,5.0,0
C2173,37,Standard,2,820.87,27.5,-2.4,7,3,1,0.5,3,2,0,41.6,3.2,1
C2174,45,Standard,37,961.68,54.5,26.1,8,2,0,5.4,4,1,1,98.0,2.4,0
C2175,28,Basic,5,584.32,32.4,0.3,1,1,0,0.8,0,1,1,69.1,4.7,0
C2176,21,Premium,72,1473.49,47.1,-16.6,6,1,1,2.9,11,0,0,72.7,5.0,0
C2177,32,Basic,8,403.51,29.3,-44.4,3,2,1,2.4,3,0,0,44.9,3.8,0
C2178,23,Standard,3,937.56,42.1,-14.9,10,1,1,8.3,5,0,0,42.5,3.2,0
C2179,71,Enterprise,7,2965.35,40.0,-24.7,3,0,0,7.8,26,0,1,56.2,5.0,0
C2180,66,Premium,10,1525.77,41.5,4.3,10,0,0,1.0,7,0,0,64.2,4.2,1
C2181,47,Standard,1,1009.11,44.6,-15.5,4,2,2,2.7,2,0,0,64.7,3.9,1
C2182,73,Premium,15,1421.68,30.6,10.1,11,1,1,14.8,8,0,1,69.4,3.6,0
C2183,55,Premium,16,1459.17,59.0,28.8,9,1,0,1.4,4,1,0,54.9,3.8,0
C2184,68,Premium,24,1489.28,21.4,-40.4,9,0,0,0.5,5,1,2,73.2,3.0,0
C2185,74,Standard,1,963.58,55.3,-5.1,10,2,2,4.4,4,0,1,36.8,5.0,0
C2186,19,Basic,14,676.78,37.0,-6.2,4,0,0,2.4,1,0,0,91.0,3.2,0
C2187,32,Basic,1,511.35,45.1,2.9,9,0,0,9.8,1,1,1,54.5,1.0,0
C2188,28,Basic,21,417.39,55.5,12.2,7,1,0,3.0,3,0,1,68.0,3.7,0
C2189,25,Standard,1,881.72,48.0,34.7,12,2,2,2.5,8,0,0,58.6,4.2,1
C2190,43,Basic,43,460.26,40.3,-32.7,7,1,1,8.6,2,1,0,64.6,5.0,0
C2191,68,Standard,21,935.08,43.1,-44.3,9,2,2,1.7,3,0,0,70.1,3.4,0
C2192,62,Standard,12,917.84,40.3,-0.3,6,0,0,3.2,1,0,1,98.0,2.6,0
C2193,61,Basic,10,446.91,57.5,6.2,7,0,0,6.5,0,1,1,32.8,4.9,0
C2194,22,Premium,2,1457.33,58.0,13.0,8,1,1,3.2,4,0,0,48.7,3.1,0
C2195,23,Standard,6,881.0,34.8,-24.0,4,1,1,1.2,3,0,1,42.7,4.3,0
C2196,43,Basic,36,487.03,54.2,-44.4,5,1,1,2.9,15,2,0,70.5,2.9,0
C2197,71,Premium,42,1496.89,65.1,25.5,4,1,0,2.0,2,0,1,72.0,3.0,0
C2198,21,Basic,1,501.44,49.7,7.8,5,0,0,14.6,3,2,2,90.1,3.4,0
C2199,36,Premium,16,1560.74,37.2,-14.5,3,4,3,0.5,1,0,0,65.9,2.7,0
C2200,37,Premium,22,1479.19,30.5,-58.7,5,2,1,5.1,0,0,0,88.2,2.3,0
C2201,50,Standard,17,871.82,46.2,-21.7,3,0,0,0.5,4,1,0,85.1,3.3,0
C2202,37,Premium,1,1432.06,28.7,12.4,6,2,2,3.2,6,0,0,62.8,3.8,0
C2203,66,Standard,4,887.81,43.0,5.9,6,1,1,2.0,8,0,0,52.6,5.0,0
C2204,29,Standard,5,911.81,38.0,-39.5,8,2,0,8.4,2,0,0,62.5,4.0,0
C2205,64,Basic,32,412.8,43.1,10.5,5,2,1,2.7,4,0,0,53.1,3.9,0
C2206,18,Basic,11,481.88,18.7,-7.2,2,1,0,6.1,1,1,2,66.4,3.9,0
C2207,43,Enterprise,12,3057.01,54.4,26.7,10,2,0,3.9,1,2,1,50.7,4.2,0
C2208,31,Standard,49,931.42,47.5,-22.4,7,1,1,2.1,21,0,0,71.2,3.8,0
C2209,55,Standard,18,917.67,57.0,-20.4,9,2,0,1.4,7,0,0,35.6,4.8,0
C2210,54,Standard,41,930.06,81.5,-2.1,4,2,1,0.5,1,0,0,71.8,4.1,0
C2211,28,Standard,10,870.31,49.0,-15.4,8,0,0,0.5,2,0,0,77.4,3.7,0
C2212,53,Basic,2,463.65,46.1,-26.8,5,0,0,0.5,3,0,1,75.3,3.0,0
C2213,30,Standard,47,962.6,59.1,41.0,6,1,1,0.9,0,1,1,18.1,4.2,0
C2214,60,Premium,11,1540.43,38.8,30.5,7,0,0,2.9,12,1,1,68.9,4.9,0
C2215,20,Basic,3,461.69,44.8,-29.0,6,1,0,13.0,0,0,0,72.6,4.5,0
C2216,50,Basic,6,405.06,44.8,0.5,7,1,1,4.3,6,0,4,98.0,3.4,0
C2217,23,Basic,1,462.72,55.2,-43.3,10,1,1,0.5,14,1,0,68.0,3.8,1
C2218,67,Standard,11,926.18,27.2,37.5,8,0,0,3.6,4,0,2,38.5,5.0,0
C2219,73,Premium,34,1466.09,39.6,14.0,8,1,0,2.3,13,0,1,34.6,4.7,0
C2220,27,Basic,48,515.5,65.5,20.1,5,2,2,3.5,0,0,1,60.9,4.3,0
C2221,22,Basic,48,569.99,41.6,-11.3,3,1,0,3.4,1,1,1,49.6,3.2,0
C2222,40,Basic,2,494.35,63.1,24.4,5,1,0,0.5,2,0,2,79.8,4.2,0
C2223,27,Premium,8,1510.7,56.5,24.4,10,1,0,8.8,6,1,0,94.6,5.0,0
C2224,61,Standard,1,933.25,59.0,-9.1,8,2,1,2.8,4,0,0,21.6,3.9,1
C2225,19,Standard,34,844.9,58.5,-33.7,11,0,0,4.2,5,1,0,59.1,1.4,0
C2226,30,Premium,7,1460.35,41.1,5.9,4,0,0,1.7,0,1,0,88.2,5.0,0
C2227,57,Standard,17,935.31,50.4,-8.2,10,2,0,0.5,7,0,0,80.1,4.7,0
C2228,19,Premium,22,1500.85,28.4,41.3,5,4,2,4.1,6,0,0,50.0,3.1,0
C2229,37,Premium,10,1505.09,50.4,-3.7,3,3,3,10.0,5,1,0,71.8,3.7,0
C2230,18,Basic,6,500.66,77.7,-2.3,8,3,3,3.0,6,1,0,86.7,3.6,1
C2231,54,Basic,58,547.91,54.6,15.2,11,1,1,0.8,0,1,1,65.6,3.4,0
C2232,26,Basic,60,520.79,35.3,-4.9,5,1,1,3.4,0,0,0,76.8,3.7,0
C2233,34,Basic,6,521.44,38.2,12.4,8,1,0,2.0,9,0,0,87.9,4.5,0
C2234,26,Enterprise,11,3060.11,56.8,-18.5,4,0,0,1.8,12,1,0,63.6,5.0,0
C2235,28,Standard,64,979.33,38.4,-33.0,3,2,2,8.6,2,1,1,66.7,3.2,0
C2236,32,Basic,1,611.18,17.5,-27.8,7,0,0,4.7,2,1,2,83.5,4.6,0
C2237,41,Premium,9,1470.05,29.6,-13.4,3,0,0,2.5,5,0,0,77.9,3.1,0
C2238,55,Standard,1,1022.47,46.9,-2.0,8,0,0,1.9,2,1,1,89.5,4.9,0
C2239,72,Basic,12,444.16,56.6,7.5,6,0,0,1.0,1,1,0,81.8,4.1,0
C2240,52,Standard,1,995.76,34.4,6.4,6,1,1,1.5,0,1,0,96.6,3.8,0
C2241,47,Standard,9,867.3,41.7,-4.7,7,1,0,2.7,0,0,2,54.6,3.6,0
C2242,48,Premium,4,1495.55,44.3,-31.8,6,2,1,0.5,3,0,1,71.0,4.8,0
C2243,66,Basic,13,499.93,47.0,12.5,8,1,0,1.5,0,2,0,62.5,2.6,0
C2244,22,Basic,72,455.65,34.2,-42.5,1,0,0,2.4,7,1,1,35.1,4.8,0
C2245,61,Standard,29,903.34,30.2,-34.2,6,0,0,3.3,16,1,1,47.3,3.3,0
C2246,67,Basic,33,458.23,56.6,-3.9,4,1,0,4.8,2,0,0,85.0,4.5,0
C2247,31,Standard,18,837.25,36.7,14.9,4,2,2,0.5,0,1,1,77.0,3.9,1
C2248,70,Standard,1,897.06,35.2,10.7,5,1,0,1.2,3,0,0,82.6,2.8,0
C2249,73,Standard,4,978.49,46.7,-7.5,7,3,1,1.1,3,1,0,61.6,3.5,0
C2250,28,Enterprise,46,2986.3,38.0,6.1,10,1,1,2.6,0,1,1,68.2,3.0,0
C2251,26,Standard,8,946.05,46.9,-31.6,6,3,3,2.2,4,1,1,73.0,2.6,0
C2252,51,Basic,1,456.72,34.6,-19.0,7,1,1,0.5,1,0,0,60.0,4.1,0
C2253,29,Standard,21,834.83,35.1,-18.7,4,0,0,5.0,7,1,0,72.3,2.3,0
C2254,52,Premium,6,1521.69,45.0,-29.4,9,1,0,4.1,3,1,0,27.3,3.1,0
C2255,52,Premium,5,1586.78,32.7,-14.0,11,1,1,6.0,2,0,1,66.2,4.2,0
C2256,18,Basic,72,509.45,46.0,-10.2,3,1,1,0.5,13,0,0,56.8,2.9,0
C2257,57,Enterprise,35,3040.33,32.3,-16.6,6,2,1,2.5,2,0,0,74.4,4.9,0
C2258,39,Standard,9,973.76,49.7,-11.4,5,2,0,3.2,8,1,1,95.9,5.0,0
C2259,46,Basic,70,497.17,30.2,-76.5,8,1,1,0.5,1,0,1,75.4,5.0,0
C2260,25,Basic,18,491.4,43.2,4.6,12,0,0,11.2,2,0,0,76.6,4.2,0
C2261,28,Basic,24,522.6,24.4,-15.1,8,1,0,5.5,0,0,1,98.0,3.7,0
C2262,58,Premium,1,1531.5,37.4,-15.2,4,1,0,1.0,2,0,0,59.3,3.9,0
C2263,54,Basic,2,429.05,41.2,-39.7,8,0,0,3.5,8,1,1,49.6,5.0,0
C2264,31,Basic,18,513.79,31.3,33.8,4,0,0,0.5,7,0,1,40.7,2.6,0
C2265,47,Premium,41,1498.97,46.4,35.0,6,4,2,7.2,14,0,1,92.3,2.2,0
C2266,52,Basic,17,459.52,45.9,-46.7,2,2,0,0.5,5,0,0,85.8,3.6,1
C2267,38,Basic,2,495.51,26.9,-10.9,4,2,2,8.2,1,0,1,39.5,4.0,0
C2268,54,Basic,2,440.73,40.5,18.2,8,0,0,6.2,0,1,0,85.3,4.7,0
C2269,22,Basic,33,423.45,44.1,-14.0,6,0,0,2.3,0,0,1,74.3,4.7,0
C2270,36,Basic,2,502.34,31.9,-20.2,9,1,1,3.7,4,1,0,40.3,5.0,0
C2271,31,Standard,13,944.1,45.2,-21.8,11,0,0,1.0,1,1,0,73.0,3.8,0
C2272,43,Basic,1,481.64,58.3,2.8,12,0,0,1.7,2,0,1,68.7,3.7,0
C2273,21,Basic,1,450.96,39.4,60.4,7,1,0,0.9,7,0,0,65.2,3.9,0
C2274,42,Premium,20,1458.74,45.4,15.7,8,4,0,2.6,5,1,1,40.5,2.8,0
C2275,62,Standard,21,926.45,48.3,-32.7,6,1,0,1.3,0,0,1,98.0,5.0,0
C2276,59,Standard,7,982.37,56.7,-20.7,8,0,0,1.5,0,0,1,44.2,3.5,1
C2277,42,Standard,4,937.52,52.9,-11.7,7,0,0,2.0,6,0,1,48.3,3.5,0
C2278,35,Basic,30,564.04,58.4,-26.5,7,2,0,7.2,12,0,1,41.7,4.0,0
C2279,57,Standard,4,846.62,70.4,-31.1,6,1,1,2.8,0,2,0,89.3,3.1,1
C2280,25,Standard,14,895.3,45.8,13.7,5,1,0,5.8,12,0,1,45.1,3.6,0
C2281,56,Standard,62,949.93,41.3,-17.6,5,2,1,6.6,2,1,1,58.5,4.3,0
C2282,57,Enterprise,2,2929.04,32.8,4.3,5,0,0,1.0,9,0,0,73.5,5.0,0
C2283,31,Basic,50,466.08,38.5,39.6,7,0,0,5.3,5,0,0,26.9,4.0,0
C2284,49,Premium,3,1546.1,42.5,-18.1,6,1,0,3.7,9,1,0,48.5,5.0,0
C2285,68,Basic,15,511.92,46.9,1.9,8,2,1,2.5,4,0,0,51.4,3.6,0
C2286,55,Premium,8,1450.74,49.7,-30.6,7,1,1,0.5,0,1,2,84.7,2.2,0
C2287,50,Standard,60,817.46,38.4,5.4,5,1,1,3.0,0,0,0,62.1,2.5,0
C2288,40,Premium,5,1565.87,32.5,27.5,4,3,1,0.6,3,0,1,57.2,4.2,0
C2289,32,Basic,9,396.33,28.6,26.2,1,1,0,5.9,0,0,0,84.3,3.6,0
C2290,50,Standard,72,930.62,56.4,-3.9,5,1,1,9.5,1,0,2,56.3,4.8,0
C2291,42,Standard,13,872.35,60.8,-18.0,6,2,0,2.3,0,0,0,88.7,4.0,0
C2292,34,Premium,12,1551.35,52.8,0.9,5,1,0,2.0,2,0,0,98.0,3.9,0
C2293,50,Standard,5,846.89,56.1,-3.7,12,0,0,2.3,3,0,0,88.0,2.8,0
C2294,64,Standard,21,1029.74,32.4,6.5,4,1,1,0.5,9,0,2,98.0,1.7,0
C2295,72,Standard,1,919.11,55.2,-20.9,10,4,0,0.9,11,1,2,76.4,3.4,1
C2296,19,Basic,1,527.35,38.8,-15.0,4,1,1,9.9,16,0,1,70.1,2.8,0
C2297,31,Standard,16,860.35,56.5,-10.5,10,1,1,1.5,5,1,1,64.8,2.4,0
C2298,70,Basic,7,492.33,40.2,11.7,6,2,1,3.1,10,1,1,84.2,4.0,0
C2299,57,Enterprise,55,2993.63,33.7,15.0,9,1,0,3.7,6,1,1,42.2,4.5,0
C2300,57,Premium,42,1588.8,29.1,-15.8,6,2,2,7.3,9,0,1,84.8,4.2,0
C2301,68,Enterprise,22,3019.03,81.7,-33.8,6,0,0,1.0,0,0,0,58.1,4.1,0
C2302,56,Basic,30,526.19,49.7,4.1,7,0,0,7.7,13,1,0,77.0,3.1,0
C2303,68,Premium,19,1525.63,38.8,13.3,4,3,1,1.7,1,0,0,68.6,2.6,0
C2304,23,Premium,2,1530.43,66.8,-8.4,7,1,1,8.9,3,0,0,78.0,2.9,0
C2305,23,Standard,26,829.53,51.7,-22.8,9,1,1,1.9,2,1,0,79.7,4.7,0
C2306,20,Standard,4,1001.46,60.0,-16.9,12,2,2,0.5,3,0,0,70.5,3.6,0
C2307,24,Basic,7,455.13,30.1,36.0,4,1,0,0.5,4,0,1,69.4,5.0,0
C2308,68,Premium,30,1497.08,59.2,0.5,7,1,0,12.0,3,1,2,56.8,4.7,0
C2309,25,Standard,13,975.57,41.5,20.3,6,0,0,0.5,4,0,0,66.1,5.0,0
C2310,59,Basic,35,595.73,26.5,-25.1,5,1,0,2.7,3,0,0,51.2,3.8,0
C2311,69,Basic,4,539.3,71.1,25.3,11,4,3,2.6,0,1,0,44.5,4.0,0
C2312,32,Enterprise,16,2973.77,47.3,17.4,7,0,0,1.8,3,0,0,36.1,2.6,0
C2313,64,Premium,1,1505.39,54.4,-7.6,8,1,1,1.9,3,1,0,78.9,3.8,0
C2314,46,Enterprise,18,3007.35,45.5,10.2,10,3,1,2.3,3,0,0,46.5,4.6,0
C2315,50,Standard,25,909.12,44.5,27.3,5,2,1,0.5,0,2,2,75.5,5.0,0
C2316,69,Basic,15,437.5,47.5,-32.7,9,3,2,5.5,2,0,1,66.7,3.3,0
C2317,47,Basic,5,562.01,41.3,-18.1,4,1,1,1.7,8,1,1,43.5,2.8,0
C2318,56,Basic,1,505.73,34.1,8.1,7,2,0,1.0,1,0,1,35.6,4.8,0
C2319,44,Basic,2,462.89,50.7,-4.5,4,1,0,1.3,2,2,0,71.7,3.0,0
C2320,53,Standard,17,874.08,62.5,5.3,10,2,2,3.3,0,1,1,44.9,3.4,0
C2321,46,Basic,49,512.49,61.0,12.2,4,0,0,5.2,2,0,1,69.8,5.0,0
C2322,55,Standard,4,828.85,32.3,7.5,5,1,1,0.6,2,0,1,74.8,3.4,0
C2323,74,Enterprise,23,3042.92,61.6,-11.3,5,1,1,3.1,8,2,0,45.5,4.6,1
C2324,50,Standard,36,910.74,37.7,-9.6,8,1,1,1.9,0,0,1,40.3,5.0,0
C2325,54,Premium,13,1577.28,35.4,33.9,3,1,1,6.9,12,0,2,61.6,3.3,0
C2326,44,Standard,19,902.88,25.5,-2.8,8,0,0,10.4,3,0,0,59.5,3.6,0
C2327,72,Basic,30,444.74,43.3,28.9,8,1,1,4.0,3,0,2,52.0,3.7,0
C2328,50,Standard,5,839.11,43.4,30.6,2,2,0,3.1,8,1,1,28.4,4.0,1
C2329,21,Basic,6,479.46,47.5,-24.5,4,1,1,5.3,0,0,0,83.2,2.9,1
C2330,39,Basic,1,484.75,35.2,13.4,3,1,1,2.4,0,0,0,63.3,3.4,0
C2331,19,Standard,59,870.64,42.9,-32.0,11,1,1,0.5,8,0,1,75.3,1.2,0
C2332,27,Basic,44,505.42,37.8,35.4,6,1,1,4.2,10,1,0,63.9,2.8,0
C2333,22,Basic,26,469.37,47.5,-0.3,6,2,0,3.0,7,0,0,81.0,4.3,0
C2334,27,Standard,1,911.71,58.0,-1.5,7,0,0,0.6,0,0,0,60.4,4.6,0
C2335,50,Enterprise,10,2972.97,58.6,-26.6,6,0,0,0.8,4,1,0,59.1,4.5,1
C2336,71,Premium,1,1530.59,60.5,-20.2,7,4,2,0.9,2,0,0,49.5,5.0,0
C2337,55,Premium,1,1483.5,31.0,0.7,8,1,0,4.6,6,0,0,69.7,4.7,0
C2338,30,Basic,17,561.31,40.2,-2.7,6,1,1,2.6,0,0,0,58.3,3.4,0
C2339,48,Premium,58,1531.61,37.2,-14.6,3,1,0,0.5,10,1,0,55.8,4.5,0
C2340,64,Premium,41,1508.68,27.2,17.0,5,1,1,6.4,1,0,0,34.4,2.7,0
C2341,53,Standard,21,888.62,44.9,-5.1,6,1,0,3.6,1,0,2,57.4,3.0,0
C2342,62,Enterprise,1,2923.05,49.8,-30.3,7,0,0,4.6,0,0,0,72.2,4.0,1
C2343,41,Basic,5,569.68,60.0,13.0,3,0,0,9.7,0,1,2,62.6,2.9,0
C2344,69,Enterprise,6,2964.96,43.4,-34.0,6,1,1,1.1,1,0,1,75.2,2.3,0
C2345,73,Enterprise,25,3003.54,53.8,-53.1,11,0,0,3.1,0,0,2,46.4,4.1,0
C2346,32,Basic,29,516.19,27.2,-2.6,16,0,0,5.0,5,0,1,54.8,4.7,0
C2347,46,Standard,8,889.82,25.5,-30.8,13,1,1,2.5,5,0,0,71.9,4.8,0
C2348,25,Enterprise,9,3066.73,37.3,-0.5,5,0,0,2.3,7,0,0,64.5,5.0,0
C2349,22,Basic,1,437.93,45.5,15.4,10,2,2,9.2,0,0,0,11.0,4.7,0
C2350,46,Standard,6,985.7,39.7,19.6,4,1,0,1.0,1,1,0,54.8,3.3,0
C2351,64,Enterprise,10,3032.58,54.1,7.4,5,2,0,3.7,0,0,1,45.3,3.7,0
C2352,21,Standard,2,886.68,68.6,-38.2,10,5,1,12.3,2,0,1,62.1,3.5,0
C2353,29,Basic,10,487.24,50.9,-23.0,12,0,0,0.9,9,0,2,9.4,3.7,1
C2354,62,Standard,34,788.16,39.6,-4.9,6,1,1,2.2,2,1,0,68.7,4.2,0
C2355,19,Basic,15,456.59,35.9,-4.6,8,1,1,13.0,8,1,0,76.9,3.4,0
C2356,44,Standard,1,881.3,29.7,-28.5,4,1,1,0.5,11,0,2,53.9,3.1,1
C2357,48,Basic,3,507.81,43.3,-16.6,5,1,1,3.5,1,0,1,60.0,3.8,1
C2358,68,Standard,11,961.98,68.5,15.3,4,4,2,1.8,0,0,0,52.1,5.0,0
C2359,68,Standard,8,1000.88,46.4,7.6,6,0,0,5.2,5,0,0,93.5,4.7,0
C2360,53,Premium,7,1512.61,42.9,-12.7,11,0,0,1.4,3,1,1,88.9,2.8,0
C2361,53,Standard,13,909.28,47.4,20.7,14,2,2,1.6,1,0,1,85.7,3.2,0
C2362,43,Standard,15,874.48,50.3,-38.2,4,0,0,2.5,1,0,0,98.0,4.6,0
C2363,60,Standard,28,813.24,21.6,15.6,8,0,0,1.5,0,1,0,88.5,3.9,0
C2364,44,Basic,7,468.71,80.2,12.1,7,0,0,1.1,8,0,1,55.5,3.1,0
C2365,22,Standard,29,888.72,20.7,13.7,7,1,0,1.5,1,0,2,67.0,4.7,0
C2366,37,Basic,7,547.77,41.0,2.4,8,2,1,8.3,0,0,0,74.9,3.6,0
C2367,28,Enterprise,1,3024.98,47.6,-21.3,6,1,1,1.5,6,0,0,70.8,3.9,0
C2368,27,Basic,14,510.08,41.3,9.8,7,1,1,8.0,2,0,0,38.8,3.4,0
C2369,57,Standard,15,869.96,44.9,-15.4,6,1,1,0.8,5,0,0,77.1,2.6,0
C2370,55,Standard,49,799.89,37.1,0.1,11,3,2,3.9,9,0,1,74.4,3.2,0
C2371,23,Standard,23,802.91,38.5,-23.2,5,2,0,4.8,1,1,0,75.5,4.2,0
C2372,25,Basic,44,415.81,42.8,-13.6,7,0,0,0.5,0,1,1,70.9,3.3,0
C2373,40,Standard,43,884.4,52.9,-8.6,5,1,0,2.7,1,0,1,64.8,3.2,0
C2374,64,Standard,16,948.7,45.2,5.0,12,1,1,0.5,0,0,0,76.4,2.7,0
C2375,43,Premium,13,1547.35,57.5,9.2,8,2,2,9.2,0,1,1,28.5,3.9,0
C2376,63,Standard,14,938.69,52.0,37.4,8,0,0,2.6,7,0,1,74.2,3.9,0
C2377,60,Standard,68,873.25,57.8,-1.3,7,1,1,0.5,11,0,1,83.5,3.0,0
C2378,29,Standard,26,956.21,40.2,-28.7,2,2,0,4.0,4,1,0,95.7,3.8,0
C2379,43,Standard,2,852.45,34.2,15.0,10,1,0,7.6,5,1,0,75.0,3.9,0
C2380,30,Standard,27,941.67,33.6,3.4,6,1,0,4.7,5,0,0,48.5,4.0,0
C2381,57,Standard,3,815.27,47.2,-9.8,5,1,1,0.5,0,1,0,55.8,3.9,0
C2382,35,Basic,10,440.14,31.3,-15.0,7,2,2,2.7,0,0,1,73.8,3.2,0
C2383,42,Basic,4,581.63,61.4,-20.5,4,1,0,4.6,4,0,1,72.8,4.0,0
C2384,50,Basic,21,488.81,31.8,-21.3,11,2,0,5.6,0,2,1,46.2,3.8,1
C2385,64,Basic,37,464.95,60.0,-35.5,4,2,2,0.5,6,1,0,67.7,4.0,0
C2386,57,Standard,6,954.14,39.4,19.1,2,2,0,1.2,3,0,0,61.7,4.5,0
C2387,60,Standard,1,959.87,46.0,5.9,8,1,0,7.6,0,2,0,59.9,4.6,1
C2388,29,Basic,6,477.34,63.5,-2.7,4,3,2,1.0,4,1,0,66.6,4.3,0
C2389,61,Enterprise,20,3012.92,36.2,-20.5,8,1,0,2.2,3,0,0,66.0,4.1,0
C2390,53,Basic,7,505.85,42.8,22.2,7,1,1,4.2,1,0,0,93.2,4.9,0
C2391,65,Premium,5,1357.64,46.7,-40.5,2,2,2,14.8,6,0,1,29.4,3.1,1
C2392,21,Standard,3,829.21,43.4,-8.3,4,2,1,1.9,1,1,1,64.3,2.8,0
C2393,22,Standard,12,946.11,29.0,19.6,5,1,1,2.5,1,0,1,65.0,4.9,0
C2394,73,Basic,5,457.37,52.9,-54.8,7,3,3,2.9,4,0,1,32.1,4.8,1
C2395,54,Standard,23,925.49,45.0,-0.6,5,2,0,0.9,5,0,1,77.7,4.6,0
C2396,25,Standard,1,912.15,33.7,-21.5,8,1,1,1.6,1,0,1,80.3,3.5,0
C2397,59,Enterprise,19,3059.77,44.9,-2.0,6,1,1,2.0,0,1,0,36.5,5.0,0
C2398,66,Standard,4,830.81,49.9,-14.4,15,0,0,0.5,0,0,0,79.3,3.1,0
C2399,45,Enterprise,12,3018.71,45.3,9.8,5,1,0,0.5,1,0,2,49.6,3.3,0
C2400,48,Basic,6,495.73,62.4,25.8,9,0,0,0.9,9,0,0,71.5,2.7,0
C2401,26,Premium,23,1459.51,25.8,57.8,6,2,2,2.5,8,2,1,69.0,3.3,0
C2402,71,Standard,52,859.16,35.4,-7.8,4,1,1,10.9,4,0,0,69.3,3.8,0
C2403,68,Premium,44,1510.37,51.3,13.4,9,1,1,12.6,4,0,0,26.6,3.4,0
C2404,46,Basic,15,530.48,39.2,3.6,5,1,1,3.6,3,0,0,34.8,4.3,0
C2405,31,Standard,11,902.18,28.0,5.4,8,0,0,6.1,6,0,0,68.9,4.1,0
C2406,57,Standard,30,903.74,66.1,31.9,8,1,0,8.1,1,1,0,74.5,4.4,0
C2407,58,Premium,20,1474.08,35.0,-22.1,8,1,0,6.4,3,1,1,48.4,4.8,0
C2408,39,Basic,3,477.39,38.6,-14.0,0,2,1,2.7,4,0,0,89.7,4.9,0
C2409,28,Premium,30,1459.38,43.8,-9.4,5,0,0,4.3,2,0,0,53.5,3.9,0
C2410,40,Basic,10,473.07,65.2,-29.6,5,0,0,0.5,5,0,0,58.8,4.0,0
C2411,18,Premium,3,1528.73,44.9,-5.0,5,2,0,3.7,10,0,0,62.1,3.2,0
C2412,63,Premium,5,1534.32,38.3,11.4,8,1,0,1.9,4,0,0,69.3,5.0,0
C2413,54,Premium,5,1435.21,87.7,15.7,4,2,2,3.6,0,0,0,63.2,2.6,0
C2414,38,Standard,13,854.18,49.1,-9.6,7,0,0,4.1,3,1,0,59.6,3.0,0
C2415,43,Standard,4,863.48,46.4,23.6,4,1,1,0.5,4,0,1,63.2,3.4,0
C2416,63,Enterprise,2,2995.8,28.8,-56.8,6,2,1,7.3,1,0,0,69.2,1.6,1
C2417,53,Basic,2,414.84,49.8,53.1,7,1,0,0.7,1,2,0,69.4,3.6,0
C2418,71,Standard,15,855.05,56.6,9.2,9,1,0,0.5,3,0,0,70.0,3.8,0
C2419,40,Standard,23,829.72,29.8,-15.8,11,2,1,2.0,4,0,0,64.9,3.1,0
C2420,74,Premium,6,1519.02,64.0,6.6,4,0,0,0.5,8,2,0,77.4,3.9,0
C2421,18,Basic,1,497.52,81.6,-8.8,6,0,0,10.9,5,0,0,68.0,2.5,0
C2422,71,Standard,2,875.87,66.3,-57.2,10,0,0,1.2,0,1,0,70.2,2.9,0
C2423,72,Premium,44,1445.84,36.3,-3.8,4,1,1,0.9,1,1,1,72.2,4.3,0
C2424,68,Basic,12,476.65,64.8,17.8,7,1,1,1.1,0,0,0,76.3,4.2,0
C2425,57,Enterprise,10,2970.77,53.6,19.1,6,3,1,1.2,5,0,0,79.9,4.0,0
C2426,32,Basic,1,580.73,41.6,1.3,6,1,0,0.5,1,0,1,63.6,4.4,0
C2427,38,Standard,23,948.85,60.8,18.9,9,0,0,2.7,0,0,0,74.8,3.8,0
C2428,64,Basic,13,464.46,50.6,5.9,5,1,0,0.5,0,0,0,85.8,4.3,0
C2429,26,Basic,4,507.26,45.2,0.6,8,0,0,4.8,0,1,2,48.6,3.4,0
C2430,70,Enterprise,2,3046.21,39.3,-22.2,7,0,0,5.1,1,0,0,64.3,2.8,1
C2431,26,Standard,8,864.45,36.8,-13.7,12,1,0,1.8,6,0,0,59.0,3.9,0
C2432,27,Standard,32,828.14,47.4,-11.4,8,0,0,12.4,1,0,0,87.7,4.7,0
C2433,69,Basic,36,409.16,40.9,2.1,8,2,1,5.3,1,0,0,42.5,3.7,0
C2434,74,Standard,16,962.61,50.6,15.1,11,1,1,0.5,8,0,1,53.2,3.2,0
C2435,70,Standard,23,889.45,60.9,-20.4,5,0,0,13.7,2,0,0,87.8,4.2,0
C2436,43,Standard,2,913.57,43.9,-39.8,7,1,0,6.5,2,1,1,67.9,2.4,0
C2437,58,Basic,15,470.29,38.5,31.0,6,1,1,4.3,0,0,1,73.0,4.3,0
C2438,52,Premium,19,1435.61,50.8,-29.2,5,0,0,3.7,0,1,0,61.0,2.7,0
C2439,69,Standard,4,844.93,40.3,7.3,13,0,0,3.2,5,2,2,72.0,4.1,0
C2440,42,Standard,38,831.95,51.7,1.3,6,1,0,16.2,1,0,0,63.5,4.9,0
C2441,43,Basic,3,541.5,31.6,-13.6,14,1,0,2.3,0,0,1,45.5,2.9,1
C2442,28,Premium,6,1573.63,54.9,10.2,5,2,2,0.6,2,0,0,91.0,5.0,0
C2443,55,Standard,17,900.86,53.5,-35.2,9,1,0,1.2,0,0,0,65.8,4.7,0
C2444,19,Standard,18,823.11,44.3,35.8,7,1,0,1.6,4,1,0,69.3,4.4,0
C2445,24,Basic,21,523.83,47.9,60.9,11,1,1,1.3,0,0,0,60.1,3.4,0
C2446,35,Enterprise,2,3062.25,53.4,25.8,6,0,0,0.5,0,0,0,92.6,4.7,0
C2447,44,Basic,34,547.58,65.2,-25.3,8,0,0,0.5,2,0,1,75.2,3.9,0
C2448,51,Premium,13,1497.54,34.2,-63.1,4,2,0,0.5,3,0,0,60.6,4.0,0
C2449,44,Standard,11,887.28,49.3,6.9,4,3,1,4.0,5,0,0,69.7,5.0,0
C2450,34,Basic,71,497.14,30.2,-37.3,11,3,1,3.8,0,0,1,48.8,4.1,1
C2451,60,Premium,24,1560.26,33.8,-15.3,2,2,2,0.5,1,2,0,63.5,4.0,0
C2452,61,Basic,2,537.02,61.5,33.1,8,0,0,1.3,1,3,1,56.3,3.8,0
C2453,68,Premium,25,1479.71,31.8,35.6,9,0,0,1.2,5,0,0,39.8,3.2,0
C2454,71,Enterprise,1,2978.45,51.1,38.3,8,2,1,2.1,1,0,0,67.3,4.2,1
C2455,41,Premium,1,1474.92,38.5,-2.5,6,0,0,1.6,3,1,0,58.2,3.6,0
C2456,42,Basic,9,445.77,30.7,17.4,6,0,0,6.0,2,0,0,91.7,5.0,0
C2457,24,Premium,72,1566.59,33.7,-54.8,11,1,0,7.5,3,1,3,38.4,4.9,0
C2458,69,Standard,3,859.61,35.8,-42.5,6,0,0,0.8,1,1,0,57.3,3.5,1
C2459,23,Premium,20,1523.51,57.8,-12.2,4,1,1,0.5,1,0,1,69.9,3.7,0
C2460,70,Standard,3,865.93,35.8,16.0,3,1,1,6.4,0,0,1,81.3,2.8,0
C2461,41,Premium,23,1475.14,38.6,-15.7,0,2,0,2.4,0,0,1,57.0,1.8,1
C2462,50,Standard,12,893.31,40.5,15.1,8,0,0,1.4,0,0,2,98.0,4.2,0
C2463,66,Standard,20,926.26,40.3,-33.8,13,1,1,0.5,10,0,0,58.1,3.3,0
C2464,46,Basic,4,486.04,59.7,-2.4,4,2,0,3.3,11,2,0,46.9,4.4,1
C2465,60,Premium,24,1442.04,27.2,8.7,10,1,1,0.8,1,0,0,62.8,3.0,0
C2466,39,Standard,72,899.95,57.3,13.9,9,1,1,0.5,0,0,1,97.7,3.6,0
C2467,43,Standard,19,860.67,43.9,-16.3,3,2,1,2.1,1,0,1,83.6,3.7,0
C2468,45,Premium,12,1576.19,52.6,-4.3,13,2,2,3.2,6,0,3,96.1,3.7,0
C2469,67,Standard,46,886.0,34.6,-43.5,8,1,1,0.7,8,0,2,90.6,2.1,0
C2470,38,Basic,1,465.6,36.9,-7.6,5,1,1,3.7,2,0,0,98.0,4.5,0
C2471,66,Standard,23,997.74,43.6,22.0,6,0,0,0.7,3,0,1,65.4,3.7,0
C2472,24,Standard,39,935.94,35.5,-11.6,6,2,2,0.5,2,0,1,98.0,2.7,0
C2473,34,Standard,1,854.16,33.4,-23.7,3,6,1,0.6,0,1,0,72.8,4.9,0
C2474,37,Basic,10,459.45,27.7,14.5,3,0,0,3.1,0,1,0,77.2,4.9,0
C2475,58,Basic,4,522.71,36.7,52.1,7,2,2,3.5,3,0,1,91.0,4.0,0
C2476,66,Basic,15,501.17,42.1,49.3,5,2,1,7.0,6,0,1,98.0,3.7,0
C2477,37,Premium,18,1543.51,41.8,1.5,4,0,0,0.5,5,1,1,95.6,3.5,0
C2478,71,Basic,6,465.87,44.7,14.3,4,2,0,10.7,9,0,0,42.0,2.9,0
C2479,39,Standard,11,934.06,48.7,36.0,6,2,1,2.6,6,1,0,65.7,3.7,1
C2480,45,Enterprise,5,2887.09,27.0,1.0,2,2,0,1.0,1,0,0,65.3,2.0,0
C2481,57,Basic,8,491.28,49.1,6.5,3,1,1,1.6,0,0,2,46.7,4.8,1
C2482,66,Standard,3,868.14,41.6,-13.1,10,1,0,0.5,2,0,1,44.4,3.1,0
C2483,24,Premium,39,1476.25,53.6,54.2,6,0,0,0.5,1,0,0,55.6,2.4,0
C2484,18,Enterprise,1,2993.86,31.9,13.0,3,1,0,7.5,5,0,0,78.1,2.7,0
C2485,49,Premium,38,1555.93,54.9,-11.7,7,2,0,0.5,0,2,0,80.1,3.7,0
C2486,30,Premium,15,1441.3,67.0,-19.4,7,1,1,0.5,11,0,0,59.4,4.1,0
C2487,47,Premium,7,1389.6,49.3,-51.4,5,0,0,3.2,12,0,1,30.7,3.4,0
C2488,40,Standard,23,847.1,28.5,-44.5,10,1,1,1.7,0,1,1,68.0,3.2,0
C2489,68,Premium,12,1550.12,35.9,-23.2,6,1,0,1.8,2,2,0,94.1,2.9,0
C2490,73,Basic,12,416.75,35.3,18.2,5,1,0,0.5,9,1,1,52.5,4.6,0
C2491,36,Enterprise,2,2970.4,41.6,3.2,13,1,1,0.5,0,0,0,93.7,4.3,0
C2492,49,Standard,8,940.98,53.6,-36.4,6,0,0,7.0,4,0,0,64.2,4.0,0
C2493,47,Standard,4,896.08,33.0,-28.2,5,0,0,1.7,4,0,1,83.8,2.7,0
C2494,46,Basic,1,555.44,61.7,2.0,8,2,1,0.5,1,1,0,86.0,3.4,0
C2495,66,Premium,8,1397.26,51.1,36.8,8,0,0,0.8,0,0,0,55.4,3.4,0
C2496,62,Basic,1,482.92,48.1,-32.5,9,2,1,0.5,4,0,0,63.3,5.0,0
C2497,46,Premium,5,1565.86,32.0,6.5,6,1,0,2.3,3,0,0,76.2,3.9,0
C2498,47,Premium,1,1442.66,68.8,-16.1,8,1,0,5.7,4,0,1,65.1,3.3,0
C2499,33,Basic,1,550.74,69.0,-15.4,7,1,1,1.8,0,1,2,42.3,5.0,0
C2500,57,Premium,3,1487.22,36.3,-34.3,5,2,2,3.4,3,0,0,67.4,4.5,1
C2501,36,Premium,72,1520.71,35.0,10.7,5,0,0,3.9,3,0,2,74.7,4.5,0
C2502,35,Standard,1,962.23,39.7,-17.2,7,2,2,4.4,2,1,1,58.1,5.0,0
C2503,18,Standard,18,920.49,46.6,-13.8,11,1,0,3.3,6,1,1,42.2,4.7,1
C2504,31,Basic,2,469.44,28.1,19.6,9,0,0,2.8,1,0,0,97.4,3.4,0
C2505,68,Basic,45,527.1,32.5,20.9,6,0,0,2.3,1,0,1,74.9,3.6,0
C2506,64,Basic,1,465.91,48.1,-23.2,5,1,1,2.2,3,0,1,85.9,4.1,1
C2507,67,Enterprise,55,3012.67,55.5,2.4,6,4,3,1.4,11,0,1,68.6,3.9,0
C2508,19,Basic,16,436.41,49.5,17.7,5,0,0,2.5,1,0,0,66.2,2.2,0
C2509,71,Premium,1,1500.45,54.1,-9.6,7,0,0,2.3,2,0,0,87.2,2.5,0
C2510,45,Basic,40,558.46,55.4,11.8,10,2,2,1.3,1,0,0,63.1,3.8,0
C2511,66,Standard,13,884.06,56.3,-13.0,1,3,3,1.3,4,0,1,60.3,2.2,0
C2512,67,Premium,5,1553.68,48.6,-13.7,6,1,1,2.1,1,1,0,83.6,2.6,0
C2513,47,Premium,26,1653.67,38.2,-28.3,4,3,0,5.7,4,0,0,89.2,3.4,0
C2514,55,Basic,47,497.55,24.9,37.8,8,0,0,1.0,0,0,0,56.2,3.9,0
C2515,68,Standard,11,929.71,59.4,-17.1,3,1,1,6.5,1,0,0,80.3,4.4,0
C2516,21,Standard,6,922.84,45.9,-25.0,7,2,2,4.5,0,0,2,41.5,4.6,1
C2517,18,Basic,28,510.26,45.8,-31.1,7,1,0,1.1,6,0,0,62.8,4.1,0
C2518,25,Basic,20,538.39,56.1,-2.9,5,2,1,0.5,0,2,0,74.4,4.7,0
C2519,46,Standard,39,886.6,29.9,-30.4,8,2,2,0.5,1,0,0,54.5,3.1,0
C2520,72,Standard,21,865.87,46.6,-22.8,5,1,0,7.5,2,0,2,75.4,2.9,0
C2521,56,Premium,5,1422.68,37.8,15.0,8,1,1,5.8,0,0,0,72.7,3.6,0
C2522,20,Standard,48,881.86,45.0,6.2,5,1,1,1.7,0,0,1,75.2,4.4,0
C2523,49,Standard,1,944.07,65.4,-38.6,5,2,0,0.5,4,1,1,82.0,4.5,0
C2524,27,Standard,5,852.01,39.7,13.1,10,0,0,5.8,3,2,0,62.8,4.9,0
C2525,27,Premium,13,1511.33,47.3,-4.2,7,2,0,1.0,0,1,0,48.3,4.3,0
C2526,36,Premium,15,1492.84,45.2,23.4,8,3,0,10.7,0,0,0,55.1,5.0,0
C2527,63,Standard,1,867.96,54.3,30.4,7,1,0,2.6,0,0,0,58.0,4.5,0
C2528,51,Premium,27,1406.35,50.4,-45.2,8,0,0,4.4,9,0,0,98.0,3.7,0
C2529,50,Basic,8,567.14,34.0,14.1,4,0,0,2.2,4,1,0,39.7,4.7,0
C2530,40,Standard,9,924.86,62.9,35.9,4,0,0,0.5,6,0,2,49.6,5.0,0
C2531,72,Basic,29,632.26,45.2,0.2,1,5,0,0.5,5,0,0,49.8,2.5,0
C2532,45,Standard,8,952.97,34.0,12.2,8,2,2,13.1,16,0,2,93.3,3.4,0
C2533,49,Premium,1,1566.03,31.3,0.6,7,1,1,1.9,11,0,1,69.6,2.9,0
C2534,67,Premium,3,1411.53,52.1,19.5,4,1,1,0.7,0,0,0,45.2,3.7,0
C2535,24,Basic,56,410.66,58.9,4.6,6,1,1,4.5,0,0,4,66.6,3.3,0
C2536,46,Standard,1,901.12,55.3,-55.6,10,0,0,7.5,2,0,2,59.3,4.3,0
C2537,25,Standard,7,841.59,41.8,-8.0,10,1,0,1.1,1,0,1,57.9,4.9,0
C2538,18,Basic,12,464.94,42.6,-9.6,2,0,0,3.0,2,1,0,76.0,4.9,0
C2539,74,Basic,12,625.31,51.1,12.8,7,2,0,1.0,0,0,0,57.1,4.6,0
C2540,72,Basic,1,558.49,33.9,24.4,6,0,0,6.1,9,0,0,75.9,4.1,0
C2541,20,Basic,12,452.22,58.9,-10.7,5,3,3,0.5,5,0,0,76.7,3.0,0
C2542,41,Basic,8,380.69,52.8,-35.6,8,0,0,1.6,3,1,0,48.8,4.9,1
C2543,40,Basic,64,448.0,36.9,2.7,10,2,2,1.7,2,0,0,55.8,5.0,0
C2544,25,Basic,3,471.14,44.7,-24.4,5,1,0,3.5,2,0,0,64.1,1.0,0
C2545,71,Premium,7,1482.94,43.4,-20.2,11,3,2,0.7,3,0,1,98.0,5.0,0
C2546,74,Standard,9,835.05,38.6,54.6,4,0,0,2.3,3,0,0,64.1,2.4,0
C2547,64,Enterprise,8,3055.49,57.7,-21.9,6,1,1,2.8,2,0,1,70.6,3.0,0
C2548,54,Standard,19,863.43,26.0,-44.1,8,3,3,7.8,4,1,0,61.2,4.4,0
C2549,20,Premium,4,1531.43,54.1,10.1,8,2,1,2.6,5,1,0,53.7,2.8,1
C2550,68,Premium,4,1501.69,57.3,12.7,14,2,2,0.5,4,0,0,52.1,3.8,0
C2551,50,Standard,23,945.92,44.7,17.0,6,1,1,0.5,1,1,0,69.6,2.8,0
C2552,45,Standard,12,887.1,22.1,16.0,7,2,0,9.0,2,1,2,75.2,4.4,0
C2553,64,Premium,9,1452.75,31.6,-1.4,6,0,0,13.6,0,1,0,28.4,3.6,0
C2554,25,Basic,3,469.07,36.9,-1.1,7,1,1,0.6,2,0,0,71.2,3.4,0
C2555,51,Basic,3,469.78,46.2,18.5,6,1,1,4.9,6,0,0,73.5,4.5,0
C2556,52,Standard,1,1002.23,56.3,35.2,8,2,1,1.0,0,0,0,90.8,3.4,0
C2557,49,Standard,1,902.83,33.0,-36.5,9,2,0,6.3,0,0,1,83.4,4.7,0
C2558,41,Basic,14,499.23,45.8,-20.2,11,1,0,0.5,7,0,1,56.1,3.2,0
C2559,31,Enterprise,40,3043.1,27.8,10.7,12,0,0,2.0,3,0,0,46.9,3.0,0
C2560,49,Standard,6,899.0,60.4,1.4,3,3,2,3.2,4,0,1,54.4,3.9,0
C2561,73,Standard,7,955.08,32.3,-49.8,7,1,0,6.7,1,0,1,72.8,4.2,0
C2562,63,Enterprise,2,2980.4,43.6,-19.3,7,0,0,6.8,2,0,0,58.9,3.7,0
C2563,60,Standard,8,875.32,45.6,2.6,10,1,0,0.7,5,0,3,74.2,3.3,1
C2564,33,Enterprise,1,2949.99,45.6,-4.7,8,2,0,12.0,8,0,0,97.8,2.9,0
C2565,21,Standard,44,991.5,32.2,-14.0,11,0,0,3.6,14,1,0,82.5,4.0,0
C2566,69,Basic,20,495.51,40.2,53.6,13,1,1,3.8,7,0,0,71.8,3.9,0
C2567,54,Premium,72,1440.3,32.7,-5.6,8,0,0,7.7,0,0,0,64.7,3.6,0
C2568,71,Standard,38,908.84,44.9,0.8,11,3,0,1.4,1,0,1,62.8,5.0,0
C2569,38,Premium,11,1466.5,36.0,-1.7,6,3,1,1.9,5,1,0,79.7,3.2,0
C2570,31,Enterprise,13,2979.52,42.9,0.3,7,1,1,14.7,2,1,1,65.2,5.0,0
C2571,48,Premium,3,1514.54,47.7,-4.1,8,2,1,0.5,2,1,0,74.6,3.5,0
C2572,72,Standard,11,975.05,42.0,-57.1,4,1,1,7.1,6,0,0,52.1,4.8,0
C2573,65,Premium,41,1504.08,40.4,-29.8,10,2,0,6.5,7,0,0,65.6,4.1,0
C2574,35,Standard,1,863.45,36.4,-12.9,6,3,0,1.1,6,0,1,66.0,4.9,0
C2575,24,Standard,35,873.75,42.3,15.3,6,0,0,6.0,1,0,0,73.5,5.0,0
C2576,27,Premium,7,1531.82,33.8,-12.5,9,1,1,1.4,1,0,0,41.5,4.1,0
C2577,24,Basic,41,401.08,49.4,-25.8,7,2,2,3.5,1,0,1,74.9,3.1,0
C2578,50,Premium,50,1446.87,45.7,18.6,3,0,0,2.1,4,1,0,66.5,2.4,0
C2579,40,Premium,20,1509.63,43.8,28.8,6,3,2,0.5,1,0,1,36.3,3.4,1
C2580,38,Premium,19,1413.67,66.6,-43.3,3,0,0,7.9,0,2,1,85.5,4.9,0
C2581,36,Standard,10,883.37,62.1,-2.6,7,1,0,2.8,6,0,1,45.3,5.0,0
C2582,65,Premium,32,1475.09,30.9,-71.8,4,2,0,2.3,0,0,1,59.4,4.9,0
C2583,36,Standard,58,942.87,49.4,-12.8,7,4,1,7.4,22,1,0,29.1,3.7,1
C2584,53,Premium,26,1486.49,41.8,42.1,8,0,0,1.4,7,1,0,77.6,4.8,0
C2585,46,Basic,17,558.33,46.8,-2.7,3,0,0,3.0,12,1,0,68.0,4.3,0
C2586,35,Basic,16,502.94,38.2,-39.5,8,0,0,7.5,7,0,0,90.8,3.1,0
C2587,19,Basic,34,587.82,42.2,-38.9,7,0,0,1.5,0,1,1,60.5,3.4,0
C2588,18,Standard,14,829.63,37.8,-28.3,6,1,1,5.5,2,0,0,74.3,5.0,0
C2589,64,Standard,29,979.86,31.0,-21.8,7,3,3,2.5,9,0,0,78.4,2.5,0
C2590,22,Premium,12,1478.44,63.2,-52.3,7,2,0,0.6,0,1,1,69.1,4.7,0
C2591,37,Standard,1,972.7,25.3,3.2,1,1,1,0.5,1,0,0,57.6,2.9,0
C2592,28,Standard,8,958.26,29.4,8.6,7,1,0,4.5,2,0,0,48.5,3.9,0
C2593,59,Basic,10,356.4,32.0,-13.8,5,4,0,1.1,2,0,1,49.5,5.0,0
C2594,19,Standard,2,922.96,58.4,46.1,8,0,0,5.9,11,0,3,77.2,4.2,0
C2595,20,Standard,1,948.88,43.2,-15.7,7,0,0,0.7,2,0,1,52.1,3.8,0
C2596,40,Basic,13,565.43,32.8,25.1,11,1,1,2.9,1,1,0,53.0,3.6,0
C2597,72,Basic,1,440.17,40.7,-39.7,7,2,2,0.5,2,0,0,50.2,5.0,0
C2598,29,Basic,6,528.52,56.1,2.5,6,1,1,4.7,2,2,0,63.5,4.5,0
C2599,37,Basic,24,508.75,62.1,6.3,11,1,0,5.1,3,1,0,71.0,4.9,0
C2600,22,Standard,60,920.57,43.1,-22.8,5,1,1,8.7,20,0,0,75.1,4.7,0
C2601,54,Basic,22,548.95,41.5,-0.8,5,1,1,2.9,3,0,0,49.6,4.6,0
C2602,55,Premium,72,1556.84,39.5,-23.0,5,2,0,0.5,2,0,0,65.5,4.1,0
C2603,47,Premium,21,1466.21,31.4,-12.8,7,2,0,6.2,3,2,0,21.9,3.2,1
C2604,26,Standard,6,912.27,46.6,-12.1,9,0,0,1.3,15,0,0,68.7,4.2,0
C2605,51,Enterprise,20,3001.06,34.6,-40.1,7,1,0,8.0,3,1,0,55.5,3.6,0
C2606,70,Standard,21,887.03,36.6,8.1,11,1,0,13.3,0,0,0,27.5,2.3,0
C2607,61,Standard,8,891.81,53.4,9.8,3,1,1,0.5,9,0,1,44.6,5.0,0
C2608,52,Enterprise,1,3008.8,55.7,-14.3,9,1,1,0.5,3,1,0,63.6,2.9,1
C2609,69,Basic,21,468.9,25.8,1.1,6,0,0,8.0,0,0,0,53.7,3.5,0
C2610,39,Enterprise,1,3043.15,51.8,-28.0,3,1,1,8.0,1,0,1,65.8,3.0,0
C2611,61,Basic,17,562.47,45.8,-36.3,8,2,2,3.1,0,1,0,67.4,3.1,0
C2612,41,Standard,3,857.97,55.8,-15.0,8,0,0,7.7,12,0,1,70.0,2.9,0
C2613,34,Basic,15,564.92,43.4,12.3,9,0,0,9.3,0,0,0,63.6,3.4,0
C2614,27,Premium,12,1458.07,41.1,-6.9,9,0,0,2.8,5,1,2,43.9,4.0,1
C2615,47,Standard,1,943.89,46.2,-16.0,2,0,0,4.1,1,0,0,77.5,4.1,0
C2616,73,Premium,8,1564.82,30.7,3.4,8,1,1,3.3,0,0,1,66.1,4.5,0
C2617,63,Standard,16,894.27,52.2,-27.9,4,6,0,0.7,2,0,0,39.3,3.4,1
C2618,40,Standard,33,858.48,39.9,-35.7,4,2,2,2.0,0,0,0,51.1,1.5,0
C2619,49,Basic,39,469.57,36.7,-13.8,3,1,1,4.0,6,1,0,81.2,4.8,0
C2620,34,Basic,11,517.09,34.0,-26.3,6,1,0,3.3,3,0,2,40.0,4.6,0
C2621,67,Enterprise,23,3097.23,49.2,-34.7,6,1,0,0.8,2,0,0,84.9,3.2,0
C2622,68,Standard,6,814.36,57.2,17.6,6,2,0,8.4,7,0,0,98.0,4.5,0
C2623,34,Premium,7,1504.01,49.8,50.1,8,1,0,5.4,2,0,1,54.2,4.0,0
C2624,31,Premium,3,1494.6,43.6,-43.9,7,1,0,0.5,3,1,1,50.8,4.0,1
C2625,26,Standard,14,876.17,44.3,-15.4,4,1,0,1.5,6,1,0,77.8,4.1,0
C2626,57,Standard,6,894.96,40.6,-0.6,4,1,1,18.9,5,0,1,57.6,2.9,1
C2627,19,Basic,1,471.89,56.9,-48.0,9,0,0,1.7,4,0,0,55.7,3.2,0
C2628,62,Basic,20,561.16,41.8,-10.6,12,2,2,3.8,4,0,1,75.0,4.2,0
C2629,42,Basic,22,566.12,55.4,-8.8,7,0,0,0.5,1,0,1,53.7,3.7,0
C2630,56,Standard,8,903.41,37.4,7.0,7,1,1,1.3,0,0,1,59.7,3.8,0
C2631,26,Standard,1,891.94,66.2,-24.3,4,3,2,7.5,3,0,0,58.2,4.7,0
C2632,71,Standard,10,874.35,42.5,-19.1,10,0,0,2.5,1,1,0,64.5,1.4,1
C2633,39,Standard,10,903.51,49.4,19.3,3,3,1,6.1,0,0,0,38.1,4.9,0
C2634,60,Standard,19,991.39,26.9,5.5,7,0,0,0.5,1,0,1,57.3,3.9,0
C2635,63,Standard,6,893.81,53.7,13.2,9,2,2,3.8,5,0,0,48.7,3.8,0
C2636,21,Premium,20,1457.03,32.2,-48.9,7,1,1,1.2,4,1,1,47.1,4.1,0
C2637,43,Basic,36,479.11,62.3,-21.7,12,3,1,6.9,9,0,0,92.0,3.4,0
C2638,46,Basic,4,536.67,44.0,32.9,9,0,0,10.1,4,0,0,98.0,2.8,0
C2639,62,Premium,69,1463.11,32.6,-7.1,6,0,0,4.1,2,1,1,47.1,4.4,0
C2640,51,Standard,8,897.31,41.9,-8.1,6,2,1,0.6,1,0,1,72.9,5.0,0
C2641,40,Standard,5,922.64,49.2,-7.1,1,1,0,2.2,5,0,0,54.9,4.8,0
C2642,54,Basic,9,466.91,54.1,34.2,7,1,0,2.2,2,0,0,76.3,4.8,0
C2643,28,Standard,1,810.78,52.0,-23.7,10,1,0,6.2,6,0,0,31.2,2.4,0
C2644,23,Basic,2,445.43,53.0,11.8,9,1,1,2.2,7,0,0,53.3,4.5,0
C2645,35,Basic,9,456.06,36.5,1.6,6,0,0,1.4,1,1,0,62.5,3.4,0
C2646,38,Standard,25,887.56,32.7,-39.2,5,0,0,3.3,1,1,4,29.9,3.3,0
C2647,59,Standard,41,901.21,38.7,-12.5,8,1,1,3.6,9,1,0,70.1,3.8,0
C2648,53,Premium,19,1540.19,30.1,-25.8,2,0,0,5.8,2,0,1,36.7,5.0,0
C2649,58,Premium,2,1437.64,28.0,-36.8,12,0,0,8.1,4,2,0,79.0,3.0,0
C2650,55,Standard,20,932.91,37.3,24.9,5,0,0,7.7,1,0,1,51.2,3.5,0
C2651,51,Premium,18,1480.45,63.6,-35.5,5,3,0,3.4,5,2,1,55.0,2.5,1
C2652,34,Basic,29,409.72,60.2,13.7,10,1,1,2.6,0,1,0,64.3,2.2,0
C2653,54,Standard,31,899.68,30.4,-26.5,6,0,0,5.7,7,0,0,59.4,3.5,0
C2654,42,Premium,36,1564.81,39.0,28.9,7,2,1,1.3,16,1,0,70.0,4.8,0
C2655,55,Standard,9,943.16,51.4,-15.5,9,3,3,5.0,5,0,2,97.7,4.9,0
C2656,29,Standard,21,895.19,42.9,3.4,10,3,1,2.5,1,1,1,85.6,4.0,0
C2657,40,Basic,5,555.29,47.6,-19.2,6,0,0,0.5,3,0,1,38.8,3.8,0
C2658,70,Standard,72,908.61,24.4,-59.2,8,1,1,4.9,4,0,0,50.5,3.2,0
C2659,59,Premium,3,1548.06,51.8,-46.7,8,2,0,3.7,0,0,0,59.7,2.3,0
C2660,39,Premium,1,1415.92,50.3,-52.5,9,2,1,0.5,1,0,0,39.8,2.5,1
C2661,38,Premium,2,1436.52,24.7,1.3,10,3,3,2.1,6,0,0,67.6,5.0,0
C2662,44,Premium,26,1535.45,33.8,-5.7,8,1,0,2.3,11,1,0,90.7,2.6,0
C2663,74,Standard,10,975.96,33.3,9.9,8,0,0,3.7,1,0,0,58.8,2.2,0
C2664,48,Standard,10,919.86,30.3,-22.0,14,1,0,4.0,0,0,1,69.5,3.1,0
C2665,23,Basic,55,474.13,27.0,-59.3,10,1,0,0.7,15,2,0,47.7,2.0,1
C2666,44,Standard,45,856.47,31.3,27.5,8,1,0,0.5,1,1,1,66.5,4.7,0
C2667,57,Standard,6,883.23,37.9,19.7,10,0,0,5.5,6,0,0,61.1,3.7,0
C2668,51,Enterprise,4,3059.68,44.4,4.3,5,3,0,14.0,1,0,2,60.2,3.4,0
C2669,29,Standard,33,881.87,39.8,22.8,5,4,0,9.9,11,0,1,53.9,4.1,1
C2670,62,Standard,42,951.39,59.1,-7.5,5,0,0,2.4,3,0,4,83.3,4.5,0
C2671,74,Standard,14,931.63,29.8,1.6,7,3,2,2.6,2,0,1,75.0,3.8,0
C2672,70,Standard,17,984.7,24.8,-22.6,5,0,0,9.3,0,0,0,76.6,3.8,0
C2673,24,Premium,5,1509.01,39.7,-31.8,3,0,0,2.7,1,0,0,60.6,2.6,0
C2674,27,Basic,29,496.52,25.3,-44.4,4,0,0,1.1,7,0,1,63.6,3.2,0
C2675,62,Standard,18,953.88,34.4,-23.8,15,2,0,4.0,0,0,1,51.8,4.4,0
C2676,34,Premium,12,1452.24,44.8,61.5,7,0,0,2.3,0,0,1,54.9,3.8,0
C2677,43,Standard,1,876.8,47.0,-43.0,6,1,0,5.4,0,0,0,57.1,4.9,0
C2678,38,Basic,44,415.0,34.9,-28.4,6,2,0,5.4,0,3,0,53.2,4.6,1
C2679,45,Standard,17,836.28,48.8,-2.2,8,2,0,9.6,4,1,1,58.0,2.0,0
C2680,63,Premium,3,1595.17,29.1,54.9,4,3,3,0.5,15,0,0,94.7,4.2,0
C2681,19,Basic,16,533.62,45.9,-31.2,6,2,1,2.6,0,0,1,74.9,3.8,0
C2682,71,Premium,20,1430.46,26.8,-20.7,7,1,1,5.4,6,1,0,68.8,2.1,1
C2683,60,Premium,13,1558.74,82.1,11.8,7,1,0,2.0,0,1,0,47.5,1.9,0
C2684,18,Standard,22,863.82,55.2,10.4,3,1,1,3.5,14,0,2,46.9,3.1,0
C2685,68,Enterprise,15,3031.05,34.0,-22.4,5,1,0,5.9,2,1,0,39.1,3.4,0
C2686,70,Premium,53,1530.3,43.0,-25.8,8,3,3,2.2,7,1,1,89.1,4.5,1
C2687,53,Premium,1,1582.25,31.8,6.2,5,0,0,1.8,0,1,0,69.0,2.8,0
C2688,68,Premium,2,1472.11,49.2,-12.6,8,1,1,0.7,8,0,0,57.0,5.0,0
C2689,43,Basic,3,461.99,56.8,2.2,5,3,0,6.1,0,2,2,66.5,4.4,0
C2690,46,Basic,21,364.55,57.9,-9.2,6,1,0,5.6,0,1,1,75.3,3.6,0
C2691,38,Standard,18,892.91,56.9,3.8,10,0,0,4.8,4,0,1,41.9,4.1,0
C2692,28,Basic,40,535.27,54.7,6.4,10,2,1,1.7,0,0,1,70.6,5.0,0
C2693,57,Standard,23,942.1,46.1,-53.7,8,1,1,3.1,8,0,1,63.2,3.6,1
C2694,28,Premium,12,1561.62,42.9,-16.6,3,0,0,0.5,3,0,0,59.4,3.6,0
C2695,53,Premium,72,1513.49,40.1,3.3,12,0,0,1.3,1,2,0,68.2,4.2,0
C2696,66,Standard,5,924.24,35.0,15.3,7,2,1,2.0,1,0,0,83.3,2.7,0
C2697,56,Premium,32,1502.41,39.2,-13.3,7,1,1,0.5,0,0,0,98.0,3.8,0
C2698,57,Premium,10,1534.37,38.2,-51.1,6,0,0,0.5,4,0,0,77.8,3.2,0
C2699,52,Standard,18,852.29,29.8,26.2,5,0,0,6.2,9,0,1,31.0,4.5,0
C2700,71,Basic,23,428.58,40.1,16.4,7,1,1,12.4,5,0,0,71.1,3.7,0
C2701,51,Standard,18,857.56,41.1,-2.4,5,1,0,1.4,3,3,0,63.8,4.5,1
C2702,72,Premium,2,1509.68,31.5,-16.6,5,1,1,0.5,0,2,0,83.8,3.6,0
C2703,64,Standard,10,833.98,52.4,10.0,6,0,0,9.6,7,0,1,70.7,2.5,0
C2704,41,Standard,14,867.34,45.5,-16.4,3,1,1,8.6,13,1,0,68.5,5.0,1
C2705,71,Basic,34,468.94,30.6,16.9,3,0,0,3.7,1,0,0,64.9,3.0,0
C2706,39,Premium,10,1538.09,44.9,39.9,10,2,0,1.4,2,0,1,62.1,3.9,0
C2707,22,Premium,45,1532.0,37.3,-17.2,3,1,1,0.5,0,0,0,66.0,4.1,1
C2708,73,Premium,10,1502.52,39.9,14.5,4,3,0,9.8,7,0,1,98.0,4.6,0
C2709,50,Enterprise,14,3021.55,42.6,-21.4,7,1,0,8.9,0,1,1,57.6,5.0,0
C2710,53,Premium,28,1522.54,58.7,20.7,10,2,0,4.8,2,0,0,51.4,3.5,0
C2711,64,Enterprise,15,2980.82,37.5,-11.2,12,2,0,9.5,3,1,1,64.6,2.9,1
C2712,37,Enterprise,58,2971.88,46.6,31.2,11,1,1,0.5,0,2,0,33.8,1.7,0
C2713,36,Premium,19,1575.83,35.7,-11.9,8,2,1,0.5,0,0,1,37.4,3.6,0
C2714,52,Standard,13,774.54,51.8,-27.4,5,2,1,0.7,6,0,1,41.9,1.7,1
C2715,69,Basic,1,461.93,47.0,-13.4,5,1,1,0.8,1,1,3,48.5,2.8,0
C2716,60,Standard,9,888.81,40.7,-10.6,3,1,0,6.1,5,0,0,98.0,3.7,0
C2717,34,Standard,6,927.0,56.4,0.9,7,2,2,8.9,5,1,0,47.0,5.0,0
C2718,62,Basic,24,555.78,69.7,-13.2,8,0,0,0.8,2,0,0,63.4,3.6,0
C2719,60,Basic,4,591.84,40.8,1.1,7,1,1,2.2,0,1,0,52.5,4.5,0
C2720,51,Enterprise,4,2994.41,46.9,1.6,5,1,1,2.1,0,1,2,66.1,3.8,0
C2721,26,Premium,3,1497.76,42.9,-15.7,5,1,0,0.7,2,0,0,92.2,3.7,0
C2722,43,Premium,2,1517.13,83.9,3.2,5,1,0,6.7,0,0,0,90.7,4.7,0
C2723,19,Standard,6,872.44,41.0,-19.7,9,1,1,2.6,5,1,0,53.9,4.0,0
C2724,70,Basic,39,439.79,36.7,45.0,7,2,2,2.9,1,1,0,57.7,3.4,0
C2725,26,Basic,26,494.19,37.7,2.5,8,1,1,1.0,4,0,0,76.3,4.9,0
C2726,26,Basic,23,536.27,56.6,10.3,2,2,0,2.9,2,0,0,77.4,3.3,0
C2727,57,Basic,28,486.85,53.3,-9.9,10,2,1,5.5,3,0,3,63.6,2.8,0
C2728,34,Basic,5,519.67,52.2,-23.0,1,0,0,1.3,7,0,1,76.7,2.7,0
C2729,18,Enterprise,39,2905.56,53.6,15.9,2,0,0,0.5,8,1,0,44.4,3.4,0
C2730,42,Premium,2,1499.92,53.6,3.2,6,1,1,3.1,0,0,1,45.7,3.8,0
C2731,60,Basic,7,478.83,46.5,-70.3,16,2,1,3.5,4,0,0,56.0,4.0,0
C2732,57,Basic,15,435.24,46.6,43.1,7,3,3,0.8,3,0,1,45.8,3.6,1
C2733,59,Standard,1,931.86,37.4,13.4,8,0,0,1.0,4,0,1,76.3,3.5,0
C2734,42,Basic,23,591.28,40.3,-14.5,8,1,0,0.6,0,1,0,28.3,4.0,0
C2735,56,Enterprise,8,3048.5,54.0,10.1,9,2,1,8.9,0,0,1,62.2,4.7,0
C2736,52,Standard,27,951.69,34.6,5.5,7,3,0,0.8,2,0,2,59.5,1.0,0
C2737,20,Standard,12,934.62,43.7,7.4,8,2,2,0.5,0,0,0,71.6,2.0,0
C2738,67,Standard,3,931.32,38.1,-26.8,12,1,1,6.4,5,0,0,60.3,4.6,0
C2739,54,Basic,23,409.03,33.4,-3.2,7,0,0,5.7,5,0,0,74.1,3.4,0
C2740,61,Standard,5,892.6,68.6,2.6,7,0,0,2.1,0,0,0,55.2,4.5,0
C2741,61,Premium,12,1524.43,48.3,25.8,9,1,1,5.6,2,2,0,48.6,2.5,0
C2742,68,Standard,1,925.57,36.0,-2.4,9,0,0,2.1,3,2,2,52.7,3.7,0
C2743,47,Basic,17,562.59,74.8,5.8,3,1,0,0.9,7,2,0,61.5,2.6,0
C2744,55,Standard,19,847.38,31.9,-27.8,4,2,1,1.9,17,2,1,54.0,4.1,0
C2745,51,Standard,8,929.36,69.9,-3.3,7,2,2,2.3,0,1,0,51.9,3.5,1
C2746,29,Premium,55,1445.75,45.8,16.7,7,1,0,0.5,2,1,0,28.3,2.4,0
C2747,36,Standard,37,888.42,36.2,-22.1,9,3,2,0.5,6,0,0,85.1,4.3,0
C2748,54,Standard,22,895.9,31.4,-14.7,8,2,2,7.3,6,1,1,69.1,4.3,0
C2749,61,Standard,22,942.13,52.2,-29.1,6,1,0,1.7,3,1,0,55.4,3.5,1
C2750,66,Standard,5,936.25,61.2,-38.9,8,1,1,1.4,0,1,0,88.5,3.3,1
C2751,34,Standard,19,905.02,30.0,-26.5,5,2,0,7.7,3,1,1,41.4,4.6,0
C2752,27,Standard,3,791.4,26.1,9.1,5,2,2,0.6,1,0,0,53.2,4.1,0
C2753,74,Standard,2,921.24,46.8,-11.2,4,1,1,0.9,2,1,0,71.0,3.7,0
C2754,72,Premium,72,1485.62,40.5,-26.4,7,0,0,6.2,1,0,1,58.8,2.7,0
C2755,66,Standard,17,968.59,45.7,49.5,5,2,0,1.1,0,3,0,65.0,5.0,0
C2756,64,Enterprise,10,3056.67,38.1,-22.5,3,1,1,3.5,5,1,2,52.0,3.7,0
C2757,29,Standard,6,852.1,30.1,10.6,6,3,1,4.7,4,0,1,40.6,5.0,0
C2758,33,Enterprise,16,3028.11,41.5,3.3,11,2,0,0.9,3,0,0,49.8,3.3,0
C2759,41,Premium,1,1529.1,62.9,1.2,7,2,2,1.0,1,0,2,73.6,3.4,0
C2760,36,Standard,1,925.46,45.8,-50.8,8,2,1,2.5,6,2,0,70.9,3.3,0
C2761,25,Premium,1,1518.98,31.8,26.8,9,2,1,5.5,0,0,0,47.4,3.9,0
C2762,48,Basic,12,530.51,56.6,3.0,7,0,0,2.8,2,0,0,28.2,3.8,0
C2763,38,Enterprise,16,3074.07,32.7,18.0,5,0,0,0.5,4,0,0,64.2,4.4,0
C2764,34,Standard,1,871.43,32.1,23.5,9,0,0,1.5,6,2,1,53.1,3.6,0
C2765,40,Basic,22,453.71,63.2,37.8,11,1,0,1.4,4,0,0,62.6,4.1,0
C2766,54,Standard,4,938.14,35.3,-30.0,7,2,0,5.8,0,1,1,74.3,4.3,0
C2767,71,Enterprise,20,2904.83,53.8,-23.0,11,1,0,1.2,0,0,0,96.5,2.5,0
C2768,33,Basic,72,531.7,62.9,-19.6,9,2,2,8.1,0,0,0,55.3,2.8,0
C2769,23,Standard,21,922.85,39.7,-26.7,6,1,1,1.4,3,0,0,57.6,2.7,1
C2770,25,Premium,38,1381.72,54.0,28.0,8,1,1,0.8,1,0,0,59.1,4.4,0
C2771,42,Premium,53,1467.18,51.9,-30.1,8,0,0,2.7,0,0,0,80.6,4.8,0
C2772,35,Standard,12,977.8,30.1,-14.5,11,1,1,1.7,0,1,0,70.2,3.4,0
C2773,42,Basic,21,426.14,43.7,-45.8,8,2,1,3.7,4,0,0,64.7,4.3,0
C2774,29,Basic,34,509.63,42.3,13.3,5,0,0,8.7,5,0,0,72.6,3.4,0
C2775,32,Standard,7,848.75,42.0,-8.2,6,0,0,9.9,7,0,1,35.6,4.4,0
C2776,43,Standard,5,863.55,40.9,17.1,9,0,0,0.9,3,1,1,67.7,5.0,0
C2777,58,Enterprise,52,3094.82,45.8,12.5,4,2,1,0.6,1,1,0,87.4,5.0,0
C2778,62,Basic,23,505.17,47.7,-46.0,4,1,1,9.8,2,0,0,66.2,5.0,0
C2779,43,Standard,4,924.85,45.3,-0.4,8,0,0,5.9,4,0,1,66.9,5.0,0
C2780,64,Basic,10,493.38,44.0,-32.3,4,0,0,1.1,4,0,0,65.2,4.3,0
C2781,49,Basic,28,423.24,37.0,-1.5,4,0,0,5.7,4,1,1,92.9,4.8,0
C2782,27,Standard,14,839.75,66.0,-19.7,6,2,1,4.7,13,1,1,98.0,3.3,0
C2783,33,Standard,18,957.92,31.0,40.8,3,3,3,1.0,5,1,0,58.1,4.5,0
C2784,24,Standard,25,906.64,17.1,61.6,9,1,1,8.3,5,0,1,62.9,3.0,0
C2785,34,Enterprise,17,2960.49,47.1,-11.1,6,2,1,1.4,6,0,0,50.6,5.0,1
C2786,40,Standard,13,897.9,37.0,-2.5,5,0,0,2.3,2,0,0,81.7,3.0,0
C2787,43,Enterprise,24,3032.08,45.9,-62.1,6,2,2,3.3,1,0,0,73.6,3.7,0
C2788,38,Premium,23,1521.72,31.3,-46.1,7,0,0,0.7,6,0,1,26.9,3.4,1
C2789,39,Standard,17,860.51,69.8,4.7,12,2,1,3.3,2,0,0,70.3,3.9,0
C2790,24,Premium,8,1420.23,69.5,-5.8,6,0,0,4.3,3,0,1,56.1,4.3,0
C2791,31,Standard,9,878.65,54.4,5.5,12,1,0,0.5,2,0,0,66.1,2.3,0
C2792,32,Basic,63,554.45,44.5,-25.0,7,0,0,1.7,2,1,0,40.1,3.8,0
C2793,70,Premium,2,1541.72,37.5,2.6,5,1,0,3.3,4,1,0,54.4,5.0,0
C2794,24,Basic,5,519.52,39.9,-68.2,7,2,2,9.1,4,0,0,49.5,3.8,1
C2795,26,Standard,12,890.46,74.8,-20.2,6,0,0,7.8,1,0,0,63.0,4.5,0
C2796,68,Premium,32,1473.16,54.4,6.7,6,0,0,0.7,0,1,1,58.2,2.1,0
C2797,65,Basic,3,491.38,69.4,37.4,8,3,1,3.3,0,0,0,68.1,2.9,0
C2798,25,Basic,5,538.09,23.0,-7.9,7,0,0,0.5,0,0,0,45.3,5.0,0
C2799,67,Enterprise,1,3049.51,69.6,9.7,10,3,0,1.2,6,1,0,46.7,3.1,1
C2800,40,Standard,22,885.91,26.8,-21.7,7,0,0,3.2,1,0,0,65.8,3.4,0
C2801,46,Basic,4,625.81,46.9,6.1,4,2,0,0.5,4,0,0,46.2,3.6,0
C2802,35,Standard,8,903.62,43.0,-17.3,5,0,0,7.7,1,2,0,51.5,3.5,1
C2803,48,Standard,10,881.65,59.6,43.9,9,3,1,6.2,4,0,1,66.8,1.1,0
C2804,47,Standard,39,972.78,43.6,-13.2,5,5,2,2.2,16,0,0,92.2,4.5,0
C2805,69,Enterprise,9,2897.09,77.0,-9.2,10,1,1,2.4,0,0,1,46.9,4.2,0
C2806,56,Standard,2,923.0,43.6,14.4,6,2,1,7.5,4,0,0,33.3,4.6,0
C2807,52,Standard,13,895.36,33.4,7.6,7,0,0,0.5,1,0,0,57.9,4.1,0
C2808,35,Premium,59,1571.41,52.9,-14.1,10,0,0,0.5,0,1,0,61.4,3.2,0
C2809,59,Premium,16,1529.25,30.3,5.2,11,1,0,1.3,0,2,1,93.4,4.2,0
C2810,56,Basic,72,505.96,32.6,-31.4,7,3,1,1.6,1,0,0,72.4,3.2,0
C2811,34,Basic,33,532.13,51.3,0.7,8,3,0,15.3,3,1,0,66.5,4.2,0
C2812,31,Basic,1,446.22,69.0,8.7,10,1,1,0.6,4,1,0,70.7,4.8,0
C2813,48,Standard,19,947.34,62.2,-15.6,8,0,0,1.3,3,0,1,57.5,4.7,0
C2814,41,Standard,6,831.77,38.9,-14.2,1,1,1,6.2,9,1,0,43.4,3.6,0
C2815,52,Standard,14,916.92,42.9,-20.7,8,1,0,5.4,0,1,1,87.8,2.6,0
C2816,61,Enterprise,5,3000.78,37.7,-40.9,3,0,0,3.7,7,0,1,56.8,4.1,1
C2817,62,Premium,7,1410.85,37.7,5.4,9,2,1,1.4,3,0,0,84.6,3.9,0
C2818,51,Basic,46,502.45,38.3,-16.9,9,0,0,0.5,7,0,1,59.7,3.2,0
C2819,20,Basic,4,513.1,58.5,8.9,1,2,0,14.4,2,1,2,80.7,4.8,0
C2820,54,Standard,37,866.26,64.7,-9.6,6,0,0,1.0,2,1,1,82.4,4.0,0
C2821,60,Standard,1,848.38,52.6,10.4,4,0,0,6.5,2,2,0,55.2,4.5,0
C2822,57,Standard,1,923.61,31.9,-47.8,9,1,0,7.9,0,1,0,62.4,1.6,0
C2823,43,Premium,34,1517.12,44.6,-33.7,4,1,1,2.0,0,0,1,70.6,1.7,0
C2824,72,Basic,17,510.34,42.2,-26.0,6,2,0,6.7,2,0,1,80.4,4.4,0
C2825,40,Standard,24,899.44,51.7,24.9,5,2,0,1.1,3,0,0,42.0,4.4,0
C2826,61,Premium,4,1470.67,49.9,5.1,10,1,0,7.7,2,1,0,98.0,3.0,0
C2827,56,Standard,13,1012.61,52.3,-11.6,8,3,3,3.5,0,3,1,54.3,4.8,0
C2828,32,Basic,24,484.08,39.4,-16.9,12,0,0,0.8,2,0,0,52.3,4.9,1
C2829,73,Standard,17,855.74,32.0,9.9,6,0,0,5.4,0,0,1,90.3,3.7,0
C2830,66,Basic,11,501.72,47.7,-19.7,3,0,0,8.6,3,1,0,53.4,4.6,0
C2831,21,Enterprise,57,2989.95,32.2,13.4,6,2,1,3.0,1,0,0,76.2,4.5,0
C2832,46,Basic,20,482.92,47.8,-10.4,11,0,0,5.0,19,0,0,48.2,4.8,0
C2833,39,Standard,42,992.71,63.0,27.3,8,1,1,5.5,1,2,0,74.8,4.0,0
C2834,42,Standard,23,842.51,47.0,-28.6,7,1,1,5.4,6,0,0,53.0,4.2,0
C2835,30,Enterprise,23,3000.87,52.3,-8.2,6,1,0,2.1,1,0,1,62.7,4.3,0
C2836,35,Basic,1,445.87,27.7,-28.0,4,1,0,4.7,0,1,1,81.4,3.1,1
C2837,50,Basic,8,471.95,40.9,35.7,4,0,0,2.8,0,0,0,41.0,2.6,0
C2838,33,Basic,35,585.81,44.3,-4.5,4,1,1,1.9,1,1,0,79.5,3.1,0
C2839,62,Basic,4,513.07,52.7,-30.2,9,2,2,0.6,7,1,0,62.7,4.5,1
C2840,59,Basic,2,512.47,43.2,-27.6,2,1,0,8.4,5,1,0,78.3,3.3,0
C2841,61,Standard,7,852.03,42.9,7.9,4,3,3,1.9,2,0,0,34.0,2.3,1
C2842,19,Basic,4,477.77,33.7,-50.5,8,1,0,1.0,0,1,0,64.6,1.6,1
C2843,72,Basic,46,590.16,48.4,-9.5,9,0,0,1.0,0,2,0,54.3,3.8,0
C2844,52,Premium,36,1523.97,80.0,-26.3,10,1,1,1.0,3,0,0,53.0,4.7,0
C2845,59,Standard,12,882.01,58.4,-9.0,11,2,2,0.5,4,0,0,44.7,3.1,0
C2846,51,Standard,1,921.03,56.8,-2.5,7,1,1,2.0,3,1,2,63.6,3.7,0
C2847,47,Basic,22,512.38,58.5,-7.5,7,3,0,7.7,2,0,1,37.4,3.2,0
C2848,72,Enterprise,17,2957.03,45.4,-11.7,5,1,1,0.5,14,0,0,38.7,3.4,0
C2849,30,Basic,63,480.56,37.6,-0.9,9,2,1,11.0,0,0,0,30.6,3.4,0
C2850,30,Premium,14,1611.73,45.1,38.7,3,1,1,0.7,17,1,2,35.5,2.9,0
C2851,35,Premium,7,1518.6,30.9,26.8,5,2,2,4.4,1,0,0,50.3,4.9,0
C2852,49,Basic,13,420.55,28.5,-13.4,4,2,2,5.4,1,0,0,40.1,4.2,0
C2853,49,Enterprise,69,3024.51,38.3,13.1,10,2,0,4.6,5,0,0,48.3,2.7,0
C2854,52,Basic,21,564.15,44.9,11.9,5,2,0,1.4,1,0,1,45.5,3.2,0
C2855,56,Basic,20,453.78,32.9,-14.5,4,2,1,4.3,4,1,0,51.6,3.5,1
C2856,63,Premium,4,1476.16,38.5,-5.8,7,1,0,2.2,1,0,1,59.7,3.9,1
C2857,69,Premium,24,1571.69,56.3,8.4,6,0,0,0.6,11,0,0,54.2,4.0,0
C2858,46,Standard,24,900.75,64.7,-23.3,9,0,0,0.8,0,0,0,73.7,3.5,0
C2859,66,Basic,6,491.86,29.5,-11.0,7,0,0,0.5,10,3,0,46.8,3.6,0
C2860,46,Standard,11,832.2,39.7,-9.9,5,1,1,1.4,6,0,0,78.7,4.0,0
C2861,70,Premium,6,1552.53,64.2,-11.7,5,0,0,4.6,0,0,0,28.8,3.3,0
C2862,61,Basic,5,489.58,57.9,-12.7,11,1,0,12.2,1,0,0,66.9,4.9,0
C2863,74,Basic,1,390.45,56.3,6.1,7,0,0,0.5,0,1,2,39.1,4.7,0
C2864,33,Basic,6,420.37,42.7,-4.3,6,0,0,1.5,3,1,0,37.8,3.6,0
C2865,73,Basic,14,470.92,48.0,11.0,7,0,0,0.7,12,0,0,68.0,4.9,0
C2866,61,Premium,1,1445.36,53.5,58.0,9,0,0,5.0,0,1,0,61.5,4.2,0
C2867,64,Standard,5,853.2,71.2,-18.4,6,1,0,8.8,1,0,1,91.3,4.1,0
C2868,74,Enterprise,38,3116.23,36.9,0.4,9,1,1,0.5,5,1,1,50.4,5.0,0
C2869,27,Standard,16,934.38,44.9,7.7,3,1,0,8.2,2,2,0,50.1,4.6,0
C2870,47,Premium,16,1370.13,42.6,22.3,6,1,0,1.1,1,1,0,41.1,4.7,0
C2871,42,Basic,9,483.28,41.2,5.9,9,1,0,0.9,3,0,0,61.7,2.7,0
C2872,56,Standard,20,894.53,52.3,-32.3,5,1,1,0.5,1,1,0,82.2,3.7,1
C2873,37,Basic,3,425.15,52.1,-21.6,10,0,0,0.5,1,0,0,40.6,3.1,0
C2874,22,Basic,30,525.72,45.1,-1.3,5,3,2,0.5,6,1,0,45.8,2.5,0
C2875,18,Standard,2,796.93,62.0,-22.3,7,0,0,2.1,1,0,1,61.7,2.3,0
C2876,47,Enterprise,19,3053.85,53.4,-41.9,10,1,0,3.8,4,0,1,81.6,4.4,0
C2877,66,Standard,7,971.08,57.5,-25.2,4,1,1,0.7,0,0,1,58.3,4.0,0
C2878,20,Basic,24,616.63,37.0,-25.0,6,0,0,0.9,2,0,1,77.7,2.5,0
C2879,62,Basic,14,420.28,45.5,-30.2,12,0,0,0.7,3,0,0,65.0,3.8,0
C2880,31,Basic,10,430.46,56.9,58.2,12,1,1,5.7,1,0,1,72.6,3.3,0
C2881,73,Standard,3,933.63,33.2,2.9,7,1,1,0.5,2,0,0,60.1,2.9,0
C2882,47,Premium,18,1558.13,52.6,-2.1,4,0,0,0.5,5,1,0,43.5,4.4,0
C2883,67,Enterprise,66,3039.45,33.0,18.0,5,0,0,0.5,0,0,0,77.8,3.6,0
C2884,21,Basic,31,552.99,54.0,40.0,8,0,0,0.5,2,0,0,71.0,4.6,0
C2885,35,Standard,1,967.84,39.2,4.7,5,2,1,2.8,1,0,1,68.0,3.3,0
C2886,54,Standard,8,909.11,49.2,20.4,11,1,1,0.5,2,1,1,46.1,1.7,0
C2887,42,Standard,46,888.37,38.1,-17.6,12,0,0,0.9,1,0,0,28.7,3.9,0
C2888,65,Standard,12,830.59,34.2,-27.7,9,1,1,6.3,4,0,0,71.9,4.1,0
C2889,18,Standard,19,884.09,60.6,17.7,10,1,0,12.1,5,0,0,35.1,3.6,0
C2890,70,Standard,43,891.76,31.4,17.3,5,4,1,6.9,2,1,0,51.0,4.0,0
C2891,63,Basic,37,451.52,35.1,14.9,8,2,0,11.2,0,0,0,70.7,3.4,0
C2892,32,Premium,12,1497.09,63.4,-1.9,4,0,0,3.9,8,1,0,31.1,3.6,1
C2893,26,Basic,10,445.88,38.0,-24.5,4,1,0,15.3,0,1,0,64.5,3.8,0
C2894,32,Standard,7,954.67,31.7,-17.0,10,0,0,2.4,3,1,1,52.2,4.6,0
C2895,66,Standard,22,920.29,46.8,23.9,7,2,0,5.5,2,0,2,57.8,3.6,0
C2896,74,Standard,6,876.02,40.9,-19.8,7,1,0,12.5,1,0,0,29.3,3.1,0
C2897,41,Enterprise,5,3008.44,36.6,-0.3,8,0,0,4.3,12,0,0,58.8,3.3,0
C2898,21,Premium,7,1443.75,50.8,-24.3,7,0,0,11.0,4,0,1,82.5,3.7,1
C2899,29,Premium,3,1448.82,27.7,-9.8,3,1,1,1.0,2,0,0,59.1,2.6,0
C2900,54,Standard,21,867.31,43.9,-32.0,7,0,0,1.2,2,1,0,98.0,2.9,0
C2901,54,Premium,17,1489.4,29.5,-6.9,8,0,0,1.8,0,0,0,41.5,3.7,0
C2902,60,Standard,11,906.06,59.9,-16.9,11,0,0,2.2,6,0,2,98.0,5.0,0
C2903,23,Premium,8,1506.26,76.3,-47.7,9,2,0,8.0,0,0,0,78.9,4.5,0
C2904,56,Standard,43,833.06,35.1,11.4,9,0,0,7.7,0,2,0,93.5,3.7,0
C2905,73,Enterprise,1,2994.96,46.9,10.2,7,1,0,3.8,0,0,1,95.5,2.9,0
C2906,63,Enterprise,26,2958.1,26.6,-3.6,3,2,2,0.9,0,1,1,73.3,2.5,0
C2907,41,Premium,41,1328.55,28.9,-33.1,3,1,1,1.0,7,0,1,38.3,4.8,0
C2908,28,Basic,10,652.78,38.0,-32.8,5,2,1,3.5,9,0,1,68.1,4.5,0
C2909,30,Basic,14,459.07,40.1,53.3,5,2,0,2.4,3,0,1,28.9,4.3,0
C2910,51,Premium,52,1461.84,36.7,-70.6,5,1,0,1.0,8,0,1,82.9,3.6,0
C2911,42,Basic,4,431.68,42.2,-32.3,5,0,0,0.6,4,1,0,98.0,3.1,0
C2912,24,Premium,13,1446.13,51.7,48.7,5,2,1,4.5,4,0,0,72.4,2.7,0
C2913,69,Standard,11,889.57,44.1,56.6,7,4,1,5.9,8,0,0,54.2,4.0,0
C2914,21,Standard,5,966.59,49.5,37.5,5,1,0,1.1,0,0,0,81.6,2.5,0
C2915,25,Enterprise,30,2989.28,31.3,8.3,4,3,0,1.9,0,2,0,79.8,4.1,0
C2916,37,Standard,41,882.82,42.3,-20.9,6,2,0,4.4,0,1,0,70.0,3.8,0
C2917,46,Standard,27,959.01,67.4,-47.1,4,2,0,2.2,2,0,0,73.3,3.8,0
C2918,71,Standard,3,872.78,35.7,5.2,7,2,2,11.4,11,0,0,49.8,3.7,0
C2919,70,Standard,1,900.06,46.3,-24.1,6,2,1,0.5,8,2,0,69.5,3.9,1
C2920,68,Premium,16,1452.92,47.1,31.3,13,1,0,6.7,6,0,0,76.0,4.9,0
C2921,62,Basic,1,583.26,34.2,-51.3,4,0,0,1.3,2,0,1,60.2,3.8,0
C2922,63,Enterprise,20,3051.43,30.6,0.0,6,0,0,4.1,6,0,1,56.0,3.7,0
C2923,27,Premium,13,1491.35,43.0,18.2,4,1,0,1.0,0,0,0,64.6,3.8,0
C2924,60,Basic,19,479.03,42.9,20.3,9,1,0,11.9,3,2,1,67.9,3.5,0
C2925,51,Premium,16,1497.41,39.8,15.8,7,3,1,0.5,5,1,1,65.6,2.7,0
C2926,74,Standard,9,892.08,80.5,3.5,8,0,0,2.5,0,0,1,69.7,4.3,0
C2927,43,Basic,4,421.66,33.3,-1.8,8,0,0,8.4,8,0,0,64.3,2.1,1
C2928,58,Enterprise,6,3053.13,41.8,17.7,9,2,0,2.2,5,1,1,71.7,3.5,0
C2929,66,Basic,13,487.64,62.1,3.5,6,0,0,6.4,3,1,2,76.8,3.2,0
C2930,20,Basic,18,593.92,29.4,4.3,11,2,2,10.5,0,1,0,61.8,2.5,0
C2931,73,Standard,27,920.09,45.8,-4.1,10,2,2,0.5,4,0,0,62.6,4.8,0
C2932,23,Standard,26,772.95,38.1,-14.6,6,0,0,2.3,2,0,2,58.8,3.6,0
C2933,22,Standard,64,834.92,43.4,-38.7,2,1,1,4.1,5,0,1,49.8,4.2,0
C2934,22,Premium,6,1391.7,51.1,-34.4,12,1,1,6.2,0,1,2,62.9,4.3,0
C2935,71,Standard,1,834.3,26.7,-14.6,4,0,0,0.6,3,0,0,23.1,3.8,0
C2936,64,Standard,7,817.32,54.7,-8.0,7,0,0,2.9,2,0,0,70.7,5.0,0
C2937,40,Basic,24,511.63,47.0,-29.2,8,0,0,0.6,2,1,0,97.9,4.2,0
C2938,66,Standard,10,883.2,35.0,-31.1,10,1,1,4.9,2,0,0,53.9,4.1,0
C2939,26,Basic,30,536.03,36.7,-14.1,8,2,0,1.2,0,1,0,87.3,4.6,1
C2940,52,Basic,14,497.1,27.7,17.6,5,1,0,1.1,10,2,1,66.5,3.8,0
C2941,37,Standard,47,886.98,43.6,-58.0,8,0,0,5.1,4,0,0,44.2,3.7,0
C2942,66,Basic,53,599.16,43.2,-28.5,7,0,0,6.5,0,0,1,44.7,4.6,0
C2943,59,Basic,1,510.14,39.6,-1.0,5,0,0,1.5,0,1,0,70.6,3.4,0
C2944,52,Basic,10,494.97,37.5,27.2,6,1,1,2.4,0,0,0,53.7,3.3,0
C2945,67,Enterprise,16,2956.33,67.3,49.0,6,1,1,4.1,1,0,0,97.2,2.8,0
C2946,35,Enterprise,5,2940.2,50.8,-13.6,4,1,1,4.8,2,2,0,60.0,3.1,1
C2947,34,Standard,9,937.53,35.8,-13.9,8,2,1,5.1,3,0,0,39.6,3.9,1
C2948,41,Enterprise,20,3034.53,40.4,-8.4,6,2,0,1.7,0,1,0,59.1,5.0,1
C2949,20,Premium,4,1577.58,39.3,0.7,5,0,0,2.7,14,0,1,33.2,3.1,0
C2950,49,Standard,16,922.95,36.4,-6.1,7,1,0,0.5,6,1,0,25.0,3.9,0
C2951,52,Basic,21,479.34,46.6,-2.1,4,3,0,10.4,4,0,2,63.1,4.2,0
C2952,55,Premium,1,1524.55,49.2,-38.4,8,0,0,4.2,1,1,0,61.9,3.2,0
C2953,30,Premium,12,1494.98,40.6,-46.5,13,2,0,1.6,9,0,0,73.8,4.3,1
C2954,73,Standard,5,942.27,29.2,12.9,6,3,1,1.7,1,1,0,59.6,2.8,1
C2955,64,Premium,23,1565.72,54.6,-9.8,3,0,0,0.5,1,1,0,98.0,2.9,0
C2956,42,Standard,3,890.57,27.8,15.8,10,2,2,2.1,1,0,0,67.8,3.6,0
C2957,26,Premium,40,1586.87,39.5,0.6,3,2,2,3.9,0,1,2,86.9,2.7,0
C2958,21,Enterprise,10,3058.42,42.9,-40.8,7,2,1,10.7,0,0,0,69.1,2.5,0
C2959,31,Standard,3,899.88,33.3,33.8,4,2,2,3.7,2,0,0,76.6,2.2,0
C2960,54,Premium,10,1532.54,31.8,-4.2,9,0,0,3.7,8,1,0,78.3,3.4,0
C2961,51,Standard,9,914.27,39.5,-23.7,5,1,0,5.4,11,1,0,80.0,5.0,0
C2962,28,Standard,10,900.1,56.1,-18.4,6,0,0,2.5,5,0,0,58.9,4.8,0
C2963,58,Premium,15,1594.66,49.2,-35.3,10,0,0,0.5,2,0,0,86.5,2.2,1
C2964,73,Basic,13,524.88,64.9,3.3,8,0,0,7.7,1,0,0,40.3,2.7,0
C2965,20,Standard,2,856.95,46.1,-7.8,4,2,0,1.8,0,0,1,98.0,3.4,0
C2966,45,Basic,1,447.6,68.4,45.5,7,0,0,14.6,3,1,2,47.8,3.9,0
C2967,46,Standard,23,849.65,61.0,8.0,8,0,0,1.8,2,0,0,52.5,3.9,0
C2968,26,Standard,14,923.48,44.6,44.0,9,0,0,3.9,2,1,1,39.4,3.6,0
C2969,20,Premium,8,1481.92,56.8,-29.0,10,2,0,2.2,1,1,1,61.9,3.4,1
C2970,42,Basic,29,515.66,70.5,-13.3,7,1,1,0.9,3,0,0,71.4,2.4,0
C2971,51,Standard,8,945.82,53.1,17.3,4,0,0,9.3,3,0,1,77.8,3.0,0
C2972,29,Basic,28,600.44,34.4,9.7,5,0,0,3.5,8,0,0,68.7,3.2,0
C2973,59,Premium,6,1483.08,37.2,-5.4,4,1,0,2.1,5,1,0,98.0,2.0,0
C2974,26,Enterprise,1,2928.57,57.2,-31.9,7,0,0,0.5,1,1,0,61.6,3.0,0
C2975,32,Enterprise,48,3088.62,31.6,-59.5,11,2,0,20.0,1,0,1,70.2,5.0,0
C2976,57,Premium,9,1426.14,56.5,-10.5,7,0,0,7.9,1,0,0,94.3,3.5,0
C2977,42,Premium,28,1424.18,51.7,-9.4,4,1,0,1.9,0,0,0,86.5,4.1,0
C2978,22,Basic,5,587.32,38.5,-1.8,11,1,1,0.7,0,0,0,56.6,5.0,0
C2979,28,Basic,18,552.31,62.4,-41.1,9,0,0,0.5,0,0,1,47.0,5.0,0
C2980,51,Standard,37,923.24,25.4,-27.0,4,1,0,0.6,2,0,0,67.5,2.7,0
C2981,41,Premium,1,1496.5,60.0,4.8,8,2,1,2.7,12,0,2,58.1,4.1,0
C2982,32,Enterprise,31,2987.04,60.8,9.6,7,3,1,5.9,3,1,0,77.7,4.6,0
C2983,55,Basic,15,466.46,42.7,0.0,6,1,1,1.6,5,0,0,38.1,3.1,0
C2984,25,Enterprise,16,2984.85,36.3,-13.7,9,2,2,2.0,2,0,0,64.4,4.2,0
C2985,22,Standard,13,896.63,28.5,-34.7,9,0,0,2.2,1,0,2,45.3,3.7,0
C2986,65,Standard,37,830.28,34.3,18.8,8,2,0,0.5,0,1,1,64.6,4.3,0
C2987,43,Basic,1,457.99,31.7,13.2,7,2,1,0.7,1,0,0,81.4,4.0,0
C2988,35,Basic,5,393.4,46.5,-19.4,6,2,1,2.4,10,1,0,98.0,4.7,0
C2989,23,Standard,37,902.9,54.8,15.8,9,1,1,1.1,2,0,0,69.4,3.0,1
C2990,54,Standard,25,902.91,32.8,-6.7,13,3,0,2.6,0,0,1,88.3,4.0,0
C2991,65,Basic,1,587.93,52.8,-22.1,6,2,0,0.5,4,1,0,49.1,5.0,1
C2992,30,Standard,13,917.78,40.8,18.2,9,3,3,5.7,2,0,0,21.8,4.3,0
C2993,45,Premium,13,1471.2,39.1,-2.5,6,2,2,5.4,7,0,0,85.1,4.5,0
C2994,22,Premium,9,1488.98,58.5,-15.7,7,0,0,3.9,0,0,1,71.2,2.8,0
C2995,30,Enterprise,6,3023.34,67.9,-37.1,6,6,1,2.7,2,2,1,60.7,2.0,1
C2996,34,Standard,20,910.38,25.2,-34.7,7,2,1,1.7,6,0,1,53.4,3.7,0
C2997,67,Basic,4,527.91,52.0,16.2,6,1,1,4.0,7,1,1,72.2,4.8,0
C2998,57,Premium,28,1517.85,29.5,6.3,4,0,0,5.3,2,1,0,28.0,3.5,1
C2999,62,Standard,29,886.37,46.5,-34.2,10,2,2,5.8,5,2,0,43.4,3.5,0
C3000,49,Basic,9,472.21,36.1,-34.7,12,0,0,1.5,13,3,2,53.8,3.0,1
C3001,46,Basic,6,469.52,72.0,47.6,4,0,0,0.8,3,0,2,72.5,3.3,0
C3002,68,Standard,6,852.74,53.3,6.6,3,1,1,1.5,6,1,0,73.2,3.5,0
C3003,20,Basic,11,444.89,34.5,25.2,6,0,0,0.5,3,1,1,77.2,4.7,0
C3004,73,Basic,22,590.92,40.4,32.3,7,0,0,1.9,6,0,0,62.7,5.0,0
C3005,57,Basic,8,505.24,43.3,-28.2,4,0,0,1.1,11,0,0,78.0,3.2,0
C3006,51,Basic,16,491.23,32.0,38.6,8,1,1,5.5,4,0,0,41.8,2.6,0
C3007,57,Standard,8,874.21,45.4,-31.9,9,1,1,3.9,0,0,0,56.3,3.2,0
C3008,44,Standard,6,920.44,57.7,13.2,8,0,0,0.5,0,0,1,47.4,3.8,0
C3009,30,Standard,1,959.18,26.9,-7.9,14,1,1,0.5,6,0,1,73.7,4.2,0
C3010,62,Basic,1,535.16,38.5,13.1,7,4,2,2.7,1,1,0,55.6,2.9,0
C3011,50,Basic,4,545.08,62.4,-10.3,4,1,1,3.4,8,0,0,75.4,5.0,0
C3012,23,Standard,9,869.67,70.4,8.7,8,2,1,5.1,0,0,0,71.9,3.5,0
C3013,41,Standard,34,898.79,49.8,29.0,11,2,1,12.1,9,0,2,62.7,3.9,0
C3014,36,Standard,28,870.33,33.6,23.0,6,2,2,4.2,6,0,1,51.0,4.2,0
C3015,33,Standard,5,904.35,52.9,-6.5,8,1,1,2.8,8,0,0,70.0,2.8,1
C3016,57,Enterprise,5,3062.63,55.2,-28.8,8,0,0,1.9,1,0,0,62.8,4.8,0
C3017,45,Basic,4,520.97,46.1,-12.4,6,2,1,4.7,8,0,0,79.7,5.0,0
C3018,50,Standard,7,980.34,38.5,6.1,7,0,0,9.6,3,0,0,33.1,3.0,0
C3019,65,Standard,12,884.57,51.9,11.3,4,1,0,1.9,0,1,1,66.2,4.5,0
C3020,58,Standard,10,858.65,41.9,21.8,6,1,0,3.1,10,0,0,57.1,3.5,0
C3021,30,Basic,4,524.61,53.1,-23.3,4,1,0,0.8,0,0,1,53.6,3.4,0
C3022,60,Standard,2,904.94,33.6,-28.3,8,5,0,6.8,0,0,0,91.6,3.7,0
C3023,62,Premium,1,1515.14,34.4,-30.5,10,2,1,4.4,4,0,0,55.0,3.8,1
C3024,42,Basic,3,507.66,52.2,-9.9,8,2,1,1.5,3,0,0,25.4,4.1,0
C3025,70,Basic,21,474.78,33.7,0.4,14,1,1,7.3,9,0,0,74.7,4.5,0
C3026,59,Basic,5,508.79,42.6,4.2,7,1,0,12.4,1,1,0,84.0,3.5,0
C3027,53,Premium,11,1547.67,41.2,-40.4,12,0,0,1.2,0,2,1,73.3,3.8,0
C3028,44,Basic,16,552.81,32.3,-28.8,6,4,2,0.7,21,0,0,29.5,5.0,1
C3029,55,Enterprise,39,2974.52,36.2,-22.6,8,0,0,6.2,1,0,2,64.2,3.0,0
C3030,24,Standard,39,910.55,24.8,38.9,6,1,0,3.1,0,0,1,48.6,4.2,1
C3031,22,Enterprise,24,3072.86,45.5,-14.5,6,4,0,7.6,16,0,0,92.3,2.8,0
C3032,60,Enterprise,1,2975.61,31.4,-41.9,8,0,0,1.5,3,0,1,57.5,4.4,0
C3033,62,Standard,15,866.53,35.5,4.5,4,0,0,3.0,0,3,0,70.9,3.7,0
C3034,74,Basic,27,538.72,49.6,-7.7,7,1,0,3.0,7,0,0,69.8,3.4,0
C3035,68,Basic,1,529.95,62.9,-34.4,3,1,1,0.7,11,1,1,80.5,2.5,0
C3036,48,Basic,14,457.15,40.1,-16.8,6,1,0,16.9,8,0,1,91.7,3.9,0
C3037,40,Premium,35,1429.03,34.1,-13.5,7,2,1,3.8,0,0,1,63.1,3.8,0
C3038,59,Basic,11,509.58,38.8,-8.1,10,0,0,3.8,0,0,1,44.0,4.3,0
C3039,27,Basic,1,478.07,31.0,18.2,6,1,0,1.2,1,0,0,94.2,2.9,0
C3040,49,Standard,1,814.8,51.7,9.0,6,3,2,3.7,1,0,1,56.4,5.0,0
C3041,60,Enterprise,9,2964.64,25.9,-1.9,9,1,1,6.3,2,0,0,76.6,3.3,0
C3042,70,Basic,3,529.13,48.3,19.7,5,1,1,5.9,6,0,0,58.0,2.9,0
C3043,47,Basic,19,491.43,47.7,-15.2,11,1,1,8.8,0,0,0,63.4,4.5,0
C3044,56,Basic,22,577.31,59.7,-23.1,8,3,3,0.6,4,0,5,37.7,3.4,1
C3045,48,Enterprise,3,2894.64,42.2,2.7,5,1,0,0.7,16,0,0,62.1,5.0,0
C3046,35,Standard,39,965.9,30.5,0.8,3,3,0,4.3,2,0,0,73.3,2.5,0
C3047,53,Basic,10,481.8,48.1,-41.9,3,1,0,5.8,2,0,0,49.0,3.6,0
C3048,19,Basic,2,474.58,52.8,32.3,9,1,0,3.9,3,2,0,87.2,5.0,0
C3049,31,Basic,26,421.44,58.0,-30.5,11,1,0,0.5,1,0,2,92.7,3.9,0
C3050,30,Basic,28,522.25,39.6,8.2,11,0,0,3.2,5,0,0,66.4,3.0,0
C3051,46,Enterprise,18,2907.66,52.1,8.8,3,1,0,4.8,0,0,0,72.1,3.9,0
C3052,29,Premium,34,1539.9,47.5,-82.2,7,2,0,0.5,0,0,2,71.6,3.7,0
C3053,56,Standard,24,823.33,39.5,0.7,6,2,0,0.5,6,0,0,56.9,4.8,0
C3054,19,Premium,38,1431.21,34.0,35.9,10,1,1,1.0,0,0,1,52.4,5.0,0
C3055,49,Basic,10,439.44,37.6,-22.8,6,1,1,0.5,5,1,1,50.7,3.6,0
C3056,30,Premium,24,1463.2,40.0,-52.4,9,1,1,0.6,8,0,3,43.4,3.6,0
C3057,63,Premium,72,1546.1,29.3,-7.9,4,3,0,0.8,0,0,0,54.4,3.4,1
C3058,44,Standard,23,974.2,52.3,6.7,10,0,0,2.6,4,0,0,83.2,4.0,0
C3059,66,Premium,2,1468.37,57.8,-7.2,4,1,1,0.6,4,0,1,56.3,4.3,0
C3060,58,Basic,13,496.67,75.3,-28.8,9,1,0,3.2,3,1,0,74.6,4.1,0
C3061,34,Basic,15,523.5,33.9,-30.8,9,1,1,1.2,1,0,1,73.6,2.6,0
C3062,57,Basic,3,482.53,47.1,-45.6,4,0,0,1.3,0,0,1,66.9,2.8,0
C3063,48,Standard,59,921.54,55.1,-51.9,4,2,1,12.0,0,0,1,70.2,5.0,0
C3064,51,Premium,3,1498.8,63.8,-13.6,9,1,0,5.7,1,1,1,43.7,2.6,0
C3065,41,Enterprise,3,2986.33,25.6,5.6,13,1,1,1.9,2,0,0,66.7,3.4,0
C3066,62,Standard,44,828.01,35.3,-1.0,8,0,0,2.1,10,0,0,54.3,5.0,1
C3067,52,Premium,11,1506.45,52.8,1.3,8,1,0,0.5,4,0,1,86.9,3.9,0
C3068,65,Premium,1,1546.92,43.5,10.8,5,0,0,6.5,0,1,0,73.2,3.9,0
C3069,23,Basic,16,460.09,28.0,27.7,9,0,0,0.5,10,0,2,79.3,3.4,0
C3070,36,Standard,16,800.59,57.2,-4.3,11,1,1,0.5,5,0,0,62.1,4.2,0
C3071,47,Basic,1,483.02,50.2,3.6,6,3,3,2.7,2,1,0,51.5,4.7,0
C3072,24,Standard,64,974.49,35.1,3.8,7,2,2,0.7,2,0,1,60.7,4.2,0
C3073,27,Enterprise,14,3059.6,46.0,-1.3,8,2,1,3.5,10,0,0,37.2,3.6,0
C3074,58,Basic,14,469.98,38.8,-4.5,11,0,0,0.5,3,0,0,48.7,3.5,0
C3075,49,Premium,13,1521.78,32.5,-2.5,6,1,1,0.5,2,1,1,40.1,3.8,0
C3076,51,Standard,16,929.68,39.4,34.0,6,0,0,5.1,5,1,1,60.6,4.2,1
C3077,45,Standard,5,973.52,27.6,30.8,8,2,2,3.0,3,0,0,80.4,1.9,0
C3078,32,Standard,6,821.47,63.2,-47.7,12,3,2,0.5,1,0,1,59.8,4.2,1
C3079,47,Standard,12,845.56,62.1,0.5,8,1,0,0.8,27,1,0,44.9,4.6,0
C3080,54,Basic,29,398.51,33.4,-4.8,4,3,3,1.0,1,1,0,75.1,3.6,0
C3081,46,Basic,1,465.08,58.3,26.5,5,1,1,6.6,4,0,1,33.4,3.2,0
C3082,39,Basic,16,552.32,35.2,-5.9,7,1,0,3.1,2,1,0,43.4,3.0,0
C3083,21,Standard,29,871.01,57.7,1.3,10,3,1,2.7,0,0,0,70.0,2.0,0
C3084,37,Basic,3,433.59,60.5,-21.2,4,0,0,0.5,12,0,0,85.1,3.8,0
C3085,49,Premium,1,1510.33,56.8,15.3,10,2,2,3.7,1,0,0,61.4,4.0,0
C3086,53,Standard,6,911.62,24.8,-36.1,4,3,0,0.6,4,1,1,31.7,4.5,0
C3087,67,Standard,15,848.15,38.6,-12.6,4,1,1,2.6,5,1,1,66.9,5.0,0
C3088,21,Standard,2,873.7,57.0,-31.4,3,1,0,3.1,2,0,0,98.0,3.9,0
C3089,44,Standard,9,906.53,55.5,-12.5,9,3,1,6.5,1,0,2,83.1,4.8,0
C3090,34,Enterprise,14,3036.3,34.7,-18.7,5,2,1,5.7,0,0,0,55.1,2.3,1
C3091,29,Basic,16,466.56,45.6,15.9,6,1,0,0.7,12,1,1,59.3,3.4,0
C3092,39,Basic,5,459.35,56.5,-10.5,8,1,0,8.7,3,0,0,75.1,4.7,0
C3093,34,Premium,9,1594.63,56.4,32.3,8,2,2,0.5,5,0,1,74.4,3.9,0
C3094,27,Basic,27,485.3,57.7,-11.0,5,1,1,1.4,2,1,1,34.6,4.8,0
C3095,71,Basic,51,511.47,52.0,-32.1,9,0,0,0.5,1,0,0,66.5,4.8,0
C3096,18,Standard,35,931.42,55.6,-11.1,7,0,0,4.5,21,0,0,89.3,5.0,0
C3097,39,Basic,14,409.66,54.7,6.9,3,1,0,2.4,13,1,0,62.4,4.5,0
C3098,43,Standard,9,898.07,53.3,37.2,10,0,0,0.7,7,0,0,59.4,3.7,0
C3099,73,Basic,7,416.71,41.2,-21.1,7,1,1,0.5,9,0,0,96.1,4.6,0
C3100,35,Premium,2,1492.46,39.5,36.5,5,1,0,0.9,3,0,0,65.4,2.9,0
C3101,67,Premium,2,1567.66,58.4,-9.7,8,1,0,8.9,1,2,0,78.2,5.0,0
C3102,31,Standard,20,849.08,33.0,-16.1,12,0,0,4.0,1,0,0,79.3,3.4,0
C3103,64,Standard,5,815.68,40.0,14.4,2,1,0,1.0,10,0,0,69.1,3.8,0
C3104,46,Premium,5,1593.38,41.1,30.6,7,3,0,7.8,12,0,0,50.7,4.1,0
C3105,29,Basic,72,441.65,48.8,8.9,6,2,1,0.5,2,1,0,33.1,4.4,0
C3106,53,Premium,3,1424.07,47.9,-40.4,5,1,1,4.1,3,0,0,52.2,4.9,0
C3107,52,Premium,2,1579.95,74.3,3.3,7,1,0,1.9,6,1,1,56.7,3.1,0
C3108,69,Premium,1,1439.68,44.9,49.4,9,1,0,1.1,4,1,1,84.2,2.7,0
C3109,29,Standard,15,981.25,40.4,-61.9,15,3,2,1.1,8,0,0,75.2,3.0,0
C3110,24,Basic,17,512.7,44.0,4.3,3,1,0,2.4,3,0,3,48.4,4.0,0
C3111,46,Standard,8,963.2,37.3,-12.1,10,2,0,9.4,3,1,2,57.5,4.4,0
C3112,28,Premium,13,1508.3,34.6,-28.4,4,1,0,4.7,1,0,0,51.8,4.4,0
C3113,50,Basic,27,552.99,40.9,20.8,5,2,2,3.8,0,0,0,44.8,4.1,0
C3114,23,Premium,30,1453.08,63.0,-48.4,4,0,0,7.3,0,0,1,61.9,4.1,0
C3115,64,Basic,57,468.32,53.4,-13.8,4,1,0,3.0,0,0,0,81.3,4.8,0
C3116,32,Basic,31,393.22,45.2,20.0,12,2,2,0.7,0,0,0,40.4,4.6,0
C3117,49,Basic,14,547.59,52.0,17.2,7,1,0,13.2,3,0,1,86.3,2.5,0
C3118,68,Basic,3,519.98,40.3,9.9,3,0,0,2.7,2,1,0,68.5,4.2,0
C3119,28,Standard,1,848.63,30.4,-0.7,7,2,0,1.3,0,0,0,67.6,4.3,0
C3120,40,Basic,1,411.55,66.9,-8.1,7,1,0,5.3,0,0,0,60.4,3.2,0
C3121,43,Enterprise,19,3013.09,65.7,-16.8,18,2,2,2.2,2,0,0,66.7,4.5,0
C3122,51,Standard,29,982.8,41.5,-29.3,7,1,0,0.5,3,0,1,63.8,3.8,0
C3123,63,Basic,12,492.1,67.9,15.3,9,1,1,1.3,0,1,0,66.7,4.5,0
C3124,51,Standard,1,866.08,34.6,0.3,3,2,1,2.1,4,0,0,55.5,2.6,0
C3125,46,Premium,13,1452.15,26.3,16.1,8,0,0,1.6,0,0,0,76.5,2.8,0
C3126,21,Premium,49,1561.47,37.1,-24.5,6,4,1,2.8,2,0,1,26.9,4.7,1
C3127,34,Basic,16,460.04,38.7,-25.1,7,1,1,0.7,0,0,0,79.0,4.5,0
C3128,52,Premium,29,1480.44,40.9,7.4,1,2,0,3.0,0,1,0,75.2,1.9,0
C3129,30,Premium,28,1551.09,43.0,-61.9,4,2,0,15.1,0,0,0,74.2,3.6,1
C3130,58,Basic,48,530.87,40.6,-68.2,5,0,0,4.9,2,0,1,72.5,1.6,0
C3131,56,Basic,26,482.35,55.7,20.3,4,0,0,4.0,5,0,0,70.1,5.0,0
C3132,32,Standard,24,864.05,40.6,-22.7,5,2,0,0.8,1,0,0,78.6,3.3,0
C3133,72,Basic,4,572.28,50.6,-0.2,7,0,0,3.1,4,0,1,71.8,3.5,0
C3134,46,Premium,1,1443.18,42.3,4.5,9,0,0,6.0,7,1,2,58.4,3.1,0
C3135,46,Standard,13,888.49,42.4,20.9,12,4,2,1.0,1,0,0,53.5,3.5,0
C3136,28,Enterprise,2,2923.71,46.7,-16.0,6,3,1,0.5,2,3,0,64.1,3.3,1
C3137,69,Standard,58,958.44,32.6,-14.6,9,0,0,3.8,2,2,0,90.5,4.9,0
C3138,49,Basic,6,475.26,42.5,-20.4,9,2,0,3.9,0,0,1,79.1,3.6,0
C3139,19,Basic,34,464.02,28.2,10.5,10,1,1,5.7,1,0,1,73.8,3.3,0
C3140,64,Standard,8,932.08,47.9,11.6,11,1,1,3.5,1,2,0,9.2,4.2,1
C3141,31,Premium,7,1427.72,33.0,27.0,6,3,2,6.6,3,0,2,35.8,2.0,0
C3142,37,Premium,49,1530.77,47.0,-36.2,8,0,0,1.1,8,2,0,70.9,3.2,0
C3143,39,Basic,8,480.97,42.0,50.8,8,0,0,0.5,4,0,0,86.3,3.6,0
C3144,28,Basic,8,438.74,54.2,-12.8,5,3,1,4.6,1,0,0,56.2,2.8,0
C3145,44,Basic,2,449.49,53.2,-6.2,5,0,0,1.7,2,0,1,66.0,4.3,0
C3146,20,Standard,19,864.79,39.6,-0.9,5,1,1,0.8,8,0,0,56.7,3.7,0
C3147,34,Basic,6,476.8,51.3,-27.8,10,2,2,0.5,4,0,3,44.2,4.3,1
C3148,61,Standard,15,839.07,28.5,-15.3,4,2,0,4.9,1,1,1,56.5,4.3,1
C3149,73,Standard,16,913.73,54.0,31.5,10,1,1,6.1,3,0,0,67.4,5.0,0
C3150,45,Enterprise,22,2937.76,28.5,31.9,2,1,1,1.7,4,1,1,96.0,2.9,0
C3151,46,Basic,24,380.74,48.5,0.1,12,1,0,7.6,2,0,1,62.4,4.7,0
C3152,38,Basic,13,594.98,45.5,21.1,5,1,1,1.9,8,0,1,65.0,3.3,0
C3153,64,Standard,7,908.9,20.2,5.3,7,1,0,10.6,6,0,0,91.2,3.9,0
C3154,33,Standard,32,999.47,43.8,-6.4,3,1,0,14.3,2,0,0,76.0,4.2,0
C3155,54,Basic,6,446.82,59.2,-23.8,6,1,0,6.0,12,0,0,75.6,4.8,0
C3156,37,Enterprise,12,3022.99,45.5,-26.5,6,1,0,1.0,12,0,0,76.5,3.9,1
C3157,23,Premium,9,1543.73,42.1,-23.9,13,2,0,1.6,13,0,0,56.8,4.7,0
C3158,36,Basic,34,489.53,59.7,35.4,14,2,0,2.7,0,0,2,66.3,5.0,0
C3159,74,Basic,10,426.78,45.2,16.8,10,1,0,1.4,0,0,1,72.9,3.5,0
C3160,22,Standard,8,885.78,46.3,31.0,7,2,0,6.0,3,3,1,57.3,3.5,0
C3161,20,Premium,21,1530.32,38.9,5.0,7,2,0,9.2,5,0,0,62.3,3.1,0
C3162,18,Basic,16,528.41,41.7,-27.0,6,1,1,14.9,1,0,0,61.2,3.3,0
C3163,55,Standard,2,898.92,35.4,10.1,6,0,0,1.4,3,0,0,43.0,4.0,0
C3164,32,Standard,12,943.86,39.8,26.7,9,1,1,1.1,4,0,0,90.1,3.7,0
C3165,51,Basic,23,541.5,38.9,11.0,5,0,0,0.6,2,0,2,57.7,3.6,0
C3166,52,Standard,72,872.82,33.5,-37.9,7,0,0,0.5,3,0,0,53.7,4.1,0
C3167,66,Enterprise,17,2922.98,44.6,-41.9,3,0,0,0.7,0,0,0,71.4,3.6,0
C3168,42,Basic,8,508.52,78.8,10.9,4,2,0,1.2,20,2,0,93.4,2.5,0
C3169,41,Basic,4,461.67,46.6,-12.8,10,3,3,1.7,1,1,1,53.8,3.0,1
C3170,29,Standard,37,906.19,51.9,2.8,4,2,1,0.5,0,0,1,64.4,4.2,0
C3171,35,Premium,30,1566.28,48.8,-23.1,9,1,0,6.0,2,0,1,11.2,4.1,0
C3172,32,Enterprise,4,3020.87,38.5,-1.8,6,4,2,3.4,1,0,0,98.0,3.0,0
C3173,61,Standard,4,963.81,55.0,-32.5,10,2,2,2.9,1,0,1,53.7,3.2,0
C3174,33,Premium,22,1448.43,39.4,1.2,8,0,0,2.8,3,0,0,13.5,3.2,1
C3175,44,Standard,6,953.37,61.3,13.2,10,3,1,1.2,1,0,0,83.7,3.5,0
C3176,25,Standard,6,982.83,45.2,14.6,3,2,2,9.7,4,0,1,41.2,4.6,0
C3177,63,Basic,2,502.22,45.1,-37.7,7,2,2,0.9,2,1,1,39.9,5.0,1
C3178,42,Basic,5,615.1,42.3,6.7,11,1,1,3.9,0,0,0,44.5,4.0,0
C3179,34,Basic,10,456.13,47.1,-19.7,3,0,0,1.0,8,0,0,54.5,5.0,0
C3180,46,Standard,23,867.06,58.6,33.2,11,1,1,16.0,2,0,2,94.1,3.5,0
C3181,70,Basic,7,531.5,41.6,18.9,5,2,1,8.5,10,0,0,38.6,4.1,0
C3182,25,Enterprise,7,3001.72,51.4,-4.4,3,0,0,1.1,1,1,1,78.5,3.6,0
C3183,32,Basic,6,461.85,36.7,49.6,7,3,0,15.3,3,2,0,50.2,4.4,0
C3184,44,Basic,11,529.96,49.5,-23.2,5,1,1,3.4,8,1,0,53.5,4.6,0
C3185,63,Standard,3,916.78,46.2,-6.4,6,2,0,4.6,2,0,0,58.1,3.3,0
C3186,67,Premium,11,1469.69,36.6,8.5,10,4,3,1.2,4,0,0,61.9,4.8,0
C3187,69,Basic,21,508.45,50.8,45.9,9,0,0,0.9,1,0,1,70.5,3.3,0
C3188,24,Basic,1,536.95,45.2,31.6,7,0,0,6.8,1,0,0,33.2,2.8,0
C3189,20,Enterprise,1,2968.58,43.6,15.0,7,1,1,1.1,3,0,2,98.0,4.8,0
C3190,46,Basic,1,524.85,30.4,-26.9,7,0,0,8.7,3,1,0,63.9,4.1,0
C3191,61,Basic,13,455.65,41.9,-27.0,9,1,1,1.6,4,0,0,41.9,3.9,1
C3192,70,Premium,34,1465.31,62.1,12.4,7,2,0,0.5,5,0,0,90.7,4.1,0
C3193,41,Basic,1,554.58,53.7,-36.3,6,1,1,3.1,10,2,0,61.3,3.5,0
C3194,20,Standard,49,929.69,45.0,3.0,12,1,0,1.5,1,0,0,60.8,4.3,0
C3195,37,Standard,2,804.66,73.3,15.1,7,2,2,13.1,3,1,0,80.4,2.7,1
C3196,63,Basic,33,480.29,63.4,-41.9,4,3,0,1.7,2,0,0,29.0,5.0,1
C3197,32,Basic,11,523.48,74.6,11.2,8,1,0,1.3,0,0,0,76.6,3.0,0
C3198,42,Basic,19,505.94,36.1,17.4,9,1,0,2.9,2,0,1,68.1,2.8,0
C3199,47,Basic,12,529.91,40.4,-14.1,4,1,0,4.6,6,0,0,53.1,4.4,0
C3200,31,Basic,11,504.8,28.4,-8.9,7,1,1,11.9,0,2,0,59.1,2.9,0
C3201,24,Premium,32,1492.37,32.0,-49.7,7,0,0,0.5,3,0,1,51.6,4.6,0
C3202,34,Standard,25,890.84,34.2,-7.7,9,0,0,1.9,2,1,1,66.2,4.4,0
C3203,61,Standard,11,953.56,83.1,-43.1,11,1,0,3.8,4,0,1,68.6,2.8,0
C3204,37,Premium,2,1533.75,58.4,-22.2,10,0,0,0.5,6,1,2,42.8,3.7,1
C3205,53,Standard,2,919.24,58.7,-15.1,9,0,0,2.4,3,0,0,49.8,5.0,0
C3206,26,Basic,29,503.44,50.0,-33.9,8,0,0,5.7,1,1,1,28.4,3.4,0
C3207,55,Enterprise,13,2971.56,21.9,-36.2,6,4,3,0.5,0,2,1,43.1,3.1,1
C3208,65,Basic,11,483.66,37.2,-34.9,9,0,0,1.5,1,0,1,49.0,3.7,0
C3209,74,Basic,20,552.23,35.7,25.5,13,1,1,1.8,1,2,0,22.5,4.3,0
C3210,39,Premium,35,1547.53,32.1,-6.8,11,1,0,4.4,4,0,2,71.6,3.4,0
C3211,71,Standard,17,866.57,59.2,26.7,5,1,1,1.2,1,0,1,77.2,3.1,0
C3212,70,Standard,25,904.0,45.1,-15.1,8,2,2,1.0,2,0,0,98.0,4.4,0
C3213,70,Basic,26,523.92,33.4,-14.6,15,2,2,0.5,1,0,0,71.6,5.0,0
C3214,19,Standard,7,920.66,44.7,-15.6,7,0,0,19.2,1,1,0,48.9,3.8,0
C3215,41,Basic,5,520.27,46.5,-79.5,5,1,0,2.2,1,0,0,64.3,3.3,0
C3216,25,Enterprise,29,2943.4,48.8,7.7,3,2,1,0.5,5,1,0,72.3,3.6,0
C3217,28,Basic,8,440.43,44.0,-7.7,7,1,0,0.5,16,0,0,71.0,2.4,0
C3218,30,Premium,42,1557.51,42.4,-3.7,3,2,0,0.5,5,1,0,45.9,3.8,1
C3219,34,Standard,1,974.45,31.7,-57.3,5,2,2,0.8,0,1,0,89.2,4.3,0
C3220,25,Premium,1,1424.92,42.1,-5.7,12,3,1,4.7,4,1,1,76.9,3.2,0
C3221,38,Premium,47,1497.61,42.7,-16.0,7,0,0,2.9,4,0,0,83.2,2.3,0
C3222,35,Standard,18,939.7,38.6,-1.9,6,1,0,5.2,6,1,0,85.3,4.6,0
C3223,47,Basic,8,388.81,38.1,-6.9,6,1,1,0.5,5,0,2,79.6,2.4,1
C3224,35,Basic,25,445.33,39.2,-17.1,6,0,0,1.1,2,0,0,75.3,3.6,0
C3225,63,Basic,20,494.39,45.1,9.1,4,1,0,1.8,1,0,0,73.2,5.0,0
C3226,64,Premium,13,1469.14,31.1,20.6,4,0,0,2.0,0,1,0,68.1,4.1,0
C3227,48,Premium,1,1509.46,35.2,-15.2,13,0,0,0.5,0,1,0,61.0,2.1,1
C3228,55,Standard,30,972.52,46.5,-41.2,10,0,0,2.5,0,1,0,67.4,2.7,1
C3229,49,Basic,36,456.36,48.3,-39.6,8,2,2,1.2,11,0,0,49.0,3.1,1
C3230,28,Standard,3,901.51,56.7,5.6,4,1,0,0.7,3,1,0,80.3,2.8,0
C3231,62,Standard,34,881.76,77.9,27.4,3,2,0,3.9,3,0,0,55.7,2.5,0
C3232,42,Standard,37,905.82,49.9,-50.3,10,0,0,0.5,1,0,0,55.1,2.9,0
C3233,50,Premium,14,1499.29,33.1,-30.4,4,2,2,7.1,6,1,2,65.7,4.4,0
C3234,55,Enterprise,19,3130.86,56.9,-13.3,8,2,0,8.1,0,1,0,67.0,4.6,0
C3235,58,Basic,8,573.48,37.0,-56.0,7,1,1,1.4,5,1,1,66.8,2.3,0
C3236,25,Standard,5,819.95,36.4,-7.4,7,2,1,15.2,1,0,2,79.0,5.0,0
C3237,28,Standard,23,853.99,31.3,4.1,1,3,0,1.8,4,1,1,88.0,4.6,0
C3238,39,Basic,35,460.11,50.7,7.0,4,0,0,11.5,4,0,0,50.4,5.0,0
C3239,68,Basic,19,437.29,43.1,-15.0,4,2,1,15.2,1,0,0,60.1,2.8,1
C3240,41,Basic,12,430.58,56.4,-13.9,8,4,0,6.1,10,0,0,60.9,2.7,1
C3241,58,Premium,3,1490.08,35.6,-30.5,7,1,1,0.5,2,0,2,64.8,4.6,0
C3242,34,Standard,1,862.02,30.8,-49.3,8,2,1,3.1,1,0,1,68.1,4.2,0
C3243,29,Standard,10,854.46,57.3,-9.7,8,0,0,4.6,4,0,2,47.5,4.1,0
C3244,74,Enterprise,1,3100.02,59.3,5.2,3,0,0,0.5,5,1,0,76.8,3.5,0
C3245,63,Premium,15,1465.46,36.9,-4.6,7,2,2,7.8,12,1,0,69.4,3.6,0
C3246,49,Basic,8,476.84,39.0,22.7,10,2,0,6.7,0,2,1,53.2,4.6,0
C3247,32,Standard,25,936.07,48.6,3.6,4,2,2,9.5,3,0,0,73.3,3.2,0
C3248,33,Standard,6,876.67,34.1,11.5,4,4,2,2.5,2,1,1,57.2,2.4,1
C3249,71,Premium,16,1440.72,28.8,-0.8,8,2,1,1.4,1,0,1,65.7,4.1,0
C3250,39,Premium,13,1486.1,40.9,41.5,4,0,0,2.5,5,0,1,51.4,5.0,0
C3251,45,Standard,1,999.44,42.8,-17.2,12,1,0,4.6,0,1,0,78.5,2.5,0
C3252,37,Basic,1,474.93,50.7,12.0,5,1,0,1.9,1,1,1,62.5,3.8,0
C3253,50,Premium,6,1453.41,47.9,1.2,7,2,0,1.5,5,1,1,70.3,1.9,0
C3254,27,Basic,38,520.01,47.4,13.5,4,1,1,0.5,2,1,1,74.6,4.8,0
C3255,57,Basic,2,483.7,43.0,3.3,9,0,0,2.1,0,0,1,79.7,3.0,0
C3256,49,Basic,22,635.95,31.0,-6.1,10,0,0,1.7,8,0,0,83.1,3.8,0
C3257,67,Basic,65,459.66,40.0,4.5,9,0,0,3.8,5,0,2,79.4,3.9,0
C3258,50,Basic,28,585.69,49.5,7.6,8,1,1,2.0,3,1,1,69.1,3.9,0
C3259,19,Premium,5,1557.17,44.6,10.8,7,2,2,0.5,3,0,0,68.8,4.3,0
C3260,50,Enterprise,43,2979.93,84.8,31.6,7,0,0,2.3,3,0,2,50.9,5.0,0
C3261,50,Basic,1,498.82,50.2,-0.2,5,2,1,5.2,2,0,0,78.6,3.5,0
C3262,58,Basic,11,447.51,34.3,-32.4,5,0,0,10.2,5,0,2,37.0,3.6,1
C3263,30,Basic,39,472.08,48.6,-0.9,12,0,0,0.8,5,0,1,78.2,2.8,0
C3264,47,Basic,18,479.58,57.9,-16.1,3,0,0,1.9,0,0,0,51.2,2.2,0
C3265,50,Basic,9,506.89,29.6,-16.8,8,1,1,6.6,0,1,1,91.1,3.3,0
C3266,30,Enterprise,6,2928.37,65.1,-13.0,6,1,1,0.5,0,0,0,73.2,4.2,0
C3267,69,Basic,8,514.57,56.8,-27.6,5,0,0,1.5,0,0,1,69.5,3.6,0
C3268,43,Standard,12,891.71,63.8,-65.0,5,4,2,3.1,0,1,1,65.8,5.0,1
C3269,39,Basic,6,518.91,61.6,31.9,6,3,3,1.5,0,0,0,87.3,3.8,0
C3270,56,Premium,62,1526.37,44.6,-17.2,3,1,1,2.4,3,1,1,50.1,5.0,0
C3271,19,Premium,48,1487.7,36.6,-47.9,7,1,1,9.8,4,1,1,75.7,3.9,0
C3272,55,Enterprise,36,3023.41,50.3,-0.5,9,1,0,0.5,10,0,0,76.5,3.3,0
C3273,56,Premium,9,1494.64,41.8,10.4,6,2,2,0.5,5,0,0,65.9,2.6,0
C3274,43,Basic,21,536.17,35.8,-9.5,6,1,0,0.8,0,0,0,63.6,1.7,0
C3275,63,Basic,41,514.81,35.5,-37.2,5,0,0,1.7,2,0,0,91.2,3.2,0
C3276,67,Standard,34,908.05,62.0,-40.4,11,1,0,2.2,4,0,0,47.5,4.4,0
C3277,32,Standard,9,893.88,40.2,52.0,6,0,0,0.5,1,0,0,35.9,3.4,0
C3278,51,Standard,2,963.79,38.7,-40.3,8,1,0,7.5,1,0,1,63.3,2.9,1
C3279,59,Basic,1,519.26,39.7,-45.7,5,1,1,5.0,6,1,0,62.1,3.7,1
C3280,72,Basic,15,432.93,52.3,-12.7,6,0,0,1.1,0,1,0,65.7,3.7,0
C3281,61,Standard,18,875.4,66.5,15.5,4,2,2,1.0,3,1,0,54.7,3.4,0
C3282,66,Standard,34,887.57,18.2,36.5,8,0,0,0.5,6,0,2,65.1,4.3,0
C3283,57,Premium,6,1498.94,35.4,-10.3,8,1,0,1.8,6,0,0,39.0,3.6,0
C3284,28,Basic,3,507.84,62.5,-10.7,4,0,0,1.0,0,0,1,98.0,5.0,0
C3285,20,Standard,8,851.79,51.6,-37.1,8,1,0,3.4,7,0,0,45.6,3.3,1
C3286,23,Basic,7,495.6,35.1,22.2,12,1,1,2.8,0,0,0,74.3,3.2,0
C3287,26,Basic,2,483.29,50.3,-6.7,6,2,0,11.0,10,1,0,63.3,3.5,0
C3288,23,Standard,20,953.24,41.6,-5.9,6,2,1,5.6,0,0,0,65.1,4.5,0
C3289,26,Basic,12,449.25,66.1,5.8,10,3,1,0.5,0,0,0,53.9,4.3,1
C3290,56,Basic,22,498.13,35.5,2.5,6,1,0,4.3,0,0,0,79.5,3.3,0
C3291,48,Basic,7,464.73,51.5,-8.5,4,0,0,0.5,1,0,1,58.9,2.9,0
C3292,49,Basic,7,592.15,30.6,28.0,7,4,2,1.4,1,0,2,61.3,2.6,0
C3293,58,Basic,11,561.83,42.8,-45.1,10,1,0,2.8,2,2,1,46.4,2.7,0
C3294,67,Basic,37,416.88,62.2,0.3,10,2,2,2.4,5,2,0,90.8,5.0,0
C3295,29,Basic,1,459.19,63.4,5.2,4,1,1,4.1,2,2,0,60.2,3.1,0
C3296,25,Basic,29,542.55,34.2,-15.3,10,2,2,5.8,15,0,0,54.0,3.1,0
C3297,25,Standard,8,921.86,28.6,10.4,7,2,2,6.2,0,0,0,65.2,4.4,0
C3298,67,Basic,34,520.3,41.5,11.6,10,1,0,0.5,0,0,0,98.0,3.8,0
C3299,45,Basic,29,508.54,51.1,22.7,11,3,1,3.6,4,1,3,35.3,4.7,0
C3300,37,Basic,7,546.56,37.5,-7.8,4,0,0,11.4,1,0,1,91.7,5.0,0
C3301,64,Standard,21,938.05,37.3,-10.4,7,0,0,4.9,0,0,1,94.0,4.8,0
C3302,24,Premium,3,1484.47,53.1,8.5,7,1,1,2.6,6,1,0,62.9,3.4,0
C3303,28,Premium,40,1439.04,31.5,-9.9,6,2,0,20.0,1,0,1,23.0,1.5,0
C3304,37,Premium,9,1414.5,43.6,-43.0,4,2,1,0.5,5,0,0,59.3,2.3,0
C3305,33,Standard,10,893.82,49.6,16.6,8,2,1,0.5,0,0,0,58.2,3.9,0
C3306,21,Standard,22,807.0,36.2,-50.9,7,2,2,5.1,11,0,0,34.0,4.8,1
C3307,23,Standard,30,911.55,36.1,5.0,6,0,0,2.8,1,0,0,30.9,3.0,0
C3308,39,Basic,4,483.6,70.1,58.5,10,2,0,0.5,5,0,0,85.6,4.2,0
C3309,43,Basic,19,596.2,57.4,8.3,4,0,0,1.6,7,1,1,75.2,3.4,0
C3310,20,Basic,8,516.16,36.9,-22.4,9,2,0,0.5,0,0,0,44.1,5.0,0
C3311,58,Enterprise,8,2997.54,31.5,-16.3,10,3,3,2.6,0,0,1,68.6,3.3,0
C3312,59,Standard,21,818.19,38.1,4.3,7,1,1,0.5,3,0,1,39.2,4.5,0
C3313,31,Premium,8,1435.88,49.7,-5.5,9,1,0,0.5,3,0,1,39.4,3.7,0
C3314,28,Basic,7,533.07,43.0,13.9,9,2,0,1.4,3,0,0,54.3,4.1,0
C3315,35,Standard,32,883.35,34.6,31.3,5,1,0,0.9,2,0,1,50.1,3.3,0
C3316,71,Basic,1,625.77,50.8,27.9,11,2,2,1.6,10,0,0,58.7,4.1,0
C3317,29,Basic,20,494.85,32.2,-33.9,6,1,0,1.5,4,0,0,63.3,2.0,0
C3318,40,Premium,5,1507.45,48.0,-4.6,3,1,1,3.5,0,0,0,50.4,2.6,0
C3319,29,Standard,1,833.16,71.1,7.3,5,0,0,4.0,6,3,0,75.2,2.9,0
C3320,30,Basic,3,546.37,45.8,32.9,1,0,0,0.5,1,0,0,82.5,4.4,0
C3321,42,Premium,16,1452.71,46.4,4.0,8,1,1,2.3,5,0,0,37.8,3.5,0
C3322,62,Basic,22,525.22,35.2,-22.1,5,2,1,7.7,0,2,0,97.6,1.8,0
C3323,68,Enterprise,1,3039.59,41.5,5.9,4,1,1,0.6,5,1,0,57.7,3.8,0
C3324,36,Basic,1,503.76,38.5,40.5,3,1,0,11.9,3,1,2,64.5,2.4,0
C3325,72,Basic,41,586.85,46.3,-11.3,11,0,0,0.5,5,1,1,62.1,4.6,0
C3326,63,Basic,1,468.46,38.0,-22.5,6,1,1,0.5,2,0,1,71.8,4.3,0
C3327,53,Basic,40,582.78,38.8,-5.8,6,1,1,0.7,6,0,1,69.3,2.5,0
C3328,62,Basic,4,435.45,56.5,-21.3,6,2,0,2.2,11,0,0,73.3,4.2,1
C3329,25,Standard,24,938.95,44.3,15.7,6,1,0,1.2,5,1,0,32.9,5.0,0
C3330,46,Premium,6,1491.88,52.3,-21.1,7,1,0,1.9,5,0,0,98.0,2.6,0
C3331,72,Premium,35,1463.59,74.2,27.3,7,1,0,9.9,0,0,1,84.8,3.9,0
C3332,70,Basic,21,415.94,47.2,7.4,7,3,3,1.5,1,1,1,39.6,4.0,0
C3333,72,Standard,9,885.97,69.1,12.4,16,0,0,6.6,0,1,1,57.8,3.2,0
C3334,49,Basic,1,482.81,44.8,12.2,9,3,1,0.5,3,0,1,21.3,4.1,1
C3335,68,Basic,23,507.65,52.1,16.3,5,1,1,5.8,2,1,0,34.6,3.3,0
C3336,61,Standard,17,935.24,57.0,-12.7,5,4,2,8.1,1,0,0,61.0,2.6,0
C3337,35,Standard,1,858.58,41.0,-29.5,5,1,0,1.2,0,2,1,73.4,4.3,0
C3338,23,Basic,1,586.91,49.9,-16.9,8,0,0,2.8,10,1,0,80.1,3.3,0
C3339,35,Basic,29,472.07,40.5,18.2,7,0,0,0.7,3,1,1,40.6,2.7,0
C3340,36,Enterprise,5,3029.11,48.8,-49.2,7,1,0,0.5,1,1,0,98.0,4.2,0
C3341,39,Basic,18,503.51,37.1,-55.0,6,1,0,5.1,1,0,1,77.3,4.0,0
C3342,54,Standard,10,889.06,33.5,0.6,6,2,2,3.5,2,0,0,42.0,5.0,0
C3343,49,Standard,35,901.0,36.4,16.1,10,2,1,4.9,6,0,1,68.3,4.2,0
C3344,73,Basic,44,451.99,41.7,19.5,10,2,0,2.0,0,0,0,57.5,3.4,0
C3345,58,Basic,72,479.62,44.9,-28.8,7,0,0,1.0,7,1,0,42.7,4.4,0
C3346,20,Standard,3,832.01,56.7,-34.5,6,0,0,1.9,1,0,0,55.7,2.9,0
C3347,45,Premium,35,1471.54,69.1,-22.2,9,1,0,0.5,8,0,1,64.4,5.0,1
C3348,27,Standard,5,875.67,39.1,-14.8,3,1,1,1.2,9,1,1,36.1,3.3,0
C3349,68,Standard,16,941.26,33.9,-13.4,7,1,1,1.2,4,0,1,60.3,2.3,0
C3350,52,Enterprise,12,2982.4,60.9,-2.0,7,1,1,4.4,9,0,2,73.2,3.3,0
C3351,46,Premium,1,1476.6,55.2,30.1,8,1,0,0.5,5,0,1,83.6,3.3,0
C3352,71,Standard,48,910.0,41.2,-6.5,6,3,0,1.0,0,0,0,73.9,4.6,0
C3353,32,Standard,1,908.04,44.9,18.4,4,0,0,1.1,12,0,0,56.5,2.9,0
C3354,50,Standard,20,869.45,37.6,11.4,8,2,2,2.8,0,0,0,64.8,3.4,0
C3355,24,Standard,27,918.71,61.1,-22.8,7,0,0,1.0,2,0,1,70.5,3.8,0
C3356,29,Standard,28,890.07,47.4,11.1,8,2,0,0.5,1,0,1,69.3,3.8,0
C3357,66,Standard,2,869.37,39.4,9.4,7,1,1,1.0,1,0,2,63.8,5.0,0
C3358,47,Basic,10,474.23,48.4,-5.0,7,3,0,1.9,6,0,1,63.2,4.4,0
C3359,38,Standard,31,946.47,49.0,-0.7,9,1,0,2.6,1,2,0,55.5,3.1,0
C3360,48,Basic,6,475.73,63.5,-6.4,5,3,0,0.5,3,0,0,64.9,4.4,0
C3361,41,Basic,11,512.06,55.5,-32.3,9,0,0,1.3,1,1,0,59.1,3.5,0
C3362,37,Basic,5,434.88,30.7,54.1,11,3,0,5.1,8,1,1,43.8,5.0,0
C3363,54,Standard,11,954.77,58.0,21.4,8,0,0,3.2,0,0,2,78.2,3.6,0
C3364,21,Standard,39,869.85,37.5,8.2,6,3,3,2.1,0,1,0,69.3,4.5,0
C3365,45,Basic,10,519.01,59.3,-15.1,7,0,0,2.1,0,2,0,53.5,4.8,0
C3366,61,Standard,14,886.42,28.6,-7.3,10,1,0,1.6,5,0,1,61.3,3.5,0
C3367,37,Standard,9,918.44,57.2,-34.3,8,1,1,1.5,0,0,1,66.4,3.7,0
C3368,41,Basic,11,521.17,48.3,6.7,5,1,0,1.8,3,0,2,78.0,3.4,0
C3369,67,Standard,1,891.77,27.9,3.4,10,2,1,7.1,5,0,0,58.7,4.4,0
C3370,66,Premium,6,1405.7,51.8,-10.2,4,0,0,2.2,0,0,3,65.2,5.0,0
C3371,68,Premium,10,1553.55,57.2,-4.3,6,2,1,3.9,10,0,0,90.5,4.3,0
C3372,49,Standard,18,892.0,43.0,-12.5,6,2,0,5.8,1,0,0,5.3,4.1,1
C3373,58,Standard,10,917.4,38.9,-17.4,6,0,0,2.0,6,1,0,48.0,3.1,0
C3374,53,Basic,7,533.59,44.8,-24.4,3,2,2,6.4,6,0,1,72.2,4.8,0
C3375,70,Basic,8,476.14,37.0,-30.5,6,2,2,17.2,1,0,0,81.4,4.0,0
C3376,51,Basic,4,524.86,44.2,-22.5,4,3,3,2.5,3,1,2,45.4,5.0,0
C3377,53,Enterprise,46,2961.62,36.5,-20.6,10,3,3,1.8,3,0,1,48.4,5.0,0
C3378,19,Basic,13,518.38,51.4,22.2,7,1,0,5.7,2,0,0,65.7,3.9,0
C3379,32,Basic,1,499.99,43.1,-20.5,6,3,0,3.7,1,0,0,35.1,4.1,1
C3380,51,Premium,1,1477.88,56.4,-55.9,5,0,0,3.3,7,0,0,61.7,3.8,0
C3381,53,Enterprise,64,3001.35,37.1,2.3,5,1,1,7.6,0,0,0,62.2,2.9,0
C3382,23,Premium,4,1446.24,38.4,10.6,5,1,0,3.7,6,0,3,61.2,4.5,0
C3383,56,Basic,29,514.45,56.3,19.2,6,0,0,3.6,0,1,1,47.7,3.6,0
C3384,59,Basic,1,519.64,34.7,-0.8,9,0,0,0.8,4,0,0,54.5,5.0,0
C3385,68,Standard,45,916.28,31.8,-33.5,3,0,0,4.1,1,0,0,33.4,3.9,1
C3386,68,Basic,37,574.11,38.5,-25.0,4,2,0,8.5,10,0,1,42.2,2.7,1
C3387,71,Basic,15,494.25,51.7,10.0,6,2,0,3.0,3,1,0,58.4,4.2,0
C3388,29,Standard,1,897.69,43.1,31.5,7,0,0,8.2,3,1,0,75.9,4.6,0
C3389,20,Enterprise,5,2940.49,58.7,-33.6,7,0,0,1.5,1,0,1,69.1,4.3,1
C3390,62,Basic,9,577.62,49.1,0.3,9,2,0,0.5,2,0,2,77.4,4.1,0
C3391,35,Standard,11,824.09,60.1,-18.9,9,0,0,2.1,0,0,0,70.9,3.7,0
C3392,57,Standard,6,910.43,50.8,-25.6,8,0,0,0.5,0,1,0,89.9,4.0,0
C3393,38,Basic,1,468.26,26.7,-4.1,14,1,1,0.6,1,0,0,51.2,4.0,0
C3394,32,Standard,16,902.12,46.2,-8.3,11,3,1,0.7,11,1,0,73.3,2.8,0
C3395,50,Basic,13,433.6,36.4,-55.6,7,0,0,2.7,2,0,1,69.6,5.0,0
C3396,52,Basic,5,543.58,46.4,0.0,8,2,0,10.5,2,1,0,65.7,4.1,0
C3397,43,Premium,1,1451.24,30.4,3.2,13,0,0,0.5,5,0,1,54.8,3.8,0
C3398,25,Basic,72,557.31,74.0,13.7,9,0,0,0.9,4,1,0,51.6,5.0,0
C3399,53,Enterprise,11,2952.62,33.5,-19.3,6,3,2,12.2,4,1,0,57.6,2.6,1
C3400,65,Basic,25,547.76,52.9,-44.7,8,2,1,7.5,3,0,0,40.5,5.0,0
C3401,47,Standard,10,857.45,44.2,-15.5,6,0,0,6.3,0,0,0,42.7,3.1,1
C3402,40,Standard,1,868.27,33.6,12.6,5,2,0,0.5,1,0,1,64.2,5.0,0
C3403,59,Basic,6,498.91,43.8,-6.9,7,1,0,3.6,9,0,0,64.3,2.9,0
C3404,61,Basic,6,456.6,60.8,16.2,5,3,3,0.8,12,0,0,62.9,3.0,0
C3405,31,Standard,32,855.13,40.5,-37.5,10,3,3,3.7,2,2,1,38.4,4.3,0
C3406,31,Premium,19,1457.18,48.4,15.3,7,1,1,2.0,0,0,0,38.2,4.0,0
C3407,19,Premium,5,1514.94,58.9,1.2,6,1,1,3.5,2,0,1,54.0,3.0,0
C3408,72,Standard,61,898.98,49.6,-13.9,4,0,0,2.0,1,0,0,98.0,3.0,0
C3409,54,Premium,6,1501.63,50.2,21.8,9,2,1,8.3,0,0,1,47.4,3.4,0
C3410,22,Standard,72,882.77,31.0,1.0,5,0,0,0.5,1,2,1,77.3,4.8,0
C3411,55,Premium,72,1526.43,48.3,-29.6,8,0,0,0.7,0,2,0,56.3,4.1,0
C3412,62,Standard,3,951.5,45.4,19.5,10,0,0,6.3,0,0,1,43.0,4.3,0
C3413,58,Standard,6,927.78,62.8,-11.0,10,1,1,4.7,2,0,0,64.4,3.3,1
C3414,71,Premium,11,1488.55,77.3,-4.1,10,2,0,0.7,1,0,0,51.2,4.2,0
C3415,64,Standard,19,837.96,47.5,-26.6,8,0,0,0.5,1,0,0,67.6,2.6,0
C3416,31,Premium,13,1400.15,72.5,-6.3,7,2,2,1.3,1,1,2,66.9,3.0,0
C3417,73,Standard,62,895.76,40.6,-28.7,8,4,3,2.3,2,1,1,29.8,4.7,0
C3418,56,Basic,23,399.34,60.4,-9.3,8,3,0,0.5,5,0,1,74.2,4.1,0
C3419,42,Basic,4,489.03,76.3,-4.2,7,3,1,6.5,4,0,1,47.5,5.0,0
C3420,37,Standard,1,969.13,46.5,10.1,6,1,1,2.6,14,0,0,68.4,4.4,0
C3421,19,Standard,20,841.33,50.8,-40.2,13,1,1,8.8,9,2,0,66.4,2.7,1
C3422,56,Premium,3,1434.69,48.5,20.1,11,2,0,1.4,2,1,0,87.7,4.5,0
C3423,23,Basic,27,530.85,36.3,20.9,10,2,1,0.5,6,0,1,64.1,2.6,0
C3424,34,Premium,6,1358.71,51.2,-9.7,4,2,0,7.2,0,1,0,69.3,4.4,0
C3425,42,Premium,7,1518.09,60.3,-1.8,6,2,2,0.6,0,0,0,41.6,3.6,0
C3426,74,Basic,1,572.43,49.2,2.7,4,3,2,1.4,4,1,0,87.5,3.2,0
C3427,45,Premium,21,1455.38,59.8,-2.9,8,1,1,2.2,0,1,0,72.9,3.8,0
C3428,19,Enterprise,2,2946.79,46.0,10.1,9,0,0,2.4,2,0,0,54.1,2.7,0
C3429,52,Premium,26,1528.5,47.1,-14.7,8,2,0,0.5,1,1,0,84.8,3.5,0
C3430,54,Premium,12,1440.46,28.3,-24.0,6,4,1,2.6,1,0,0,77.2,1.9,1
C3431,22,Enterprise,27,3039.54,30.8,5.7,6,1,1,0.5,0,1,1,59.6,4.8,0
C3432,18,Standard,15,844.53,63.9,-43.1,9,1,1,1.4,3,1,1,31.1,4.1,0
C3433,57,Basic,1,587.42,52.0,10.5,14,5,2,13.0,0,0,1,67.0,3.7,0
C3434,29,Premium,26,1532.12,33.6,13.1,11,1,1,1.2,4,0,1,60.1,4.2,0
C3435,73,Standard,1,900.9,35.0,-24.6,4,3,3,5.9,9,1,0,97.5,2.8,0
C3436,53,Standard,11,984.54,33.7,30.6,10,1,1,2.5,1,0,0,72.2,3.6,0
C3437,62,Basic,3,550.58,45.1,-13.8,6,0,0,0.8,2,0,0,44.2,4.3,1
C3438,40,Premium,25,1517.43,53.2,-15.9,12,0,0,4.5,3,0,0,81.5,3.0,0
C3439,64,Basic,43,405.84,39.8,-21.3,6,1,0,2.8,4,0,0,47.8,4.9,0
C3440,48,Enterprise,14,2963.93,44.6,6.2,6,3,3,2.7,3,0,1,63.3,3.6,1
C3441,28,Basic,13,553.27,45.0,-14.8,7,3,2,0.5,4,0,1,63.5,2.2,1
C3442,27,Basic,25,433.99,38.9,-40.9,7,1,0,1.4,6,0,1,49.8,4.0,0
C3443,20,Standard,1,860.71,50.1,3.5,4,2,0,4.6,18,0,1,31.1,3.5,1
C3444,71,Basic,44,447.9,45.0,-12.3,5,0,0,5.6,1,0,2,75.4,5.0,0
C3445,31,Standard,3,919.12,50.1,22.1,0,0,0,5.9,3,0,0,68.2,3.6,0
C3446,33,Enterprise,72,3047.18,53.3,2.7,5,2,0,0.5,1,0,0,56.2,4.6,0
C3447,27,Premium,23,1547.23,25.8,1.7,6,1,0,0.6,1,1,2,43.8,3.4,0
C3448,46,Basic,26,456.36,48.5,20.4,5,0,0,14.8,24,3,1,85.9,2.4,0
C3449,27,Basic,19,518.43,45.7,-1.0,6,1,0,0.6,0,0,0,50.0,4.1,0
C3450,29,Premium,11,1454.01,50.7,14.6,4,3,0,0.8,0,1,1,49.0,4.1,0
C3451,47,Enterprise,15,2988.47,61.0,-21.2,6,1,0,5.7,3,0,0,52.2,4.6,0
C3452,58,Standard,1,925.01,45.2,36.2,5,2,2,1.7,4,1,1,68.5,2.3,0
C3453,18,Standard,17,952.07,27.3,1.9,8,0,0,0.5,5,1,0,60.8,4.2,0
C3454,22,Basic,17,391.53,37.4,-35.0,7,5,1,0.5,4,0,0,98.0,4.2,0
C3455,37,Premium,39,1503.93,74.1,-1.6,11,3,2,0.5,6,0,1,85.4,4.1,0
C3456,25,Standard,12,969.36,39.8,-0.3,8,1,0,0.7,5,0,1,35.3,1.5,1
C3457,60,Basic,1,510.61,39.4,-1.9,9,1,1,2.4,3,4,0,67.2,4.7,0
C3458,29,Basic,6,503.13,36.3,-62.5,8,1,1,0.5,2,0,1,84.1,2.8,0
C3459,18,Premium,19,1470.85,38.0,-18.7,8,1,0,0.5,5,1,1,68.6,4.6,0
C3460,74,Basic,4,568.04,43.4,-39.6,7,0,0,8.3,5,0,0,43.7,5.0,1
C3461,71,Basic,5,473.16,22.8,-39.2,3,1,1,7.3,1,2,0,77.5,4.5,1
C3462,37,Standard,30,893.99,42.9,-0.8,8,4,3,6.3,0,0,0,63.7,4.0,0
C3463,45,Basic,15,475.49,36.9,-19.0,7,0,0,4.3,1,0,3,56.9,3.6,0
C3464,74,Basic,12,504.41,38.7,-14.1,8,2,0,3.8,3,0,1,66.6,3.9,0
C3465,60,Premium,6,1570.28,48.0,-27.4,7,0,0,1.1,2,0,3,66.6,2.9,0
C3466,54,Premium,23,1453.69,38.4,29.5,6,2,0,1.4,1,0,2,46.3,4.2,0
C3467,64,Premium,6,1504.63,49.6,-4.0,10,2,2,0.9,10,0,0,36.5,3.6,1
C3468,54,Premium,24,1518.55,38.1,-43.1,4,1,0,13.7,2,1,0,98.0,2.8,0
C3469,29,Standard,1,858.38,52.7,11.1,8,1,0,3.5,0,1,1,52.8,2.9,0
C3470,54,Premium,35,1496.05,25.7,-13.6,13,0,0,11.8,0,0,1,61.0,3.8,0
C3471,66,Standard,12,991.57,42.1,24.8,12,0,0,1.1,0,3,0,70.8,2.6,0
C3472,66,Standard,10,810.58,37.7,-5.2,4,1,0,3.4,1,1,0,73.3,3.8,0
C3473,73,Enterprise,16,2977.94,41.2,-22.4,6,3,2,5.0,1,0,0,59.0,4.9,0
C3474,61,Basic,17,511.53,45.3,-18.6,14,1,0,0.5,1,0,0,65.9,4.0,0
C3475,73,Standard,2,880.2,42.3,-15.1,8,0,0,3.8,7,0,0,74.1,3.6,0
C3476,45,Standard,25,1043.31,33.7,7.2,6,0,0,0.6,5,0,1,54.8,3.1,0
C3477,64,Basic,5,526.43,33.2,-24.6,8,2,2,1.4,2,0,0,48.9,4.2,0
C3478,32,Basic,42,446.78,32.6,26.1,5,2,1,4.4,2,0,0,53.6,2.5,0
C3479,23,Premium,30,1382.16,45.1,4.2,8,3,3,2.0,1,0,1,98.0,3.7,0
C3480,61,Enterprise,7,3016.01,51.0,0.6,6,0,0,8.9,0,0,0,75.0,3.9,0
C3481,37,Standard,29,861.22,34.7,-3.2,7,1,1,1.0,10,0,0,50.1,3.2,0
C3482,67,Basic,7,563.44,62.2,-5.5,3,1,1,0.6,1,0,1,69.1,4.0,0
C3483,31,Basic,1,485.26,35.5,-36.7,4,1,1,1.4,7,0,1,64.4,5.0,0
C3484,19,Premium,58,1470.58,50.9,2.3,6,2,2,6.7,5,0,0,79.4,4.3,0
C3485,26,Standard,19,869.74,33.2,43.1,9,3,2,6.6,0,0,0,98.0,4.9,0
C3486,54,Basic,10,548.33,48.5,12.3,6,2,2,1.6,1,0,0,56.3,4.6,0
C3487,37,Standard,9,919.78,59.7,6.0,10,1,0,5.8,2,1,0,56.2,5.0,0
C3488,43,Basic,7,586.8,37.0,-43.4,4,0,0,0.5,1,1,2,65.4,3.4,0
C3489,46,Standard,71,888.24,42.8,22.2,8,0,0,0.5,2,0,0,57.1,2.0,0
C3490,18,Premium,2,1542.11,49.2,15.1,4,1,1,7.0,1,1,0,51.9,3.5,0
C3491,72,Standard,6,942.97,49.7,24.2,3,5,2,7.3,4,0,0,85.4,2.9,0
C3492,52,Standard,11,932.69,58.9,-27.6,6,2,2,0.5,1,1,0,45.4,3.3,1
C3493,23,Standard,11,873.51,29.7,-15.0,8,2,1,1.2,1,0,0,58.0,3.1,0
C3494,54,Premium,11,1522.67,42.9,-42.1,8,1,0,6.7,1,0,0,96.3,4.2,0
C3495,70,Standard,3,894.14,33.8,-44.3,5,1,1,0.5,6,0,1,44.5,5.0,0
C3496,22,Basic,2,492.82,37.3,-19.4,4,0,0,7.0,4,1,0,57.3,4.9,0
C3497,50,Standard,5,858.71,35.8,6.7,10,0,0,3.0,5,0,0,66.7,3.7,0
C3498,66,Basic,44,392.98,43.5,-15.4,11,1,0,3.7,2,0,0,55.7,2.1,0
C3499,68,Premium,2,1561.42,36.8,-21.7,8,2,1,3.2,7,0,2,59.1,3.1,0
C3500,31,Standard,25,920.58,40.0,3.5,3,0,0,3.1,2,1,1,26.4,2.5,0
C3501,29,Enterprise,25,2931.84,41.5,-85.0,7,3,3,0.7,0,1,0,70.2,3.7,1
C3502,59,Basic,29,534.89,47.5,-18.6,11,0,0,0.9,2,0,1,77.4,4.5,0
C3503,37,Premium,39,1562.41,49.1,3.5,8,0,0,3.0,2,0,0,54.0,5.0,0
C3504,70,Standard,5,937.88,45.4,-15.1,5,1,0,1.8,0,1,0,74.6,3.9,0
C3505,67,Premium,4,1454.42,42.5,27.5,9,0,0,2.7,4,1,1,59.3,1.8,1
C3506,41,Basic,11,462.4,56.9,-21.5,5,0,0,1.0,6,0,0,92.3,2.4,0
C3507,60,Standard,5,871.61,35.3,-19.8,8,2,2,2.2,1,1,1,23.6,3.6,1
C3508,51,Premium,23,1542.05,53.6,-29.7,10,0,0,0.5,5,0,1,60.8,5.0,1
C3509,42,Basic,18,522.95,28.5,-23.9,11,3,2,0.5,3,0,0,91.4,4.7,0
C3510,67,Basic,37,638.51,40.3,1.9,8,1,0,10.6,1,1,0,75.5,2.2,0
C3511,46,Standard,1,816.96,49.3,15.2,7,2,2,4.5,1,1,0,46.9,2.4,0
C3512,74,Standard,44,896.37,39.6,48.9,11,1,1,2.4,11,0,0,49.1,1.6,0
C3513,56,Basic,6,402.61,54.2,9.4,6,2,1,2.8,0,0,0,48.3,4.4,0
C3514,48,Basic,12,528.83,46.5,-34.4,10,3,3,2.5,0,0,1,83.2,3.2,1
C3515,73,Basic,10,552.34,49.4,26.0,3,1,1,8.0,0,0,0,98.0,3.2,0
C3516,64,Premium,25,1571.11,53.6,7.2,5,0,0,5.2,8,1,0,54.9,4.7,0
C3517,60,Standard,9,908.43,49.1,-4.3,14,1,0,1.4,4,1,1,84.8,2.9,0
C3518,67,Premium,51,1403.33,66.5,21.7,8,3,3,0.9,0,1,1,76.1,2.9,0
C3519,40,Enterprise,41,2996.49,39.5,54.2,9,2,0,0.5,5,0,0,66.9,4.0,0
C3520,61,Standard,37,920.84,38.7,-9.7,7,1,1,0.6,3,0,0,53.2,3.6,0
C3521,55,Basic,1,448.74,54.5,-25.8,10,0,0,2.4,17,0,1,60.1,4.6,0
C3522,37,Basic,34,485.75,33.0,28.2,8,1,0,0.8,2,0,0,80.1,2.8,0
C3523,40,Basic,27,435.15,40.8,61.4,8,1,0,1.3,2,0,1,52.9,4.0,0
C3524,62,Enterprise,1,2968.36,28.6,-1.4,9,2,0,0.5,1,0,1,80.0,3.4,0
C3525,69,Standard,2,944.62,67.3,-4.2,7,1,0,9.0,0,0,0,53.7,3.6,0
C3526,33,Basic,1,533.01,44.6,-0.7,3,0,0,0.5,5,1,0,56.5,3.6,0
C3527,67,Standard,1,829.24,30.2,6.2,9,3,3,1.5,1,0,0,66.2,3.3,0
C3528,59,Standard,14,863.75,63.9,-40.2,11,1,1,1.0,5,0,0,39.8,4.6,0
C3529,72,Standard,65,901.85,74.1,2.6,4,0,0,0.5,5,1,2,59.3,3.9,0
C3530,25,Basic,10,510.33,43.8,1.8,11,1,1,9.2,9,0,2,81.2,2.6,0
C3531,67,Enterprise,14,2965.86,37.7,0.4,8,0,0,1.3,2,2,0,49.7,4.0,0
C3532,38,Standard,61,922.82,46.1,-0.8,6,2,0,2.4,0,0,1,79.8,3.4,0
C3533,18,Basic,5,497.24,48.4,-2.6,5,1,1,3.1,0,2,0,50.2,3.4,0
C3534,72,Premium,35,1370.17,30.7,-57.5,3,2,0,3.3,1,0,0,93.2,4.4,0
C3535,25,Basic,14,470.42,36.5,-23.0,6,1,0,2.2,10,1,0,98.0,3.5,0
C3536,46,Enterprise,15,2968.99,41.6,16.4,10,0,0,3.2,5,0,0,37.7,3.9,0
C3537,49,Enterprise,7,3032.91,39.5,22.3,4,3,2,4.9,3,1,2,46.7,4.4,1
C3538,55,Premium,14,1533.8,64.7,-15.6,4,1,1,10.6,1,1,0,79.6,3.8,1
C3539,22,Premium,1,1415.39,42.9,-28.9,6,1,0,3.7,4,0,0,66.0,1.7,1
C3540,64,Basic,26,520.92,27.2,12.9,9,0,0,2.2,5,0,0,50.4,4.7,0
C3541,39,Enterprise,6,2995.3,47.8,1.8,7,2,2,2.1,1,0,0,51.2,2.1,1
C3542,64,Standard,39,905.32,44.0,-8.1,9,1,0,4.3,4,2,1,58.4,2.8,0
C3543,51,Premium,8,1468.31,41.7,16.5,9,1,1,3.5,0,0,1,58.5,3.4,0
C3544,18,Enterprise,2,2995.91,28.1,-34.5,9,0,0,1.9,0,0,0,56.9,3.8,0
C3545,72,Enterprise,21,3056.52,41.3,24.0,6,1,1,1.4,0,0,0,51.6,2.3,0
C3546,72,Premium,3,1504.61,46.4,-42.6,6,1,0,17.4,6,0,1,30.5,4.0,0
C3547,43,Basic,25,496.88,66.0,-25.6,3,1,1,5.1,1,1,0,64.7,4.6,0
C3548,60,Enterprise,62,2975.04,38.5,-31.0,9,1,1,0.8,3,2,1,75.8,3.6,0
C3549,27,Standard,27,951.61,53.8,-19.6,9,1,0,1.2,0,2,1,66.7,3.5,0
C3550,47,Enterprise,1,2934.96,40.6,2.7,6,2,1,7.8,2,0,0,80.3,4.9,0
C3551,67,Standard,16,858.9,46.0,12.0,7,4,1,3.8,0,0,1,69.6,3.4,0
C3552,35,Basic,21,432.09,50.1,-7.0,10,2,1,1.3,7,0,0,60.5,1.6,0
C3553,34,Standard,31,909.03,75.9,-36.9,9,4,1,1.6,3,0,1,65.7,4.0,0
C3554,43,Standard,1,957.99,58.9,-55.0,8,2,1,1.7,8,1,2,59.4,3.3,1
C3555,25,Premium,11,1482.56,34.6,16.2,8,0,0,0.7,2,0,0,51.4,3.2,0
C3556,64,Basic,13,445.53,47.4,13.1,6,1,0,2.5,1,0,0,30.2,5.0,0
C3557,57,Standard,3,980.82,45.9,21.8,6,2,0,5.1,2,0,0,73.6,2.9,0
C3558,66,Basic,7,521.56,49.2,-8.3,6,0,0,2.9,1,2,0,56.3,3.2,0
C3559,29,Premium,10,1512.88,29.9,11.7,5,1,1,3.7,8,1,1,35.2,2.9,0
C3560,44,Standard,32,889.49,43.5,-21.0,8,1,0,3.2,1,0,0,70.6,4.4,0
C3561,25,Basic,47,532.45,36.3,7.0,5,3,3,0.5,1,1,0,18.9,4.7,0
C3562,42,Basic,17,512.09,34.9,-17.0,10,1,1,0.7,3,2,0,63.9,4.4,0
C3563,63,Basic,9,474.94,53.7,-25.4,6,0,0,1.5,0,0,0,78.5,4.0,0
C3564,21,Standard,5,883.31,63.1,0.8,6,1,0,7.7,0,1,1,79.2,4.1,0
C3565,50,Basic,72,448.01,54.5,-0.5,13,0,0,1.5,2,0,0,33.4,4.3,0
C3566,18,Basic,72,441.77,65.9,17.8,8,1,0,1.4,0,0,1,59.8,4.8,0
C3567,36,Enterprise,46,2984.17,40.9,-37.1,7,1,1,0.5,1,0,1,64.7,5.0,0
C3568,48,Premium,27,1556.71,84.8,18.2,8,1,0,12.5,4,0,1,59.6,4.2,0
C3569,33,Standard,7,847.29,23.1,-1.8,6,2,2,5.3,1,0,0,95.5,3.2,0
C3570,31,Enterprise,30,3040.82,68.3,21.7,6,0,0,5.1,4,2,1,91.8,1.9,0
C3571,70,Basic,9,459.05,45.1,21.4,4,0,0,1.7,2,0,0,63.3,4.7,0
C3572,65,Standard,7,809.67,45.4,-65.8,5,1,0,0.5,5,0,0,84.7,4.9,0
C3573,22,Standard,24,926.33,24.8,21.2,13,0,0,1.1,5,1,0,53.3,3.3,0
C3574,58,Standard,1,980.44,42.3,22.3,2,2,1,6.7,0,0,0,71.9,3.9,0
C3575,43,Standard,1,856.21,36.5,-36.5,4,0,0,0.7,11,0,1,59.2,4.5,0
C3576,45,Standard,10,820.51,30.4,-44.0,10,1,1,7.9,6,0,0,92.7,2.4,0
C3577,19,Standard,10,921.75,49.2,14.4,7,1,0,2.7,3,1,0,80.7,2.0,0
C3578,67,Premium,40,1452.84,57.1,-2.2,7,0,0,4.4,3,1,0,74.1,3.4,0
C3579,23,Basic,2,525.83,41.0,-21.1,2,3,3,2.1,7,0,0,79.6,3.1,0
C3580,26,Basic,2,556.57,36.8,31.0,6,0,0,9.4,2,1,1,43.5,5.0,0
C3581,50,Basic,2,515.53,45.4,2.6,5,2,1,1.0,2,0,1,52.7,3.9,0
C3582,58,Basic,1,539.49,37.6,-57.1,6,3,2,3.0,3,0,0,57.8,4.6,1
C3583,42,Standard,1,939.83,51.9,-30.4,13,1,1,0.5,0,0,0,84.5,1.9,0
C3584,65,Basic,19,548.5,37.3,21.1,7,3,0,2.3,3,1,0,62.5,3.6,0
C3585,30,Premium,10,1501.26,55.0,-4.1,5,1,0,12.6,1,2,1,61.3,3.4,0
C3586,26,Basic,25,537.95,26.6,-23.0,4,2,0,0.5,0,0,0,53.5,4.0,0
C3587,70,Basic,72,507.22,43.5,6.3,3,3,3,2.5,6,2,1,61.3,4.5,0
C3588,30,Standard,19,918.57,31.7,-20.2,9,2,1,3.2,1,0,1,39.1,3.5,1
C3589,48,Basic,1,651.59,41.3,-36.2,5,0,0,9.4,2,1,0,82.8,4.7,0
C3590,58,Standard,1,911.08,40.3,20.4,7,1,1,1.2,1,0,0,71.8,3.7,0
C3591,28,Standard,38,824.11,69.3,24.2,9,1,1,2.4,0,1,0,66.0,3.2,0
C3592,21,Basic,13,489.13,38.4,7.0,6,0,0,15.3,2,0,0,58.0,3.6,0
C3593,51,Basic,31,483.47,41.5,-43.4,4,0,0,5.1,5,1,0,50.9,1.8,0
C3594,55,Standard,34,885.76,55.9,41.3,3,1,1,5.8,5,0,0,72.3,4.8,0
C3595,63,Basic,47,546.67,29.5,40.4,16,3,2,5.3,10,0,0,45.0,3.7,0
C3596,21,Basic,53,555.53,28.5,26.8,11,4,2,2.5,7,1,0,51.2,4.3,0
C3597,55,Basic,14,493.72,33.4,2.6,8,1,1,2.0,16,0,0,68.3,4.9,0
C3598,36,Basic,7,429.41,23.8,-2.7,9,1,1,1.0,3,0,1,57.8,2.2,0
C3599,23,Standard,58,903.95,34.2,5.9,7,3,3,2.2,0,0,0,15.8,1.5,0
C3600,51,Standard,14,871.83,48.4,-33.5,9,0,0,0.5,7,0,2,72.6,5.0,0
C3601,35,Standard,1,909.52,34.4,-18.6,9,3,0,0.5,12,0,1,60.3,3.0,0
C3602,30,Basic,18,492.95,58.5,-19.7,3,1,1,1.2,2,1,1,40.2,3.8,0
C3603,58,Basic,15,559.82,39.7,10.2,11,0,0,1.4,0,0,0,60.1,3.4,0
C3604,40,Premium,40,1512.74,46.2,1.2,8,0,0,4.3,0,0,0,78.5,3.9,0
C3605,36,Standard,19,871.99,52.4,-29.0,3,0,0,0.7,3,0,1,79.1,4.7,0
C3606,62,Premium,7,1429.72,39.3,-44.8,8,1,1,5.6,4,1,0,65.3,2.8,1
C3607,28,Standard,60,896.6,51.4,3.9,6,1,1,5.6,0,0,0,62.2,5.0,0
C3608,18,Standard,29,896.78,53.2,-31.6,10,1,1,3.1,11,0,1,66.2,3.5,1
C3609,41,Standard,17,885.88,71.9,-36.4,10,3,2,2.4,3,2,1,68.3,5.0,0
C3610,71,Basic,6,537.77,42.2,47.4,3,1,1,2.2,3,0,0,75.7,1.7,0
C3611,24,Standard,8,829.86,24.8,52.7,6,0,0,1.9,3,0,0,76.6,3.1,0
C3612,42,Standard,19,860.87,41.7,-16.2,6,0,0,0.5,1,0,0,86.1,2.7,0
C3613,38,Basic,1,501.65,23.2,-50.6,7,1,1,3.7,9,0,0,98.0,2.6,0
C3614,32,Basic,5,471.02,30.3,25.3,8,1,1,3.0,0,0,1,98.0,4.9,0
C3615,18,Premium,22,1481.16,21.1,3.4,8,2,2,0.5,5,0,2,64.1,2.9,0
C3616,29,Enterprise,11,2995.99,54.8,14.3,12,1,1,0.8,1,0,1,56.7,4.7,0
C3617,24,Standard,9,933.3,44.3,-20.9,9,1,0,2.0,0,0,0,69.3,4.5,0
C3618,32,Basic,2,493.97,75.1,-31.0,9,0,0,8.1,2,0,0,67.2,4.8,0
C3619,38,Basic,10,400.52,48.9,-11.0,6,0,0,16.2,0,0,3,64.9,2.3,0
C3620,36,Standard,26,868.86,36.3,-0.6,10,1,1,4.9,8,0,0,59.0,4.4,0
C3621,46,Basic,5,523.79,42.1,-23.3,7,1,1,4.8,6,2,0,83.6,5.0,0
C3622,42,Enterprise,1,3037.13,42.6,27.4,4,2,1,1.9,7,1,0,87.3,4.7,0
C3623,50,Basic,19,539.89,32.3,-48.4,9,0,0,3.0,7,0,0,76.5,3.7,0
C3624,66,Standard,64,954.06,44.8,5.2,9,0,0,0.9,6,0,0,73.4,2.3,0
C3625,49,Standard,16,904.92,27.0,-1.8,5,1,0,4.7,3,0,2,59.9,3.8,0
C3626,66,Premium,2,1512.16,55.6,25.5,11,0,0,0.5,9,0,1,78.1,4.3,0
C3627,52,Standard,6,848.3,44.0,-29.0,5,1,1,1.9,0,0,2,71.9,3.4,0
C3628,61,Standard,36,790.27,57.6,12.6,9,2,0,6.2,1,0,2,79.3,3.7,0
C3629,55,Enterprise,4,2928.12,34.0,6.9,14,2,1,13.7,0,0,0,68.3,4.7,0
C3630,43,Basic,16,463.91,25.5,1.1,7,0,0,4.2,0,0,1,61.4,4.0,0
C3631,28,Premium,9,1431.01,35.9,-27.2,6,0,0,0.8,0,0,1,68.5,5.0,0
C3632,52,Basic,4,484.35,41.7,-24.3,5,3,3,3.0,2,0,0,90.8,4.0,0
C3633,25,Premium,30,1475.9,48.3,-12.4,10,0,0,2.9,5,0,0,48.6,3.6,0
C3634,63,Standard,24,945.89,60.4,-17.6,9,0,0,11.8,4,0,0,70.9,4.6,0
C3635,31,Basic,19,450.54,45.4,26.5,6,2,1,6.4,4,0,1,55.0,4.5,0
C3636,27,Premium,4,1506.03,45.2,-1.6,5,3,3,0.5,8,2,0,64.1,3.7,0
C3637,19,Basic,1,478.01,48.3,14.9,9,1,0,0.9,12,0,0,40.1,4.9,0
C3638,63,Basic,15,448.67,31.3,-41.3,3,0,0,6.5,4,0,1,98.0,2.7,1
C3639,26,Standard,14,862.61,34.6,-51.0,4,1,1,12.6,0,0,0,62.0,3.5,0
C3640,20,Standard,3,796.44,43.5,-9.4,2,1,1,1.2,4,0,0,50.7,5.0,0
C3641,38,Standard,1,936.42,30.0,-37.0,7,1,0,4.1,3,0,0,94.4,5.0,0
C3642,43,Basic,1,569.11,53.2,-4.0,10,3,1,1.3,0,1,2,57.3,4.7,0
C3643,25,Basic,72,485.63,30.6,-26.1,8,1,1,0.5,1,1,0,67.5,3.0,0
C3644,65,Basic,27,500.45,24.2,2.7,7,0,0,6.2,1,1,0,55.0,2.1,1
C3645,19,Basic,45,484.21,64.6,-24.6,9,1,1,4.7,5,0,0,32.9,3.6,1
C3646,23,Standard,3,858.0,35.1,9.0,7,2,0,0.5,1,0,0,66.8,4.2,0
C3647,45,Premium,58,1534.25,56.4,-27.0,6,3,0,0.6,2,0,0,72.4,4.9,0
C3648,70,Enterprise,2,3014.95,52.0,-51.6,11,3,1,20.0,6,1,0,93.8,2.8,1
C3649,46,Premium,12,1353.39,52.3,16.3,2,1,1,3.7,11,0,0,76.3,4.0,0
C3650,43,Basic,31,447.27,55.6,-24.2,10,1,1,5.6,3,1,0,65.5,3.5,0
C3651,42,Standard,7,796.35,32.3,29.3,9,1,1,1.7,3,1,0,55.5,3.9,0
C3652,29,Basic,9,576.77,67.1,-21.0,7,2,0,2.6,0,2,0,75.2,4.2,1
C3653,22,Basic,2,490.41,43.2,-25.6,7,1,1,3.4,2,1,1,93.6,3.5,0
C3654,51,Standard,2,911.04,45.8,-12.1,4,1,0,5.7,4,0,1,45.3,3.2,1
C3655,65,Basic,17,481.34,46.7,-19.0,4,2,2,1.4,0,0,0,26.2,3.6,0
C3656,54,Basic,20,554.13,33.2,-1.8,5,1,0,3.9,0,0,1,93.0,4.3,0
C3657,32,Enterprise,27,3042.04,37.0,5.1,5,0,0,5.2,7,0,0,46.0,4.3,0
C3658,61,Standard,14,888.23,46.1,8.9,9,1,0,5.7,0,0,0,35.4,2.9,0
C3659,53,Standard,18,984.9,62.9,-7.1,5,1,0,2.4,9,0,1,64.0,2.7,0
C3660,32,Basic,1,508.27,32.7,-42.5,10,2,1,2.2,1,0,1,51.4,4.7,1
C3661,60,Basic,3,425.99,40.8,38.1,8,2,1,0.5,1,0,1,34.0,2.6,0
C3662,65,Premium,72,1504.0,43.7,-14.2,3,2,1,2.4,2,0,1,68.2,3.2,0
C3663,40,Basic,1,524.87,45.8,-15.5,7,1,0,4.2,0,0,0,65.8,3.6,0
C3664,23,Standard,20,892.34,60.3,-7.2,4,1,1,8.9,4,1,0,74.9,3.8,0
C3665,63,Basic,3,478.43,31.8,-11.5,9,1,1,0.5,2,0,0,81.4,3.8,0
C3666,67,Standard,22,987.22,45.7,-48.7,8,2,0,12.1,11,2,0,68.4,4.4,0
C3667,61,Basic,22,439.71,51.1,9.4,7,0,0,0.9,9,2,0,79.8,5.0,0
C3668,60,Premium,4,1360.81,56.6,-25.5,8,1,1,0.7,5,0,1,40.2,3.7,0
C3669,62,Premium,5,1579.95,45.6,-13.1,9,1,1,0.5,0,0,0,27.0,3.0,0
C3670,38,Premium,19,1437.7,37.9,39.0,4,2,1,16.2,0,1,0,50.0,4.1,0
C3671,40,Basic,8,484.67,34.4,18.6,5,2,0,2.9,1,0,1,60.4,3.5,0
C3672,60,Premium,3,1480.13,42.7,35.3,8,0,0,1.1,7,1,0,63.8,3.4,0
C3673,72,Standard,23,960.59,28.9,-21.9,4,0,0,1.3,4,0,2,70.9,4.5,0
C3674,33,Standard,3,970.74,48.7,13.3,13,2,2,10.5,0,1,0,87.2,2.7,0
C3675,64,Standard,34,834.38,52.8,5.1,7,2,1,8.1,2,0,1,72.2,3.3,0
C3676,70,Basic,13,566.85,62.9,-6.4,5,1,0,1.5,14,0,0,67.4,3.6,0
C3677,32,Basic,2,565.92,39.9,-23.8,3,2,2,0.5,5,1,0,51.7,4.5,1
C3678,42,Premium,21,1499.97,50.6,22.1,6,3,1,6.3,10,0,0,84.5,4.4,0
C3679,53,Basic,13,545.63,58.4,-17.9,10,1,0,8.6,6,0,1,70.9,4.7,0
C3680,28,Standard,6,950.64,47.7,-1.6,6,3,3,6.4,5,0,1,51.4,3.2,0
C3681,68,Standard,9,886.38,49.8,17.8,8,1,0,8.5,7,0,0,41.9,5.0,0
C3682,32,Premium,6,1491.12,49.8,-29.4,7,2,0,3.0,4,1,0,82.6,3.5,0
C3683,21,Enterprise,5,3028.47,35.7,-32.2,4,0,0,6.4,3,0,0,74.1,4.3,0
C3684,38,Premium,3,1417.57,49.4,57.9,7,1,0,10.1,5,1,0,86.1,4.0,0
C3685,30,Basic,8,481.31,40.5,-26.5,11,2,1,7.7,1,0,0,47.6,3.1,0
C3686,39,Basic,5,438.98,66.2,35.4,4,1,0,3.1,2,1,2,21.5,3.5,0
C3687,36,Standard,20,970.18,29.8,-6.3,9,1,1,4.8,12,0,1,69.5,4.3,0
C3688,51,Basic,20,480.72,62.2,-15.6,8,1,1,4.5,6,0,0,35.8,4.3,0
C3689,31,Basic,12,512.82,44.6,-13.2,7,2,0,5.7,10,0,1,77.5,4.1,0
C3690,21,Standard,27,888.08,41.6,-6.6,9,0,0,0.9,13,0,1,65.1,4.8,0
C3691,65,Standard,33,884.83,50.3,28.4,12,2,2,0.5,3,0,1,92.6,4.9,0
C3692,70,Enterprise,15,3009.55,30.4,13.9,6,4,0,2.5,0,0,1,65.9,3.6,0
C3693,69,Basic,17,462.47,37.0,-10.3,2,1,1,5.1,5,1,0,41.1,3.1,0
C3694,63,Basic,5,489.08,35.3,-51.6,4,3,3,0.5,0,0,0,75.0,2.8,0
C3695,44,Basic,40,488.71,38.9,-4.5,7,1,0,2.7,0,2,0,66.7,4.2,1
C3696,46,Enterprise,1,2977.84,67.6,-1.7,3,1,1,1.3,1,0,0,61.3,5.0,0
C3697,64,Premium,7,1518.55,27.9,26.5,4,2,0,6.4,0,0,0,70.4,4.0,0
C3698,45,Premium,23,1476.65,56.8,-41.8,4,0,0,0.5,4,0,0,69.4,3.6,0
C3699,52,Enterprise,1,3079.56,34.7,-17.3,12,0,0,6.6,6,0,0,53.2,4.7,0
C3700,25,Standard,3,930.45,42.8,-18.1,5,1,0,3.3,5,0,0,97.9,3.0,0
C3701,33,Standard,16,831.53,48.1,-6.4,12,1,1,8.8,0,0,3,94.1,3.7,0
C3702,59,Basic,14,526.54,30.1,-2.7,6,0,0,9.6,6,1,0,64.2,2.9,0
C3703,53,Standard,24,864.53,33.8,6.0,10,1,0,5.8,7,0,0,61.6,4.4,0
C3704,47,Standard,30,905.78,39.8,-52.4,10,0,0,2.6,0,0,3,41.7,2.8,0
C3705,35,Standard,2,862.44,37.2,-0.7,7,1,0,0.5,2,0,0,76.2,4.7,0
C3706,19,Enterprise,1,2889.28,54.8,1.1,8,1,1,0.9,4,0,0,41.8,3.4,0
C3707,66,Enterprise,21,2997.91,49.0,-3.1,11,0,0,1.9,2,0,0,61.1,5.0,0
C3708,30,Premium,6,1427.28,28.9,-9.4,10,1,1,4.6,8,0,1,77.1,1.8,0
C3709,21,Premium,17,1519.99,38.4,-85.0,3,0,0,2.8,3,1,0,98.0,4.0,0
C3710,43,Standard,2,907.74,42.7,9.2,11,1,0,2.0,0,0,1,65.2,4.2,0
C3711,42,Basic,11,468.81,47.1,-29.3,12,2,1,2.3,3,0,1,82.7,3.4,1
C3712,47,Basic,12,590.28,41.3,10.3,6,2,0,4.7,3,1,0,44.9,5.0,0
C3713,28,Standard,15,837.04,49.3,26.3,4,0,0,0.5,12,0,1,54.2,5.0,0
C3714,24,Premium,12,1467.78,37.5,-46.9,9,3,3,2.0,2,0,0,55.0,4.4,0
C3715,48,Basic,12,442.97,50.3,9.6,9,1,0,3.0,8,0,1,63.2,3.4,1
C3716,61,Enterprise,7,3101.07,57.9,-35.9,7,1,1,3.1,1,0,0,38.9,3.4,1
C3717,27,Basic,1,566.61,56.7,-6.1,6,1,1,3.4,2,0,0,57.4,3.0,0
C3718,56,Basic,1,427.89,46.9,-8.1,9,3,1,0.5,4,0,0,36.8,4.3,0
C3719,30,Standard,10,857.72,43.6,13.9,11,1,0,2.9,8,0,0,84.9,2.3,0
C3720,48,Basic,7,459.42,50.8,10.2,8,1,1,2.8,5,0,0,57.6,3.9,0
C3721,24,Basic,13,471.46,45.2,1.6,8,0,0,6.8,0,1,1,52.4,3.9,0
C3722,73,Basic,6,446.86,46.7,-46.1,7,0,0,5.0,0,0,1,46.7,2.8,0
C3723,66,Premium,20,1468.71,47.4,-67.9,12,6,0,0.5,0,1,0,57.6,4.2,0
C3724,59,Standard,35,949.24,61.0,17.8,5,1,0,2.8,3,1,0,71.1,3.4,0
C3725,59,Standard,6,996.35,38.7,13.7,7,0,0,4.1,2,0,2,50.0,3.8,0
C3726,73,Standard,3,821.78,72.6,-29.9,4,1,0,3.0,8,2,0,68.2,3.7,1
C3727,53,Basic,2,446.94,40.3,3.7,7,3,0,3.9,18,0,0,74.6,3.3,0
C3728,37,Enterprise,17,3009.68,32.4,-10.2,6,1,1,0.5,8,0,0,63.1,3.5,0
C3729,21,Basic,10,419.98,47.2,22.2,6,0,0,0.6,0,0,0,43.8,4.3,0
C3730,71,Enterprise,3,3010.97,32.3,-2.9,8,1,0,3.1,11,0,0,75.4,4.8,0
C3731,24,Standard,19,926.01,51.8,17.5,9,0,0,5.6,0,1,0,74.8,4.5,0
C3732,71,Enterprise,2,3034.03,38.6,-20.3,7,0,0,0.5,2,0,0,84.6,4.7,0
C3733,18,Basic,14,524.61,56.3,2.1,2,3,3,2.0,1,1,0,70.6,2.5,0
C3734,61,Standard,13,872.24,36.0,-15.3,3,1,0,16.9,0,0,0,49.2,3.0,1
C3735,73,Basic,23,489.92,40.6,-20.5,10,1,1,5.1,0,1,0,66.2,2.9,0
C3736,62,Basic,1,440.02,62.1,-63.2,9,2,2,2.1,1,0,0,66.8,2.8,1
C3737,59,Standard,39,922.22,59.0,18.1,12,0,0,0.5,0,0,0,38.2,3.4,0
C3738,64,Basic,21,579.17,44.6,38.7,10,2,0,1.6,0,0,0,30.1,2.7,0
C3739,30,Standard,4,922.11,40.7,-39.7,6,1,1,0.6,5,0,1,75.9,3.5,1
C3740,72,Basic,3,464.25,32.1,12.3,3,3,2,8.9,3,0,0,60.6,3.2,0
C3741,39,Basic,10,548.74,27.3,11.3,6,1,0,4.1,0,1,0,54.2,5.0,0
C3742,71,Premium,30,1617.28,32.9,-17.9,7,6,0,6.8,2,1,1,79.5,3.7,0
C3743,38,Standard,33,911.16,61.4,-23.4,10,3,1,8.0,3,0,0,85.6,5.0,0
C3744,39,Standard,13,926.72,47.6,24.5,8,0,0,3.3,0,1,1,49.6,5.0,0
C3745,45,Standard,35,932.89,34.0,21.9,5,1,1,0.5,14,0,0,98.0,3.6,0
C3746,26,Premium,1,1418.78,51.3,6.3,6,0,0,2.8,7,0,1,41.5,3.7,0
C3747,43,Basic,1,478.44,33.9,-18.0,7,0,0,5.7,1,2,2,70.6,4.5,1
C3748,26,Standard,43,873.31,55.6,22.2,4,2,1,1.3,2,0,0,59.1,2.5,0
C3749,32,Enterprise,26,3040.74,39.2,-25.9,6,0,0,9.2,2,0,2,87.8,4.5,0
C3750,27,Premium,10,1534.92,53.8,30.5,6,1,0,20.0,1,0,0,68.9,5.0,0
C3751,41,Standard,25,892.96,27.1,35.8,2,3,1,2.8,5,2,0,54.9,3.1,0
C3752,74,Standard,56,870.31,31.0,24.5,6,2,1,2.7,4,1,0,95.4,3.9,0
C3753,59,Premium,26,1414.67,53.6,3.6,7,3,3,3.7,7,0,3,57.6,3.3,0
C3754,25,Standard,33,898.23,54.6,-68.7,9,0,0,2.9,0,0,1,68.0,4.7,1
C3755,41,Basic,25,451.27,62.8,-9.6,7,1,1,0.6,3,2,0,31.6,5.0,0
C3756,33,Basic,3,445.07,48.1,39.1,4,1,0,1.1,19,1,0,31.8,2.6,1
C3757,66,Premium,32,1545.31,38.9,18.4,9,1,1,0.8,6,0,0,47.5,3.9,0
C3758,43,Basic,3,540.1,40.9,5.9,5,0,0,0.5,1,0,1,61.4,4.1,0
C3759,44,Premium,40,1474.57,47.7,-22.0,4,1,1,0.5,0,1,0,93.9,4.4,0
C3760,54,Standard,11,820.55,28.8,20.6,6,1,0,12.6,2,0,2,63.6,3.2,0
C3761,21,Standard,20,857.71,26.3,-44.3,11,0,0,2.8,2,2,1,82.7,3.3,0
C3762,67,Basic,12,548.66,55.2,-9.3,5,5,1,0.5,3,1,2,55.2,5.0,0
C3763,41,Basic,1,522.39,60.1,38.5,7,3,2,4.4,0,1,0,93.8,2.4,1
C3764,36,Enterprise,6,2975.41,46.9,-25.1,5,3,3,2.3,1,2,0,76.0,3.9,0
C3765,53,Premium,72,1501.94,38.4,10.2,5,1,1,0.9,7,0,0,64.2,3.3,0
C3766,56,Standard,58,795.26,37.5,-48.9,8,1,1,10.1,4,0,0,82.2,3.5,0
C3767,27,Standard,6,791.47,42.4,-21.3,5,1,0,0.9,2,1,2,63.5,5.0,0
C3768,42,Standard,72,997.86,42.2,-0.5,7,1,0,0.5,1,0,0,66.5,3.8,0
C3769,35,Standard,33,924.33,41.9,3.8,8,1,0,0.8,1,0,0,75.4,5.0,0
C3770,36,Standard,16,899.08,47.7,46.7,9,2,1,8.5,5,1,0,73.6,5.0,0
C3771,53,Basic,1,479.15,34.5,-17.6,3,1,1,6.8,2,0,0,39.9,4.8,0
C3772,27,Standard,41,810.91,47.7,9.9,10,2,2,7.9,1,0,1,65.5,2.5,0
C3773,50,Premium,14,1548.66,32.7,9.2,7,0,0,8.7,6,0,1,81.9,3.8,0
C3774,72,Enterprise,36,2942.16,46.8,-19.7,14,3,3,0.5,1,0,1,67.9,4.9,0
C3775,67,Basic,32,534.21,27.1,18.9,10,1,0,4.3,0,0,1,69.8,4.9,0
C3776,22,Premium,32,1505.6,34.1,11.7,5,1,0,3.8,3,0,2,80.4,3.9,0
C3777,64,Standard,21,896.4,57.6,-11.8,6,0,0,17.3,1,1,0,76.4,4.0,0
C3778,66,Standard,6,833.88,50.2,-0.1,12,2,1,4.4,0,2,2,47.3,2.9,0
C3779,52,Basic,7,434.55,51.6,-29.0,6,0,0,5.5,2,0,0,40.5,1.5,0
C3780,61,Standard,6,918.5,70.9,-27.1,6,0,0,4.4,8,0,1,92.1,3.1,0
C3781,51,Standard,1,902.96,42.5,-5.5,6,1,0,3.4,4,0,0,58.6,5.0,0
C3782,50,Basic,15,501.36,49.5,13.7,11,2,2,2.8,0,0,0,55.5,2.7,0
C3783,72,Premium,21,1513.3,38.9,-13.3,4,2,2,12.2,1,0,1,63.0,4.1,0
C3784,38,Premium,34,1402.16,43.5,-20.4,6,0,0,9.6,1,0,0,89.5,4.5,0
C3785,34,Standard,2,949.76,47.1,-10.8,9,0,0,2.0,4,0,1,64.1,3.2,0
C3786,39,Enterprise,14,2981.21,29.8,15.7,4,1,1,1.2,2,0,1,63.4,3.4,0
C3787,65,Basic,1,557.48,23.1,-38.8,4,1,0,2.5,0,0,0,54.7,3.5,0
C3788,54,Basic,1,398.58,55.6,16.5,6,0,0,4.8,2,0,0,46.3,3.8,0
C3789,32,Standard,1,927.45,45.5,7.8,3,3,1,1.8,10,1,0,31.8,4.3,1
C3790,52,Basic,23,526.98,38.1,-38.9,7,0,0,2.7,2,0,1,65.6,4.3,0
C3791,45,Basic,1,424.69,30.8,-10.9,8,1,0,1.2,8,0,1,45.9,2.9,0
C3792,24,Basic,22,467.04,51.4,10.9,6,4,3,2.0,2,1,1,56.9,5.0,0
C3793,49,Basic,5,446.02,43.2,-52.8,11,3,3,11.0,5,0,0,56.3,3.7,1
C3794,28,Premium,37,1542.16,45.2,-30.9,9,3,3,0.8,6,0,3,73.2,1.7,0
C3795,27,Basic,30,514.44,34.5,-43.1,13,0,0,15.7,5,0,0,13.9,2.8,1
C3796,26,Standard,56,978.94,43.9,-19.4,10,1,1,0.8,4,1,2,93.9,3.5,0
C3797,31,Basic,38,509.15,50.8,20.9,7,0,0,1.3,12,0,0,69.6,3.2,0
C3798,30,Standard,48,935.61,34.2,15.0,7,0,0,0.5,10,0,0,73.0,2.8,0
C3799,74,Basic,35,557.6,32.0,-17.6,14,1,1,4.9,1,0,0,46.1,3.7,0
C3800,42,Premium,21,1526.72,67.2,20.7,10,2,2,0.5,4,1,0,61.5,5.0,0
C3801,19,Standard,3,879.79,33.9,11.6,5,0,0,5.4,4,1,0,72.1,4.3,0
C3802,52,Basic,5,470.49,43.4,26.9,7,1,1,3.0,0,0,1,77.2,3.0,0
C3803,24,Standard,4,895.01,41.8,-7.2,4,1,1,4.8,1,0,2,76.6,5.0,0
C3804,38,Basic,16,538.83,30.1,8.5,9,0,0,5.3,1,0,1,70.0,4.6,0
C3805,35,Standard,12,860.69,52.5,79.3,7,0,0,0.5,1,0,0,57.4,2.9,0
C3806,20,Basic,36,531.61,53.2,-12.7,9,2,2,0.5,7,0,0,40.4,2.9,0
C3807,59,Enterprise,54,3015.13,51.5,-6.6,9,1,1,0.6,5,0,0,60.5,3.7,0
C3808,71,Basic,9,436.33,41.2,-9.0,2,1,0,1.7,6,0,0,98.0,4.2,0
C3809,56,Standard,12,929.18,46.5,-7.3,3,1,1,0.5,9,0,0,40.5,4.8,0
C3810,58,Basic,64,506.1,35.9,9.0,4,2,2,2.1,2,1,1,36.4,2.5,0
C3811,66,Basic,5,471.47,45.3,-3.5,11,1,0,1.2,7,0,3,98.0,3.8,0
C3812,28,Standard,28,905.37,52.0,-39.1,5,1,1,1.6,4,0,0,65.9,4.0,0
C3813,56,Enterprise,4,2973.42,54.0,-4.5,4,4,3,9.9,2,1,1,36.8,4.0,0
C3814,41,Basic,20,511.38,47.2,-18.2,6,0,0,4.5,0,0,0,66.1,3.3,0
C3815,63,Basic,5,490.6,51.6,-48.2,4,1,0,3.8,2,0,0,59.6,4.1,0
C3816,36,Basic,38,422.5,48.2,23.6,7,3,2,3.7,0,0,1,93.8,4.4,0
C3817,21,Basic,14,492.1,53.8,-18.3,7,0,0,2.8,1,0,2,91.0,2.3,0
C3818,43,Basic,3,476.87,41.8,4.6,10,1,1,2.5,1,0,0,71.9,3.8,0
C3819,55,Standard,4,930.78,33.3,-83.8,4,2,0,7.5,5,0,0,76.8,1.9,1
C3820,59,Basic,12,542.99,35.4,7.5,2,2,0,0.5,2,1,0,61.8,2.5,0
C3821,49,Basic,58,473.55,36.7,-12.8,9,4,1,1.2,6,0,0,98.0,2.5,0
C3822,56,Premium,26,1459.53,67.4,-43.9,11,1,0,0.5,8,0,2,66.7,2.9,0
C3823,62,Standard,12,814.99,48.9,-18.8,4,2,2,0.5,3,0,0,52.5,4.2,0
C3824,63,Basic,7,458.3,50.4,-22.2,14,1,1,0.5,2,0,1,88.5,3.3,0
C3825,53,Basic,14,482.84,57.2,13.8,9,2,2,0.5,7,1,1,70.0,4.6,0
C3826,57,Standard,24,832.04,30.2,-2.7,9,1,1,4.0,3,0,0,62.2,3.9,0
C3827,54,Basic,27,543.66,46.6,-43.1,12,0,0,0.5,7,1,0,52.7,4.0,0
C3828,50,Standard,7,912.11,41.2,6.0,8,1,0,0.8,1,0,0,59.1,4.7,0
C3829,53,Basic,22,492.98,58.2,-56.8,9,1,0,1.9,3,0,3,88.7,2.8,0
C3830,20,Standard,19,898.17,53.0,-33.1,7,0,0,1.1,0,0,0,64.7,4.0,0
C3831,26,Basic,57,514.3,47.7,-4.6,7,1,0,5.9,4,1,0,64.1,3.9,0
C3832,25,Standard,48,930.65,37.0,-20.6,3,2,0,3.4,3,0,1,32.2,3.7,0
C3833,50,Premium,28,1539.45,49.2,24.8,5,1,1,1.4,3,0,0,61.6,4.9,0
C3834,23,Standard,23,883.54,47.4,-0.8,7,2,1,1.3,4,0,0,64.0,4.2,0
C3835,58,Basic,5,491.9,45.1,10.6,11,4,1,4.0,1,1,0,70.8,3.3,0
C3836,56,Basic,33,507.65,49.2,11.7,7,1,0,0.7,0,1,1,57.9,3.1,0
C3837,21,Basic,10,489.86,67.1,-16.1,5,1,1,1.2,6,1,2,72.6,3.7,0
C3838,30,Basic,5,542.62,51.2,-31.6,6,0,0,1.5,1,0,0,77.3,4.8,0
C3839,66,Basic,8,560.37,40.2,-6.2,8,2,1,2.1,18,0,1,52.7,4.4,1
C3840,19,Premium,32,1516.2,36.2,16.7,10,1,1,0.7,2,2,0,97.4,4.1,0
C3841,22,Standard,2,853.59,16.5,-10.8,1,0,0,0.6,2,0,0,48.4,3.1,1
C3842,61,Standard,10,924.42,35.0,9.8,3,1,1,16.1,4,1,0,33.8,3.4,0
C3843,44,Standard,12,918.18,49.5,-5.7,8,0,0,8.6,4,1,0,75.4,1.8,0
C3844,49,Standard,1,849.4,35.4,-43.8,7,2,0,2.6,0,1,2,67.4,4.5,0
C3845,38,Basic,3,518.13,49.6,-41.7,4,0,0,5.1,1,0,1,75.5,4.3,1
C3846,25,Premium,31,1471.79,34.6,34.1,11,2,0,3.9,1,0,0,56.9,5.0,0
C3847,55,Basic,31,536.3,34.6,-34.2,7,0,0,0.5,0,0,0,87.1,4.0,0
C3848,25,Premium,6,1524.01,48.5,-20.9,7,1,1,2.6,0,0,1,79.4,4.8,0
C3849,67,Premium,37,1510.15,37.4,17.9,7,3,2,0.7,4,0,0,98.0,4.2,0
C3850,20,Premium,26,1500.93,41.0,-34.8,7,1,0,3.1,2,2,1,57.8,3.8,0
C3851,71,Standard,9,792.33,62.4,-22.1,2,0,0,0.5,8,0,0,59.6,4.2,0
C3852,61,Basic,24,438.29,34.3,-10.3,4,0,0,0.6,1,0,1,51.5,4.2,0
C3853,20,Standard,58,892.46,49.1,-13.6,8,0,0,5.3,6,1,0,48.4,3.8,0
C3854,39,Standard,11,974.97,31.4,-29.3,8,0,0,6.5,0,2,1,69.9,4.3,0
C3855,23,Standard,4,927.23,44.1,-9.8,10,2,1,8.3,6,0,2,43.4,5.0,0
C3856,19,Premium,51,1589.7,42.9,12.0,7,3,0,7.9,10,1,0,41.3,3.9,0
C3857,40,Basic,16,503.15,43.0,-8.1,5,1,0,8.3,3,2,1,67.9,4.8,0
C3858,61,Basic,2,497.46,47.4,-21.5,5,1,0,0.5,5,1,0,89.3,4.9,0
C3859,19,Basic,15,570.26,76.4,18.7,10,1,0,3.8,17,1,0,33.7,4.2,0
C3860,55,Basic,12,491.04,42.9,37.7,5,1,1,4.2,1,0,1,72.8,4.6,0
C3861,34,Standard,34,849.68,51.3,18.9,8,2,0,1.1,0,2,0,56.1,2.1,0
C3862,52,Premium,13,1514.84,40.5,-33.1,12,2,2,17.3,4,0,1,31.0,3.4,0
C3863,51,Standard,5,955.13,35.1,-32.4,13,3,3,1.2,0,0,0,54.9,3.8,0
C3864,40,Premium,20,1457.7,34.2,5.9,8,1,0,3.0,3,1,0,82.4,3.9,0
C3865,47,Premium,14,1528.45,67.9,-0.7,9,0,0,7.2,3,3,1,77.7,4.5,0
C3866,69,Premium,4,1494.34,53.8,-35.6,7,0,0,1.2,3,0,0,32.1,3.2,0
C3867,25,Basic,15,521.57,37.4,2.2,7,0,0,3.3,0,0,0,65.3,2.6,0
C3868,39,Premium,31,1514.68,28.6,-2.5,7,0,0,4.5,0,2,0,87.4,3.8,0
C3869,61,Basic,1,478.28,58.5,31.9,7,0,0,3.4,9,0,0,92.7,2.7,0
C3870,53,Basic,17,493.69,43.4,-15.9,8,1,1,1.8,3,0,1,62.1,3.3,1
C3871,22,Standard,7,881.34,51.1,29.7,4,2,0,10.1,1,0,1,59.3,2.6,0
C3872,30,Basic,6,504.94,37.5,30.8,7,1,0,3.3,5,0,0,74.5,5.0,0
C3873,46,Basic,8,456.7,41.2,-21.8,7,1,0,0.9,10,0,1,77.5,4.0,0
C3874,48,Basic,7,468.65,37.3,3.9,7,4,0,5.7,2,0,0,52.9,3.3,1
C3875,64,Basic,32,478.3,45.7,-10.3,3,0,0,3.7,0,0,0,66.4,3.0,0
C3876,74,Enterprise,5,3018.59,54.3,-11.3,7,0,0,0.5,4,1,1,60.7,3.3,1
C3877,72,Basic,23,428.22,49.9,1.2,11,2,1,1.1,9,0,1,77.5,5.0,0
C3878,33,Basic,1,493.64,52.3,-24.7,7,1,1,0.6,15,0,1,56.3,2.5,1
C3879,59,Standard,54,863.59,69.1,-44.9,10,0,0,0.5,6,2,0,45.5,3.5,1
C3880,47,Standard,17,878.43,51.0,-18.3,7,1,0,0.9,1,0,1,29.4,4.0,0
C3881,74,Enterprise,22,2965.99,37.7,24.5,10,0,0,1.1,1,0,0,71.4,2.9,0
C3882,72,Basic,6,508.73,37.1,-10.1,8,0,0,2.2,0,0,0,46.9,3.0,0
C3883,33,Standard,9,891.14,54.2,-5.6,5,2,0,12.2,4,0,0,60.5,2.9,0
C3884,29,Standard,4,934.58,52.1,14.8,5,2,2,10.0,0,1,0,64.7,3.9,0
C3885,34,Enterprise,48,3019.09,65.6,-44.9,8,0,0,4.9,2,2,0,53.8,4.3,0
C3886,33,Standard,12,822.15,37.2,6.0,5,0,0,3.6,3,0,0,71.9,4.7,0
C3887,29,Premium,17,1451.0,48.1,36.7,6,0,0,10.3,1,1,1,98.0,3.5,0
C3888,25,Basic,23,490.34,41.8,-2.7,7,0,0,0.5,0,1,1,95.8,4.2,0
C3889,37,Standard,8,896.85,29.5,-53.1,3,0,0,1.4,1,1,0,46.8,4.7,0
C3890,20,Standard,22,855.41,35.1,-6.9,8,1,0,2.8,4,0,0,51.6,4.1,0
C3891,33,Premium,20,1564.2,41.1,10.3,4,3,0,5.9,5,0,1,49.2,3.9,1
C3892,47,Basic,22,542.23,32.3,-2.2,10,4,0,3.4,3,0,0,35.9,3.2,0
C3893,62,Basic,12,416.76,37.8,1.8,6,0,0,5.8,13,0,0,68.5,3.1,0
C3894,40,Basic,8,516.27,61.6,4.8,3,0,0,0.6,3,0,0,73.9,5.0,0
C3895,45,Basic,4,496.71,57.6,-28.3,8,3,2,0.7,1,0,1,68.4,3.6,0
C3896,68,Basic,31,561.19,40.1,-25.2,7,0,0,4.7,2,0,2,68.6,3.7,0
C3897,57,Enterprise,16,2920.51,37.5,-14.2,10,1,0,1.5,7,0,0,30.9,5.0,0
C3898,71,Standard,10,1001.99,19.3,4.8,4,2,2,2.0,1,0,0,32.3,3.6,0
C3899,22,Standard,51,856.85,29.5,-34.7,5,1,0,5.5,5,1,1,76.5,3.5,0
C3900,37,Premium,1,1517.93,43.6,46.4,5,0,0,0.5,6,1,1,63.1,4.0,0
C3901,57,Standard,34,868.68,44.8,-65.6,5,1,1,0.6,10,0,0,81.1,2.4,0
C3902,73,Basic,72,480.19,24.5,-47.7,10,0,0,1.2,2,1,1,47.5,3.3,0
C3903,61,Basic,39,414.53,43.1,8.8,10,0,0,7.5,1,0,0,59.4,3.2,0
C3904,18,Basic,29,558.84,54.6,6.7,6,3,3,1.8,2,0,0,55.8,3.1,0
C3905,74,Standard,8,885.52,46.9,-6.8,5,1,0,1.0,20,2,1,93.7,5.0,0
C3906,47,Standard,4,888.92,47.2,11.9,8,1,0,4.0,9,1,2,93.9,3.1,0
C3907,38,Basic,23,614.62,43.3,9.2,9,1,0,0.5,1,1,0,46.4,3.2,0
C3908,37,Standard,6,946.97,47.5,-5.0,8,0,0,5.2,0,1,0,67.7,3.7,0
C3909,23,Enterprise,3,2965.58,59.5,1.7,4,0,0,4.2,2,0,0,79.8,3.1,0
C3910,39,Premium,27,1468.49,49.2,-83.5,4,2,1,0.5,0,0,0,82.8,3.5,0
C3911,35,Premium,6,1511.99,34.5,-8.3,9,2,2,2.4,5,1,0,50.8,3.4,0
C3912,25,Premium,44,1537.54,53.7,-6.2,6,2,1,1.8,0,0,1,71.9,3.5,1
C3913,56,Basic,33,586.62,40.9,42.8,6,0,0,0.6,1,0,0,67.4,2.6,0
C3914,49,Premium,33,1418.6,36.7,-25.6,9,0,0,0.6,0,0,0,63.3,4.4,0
C3915,50,Basic,26,535.35,77.4,-5.9,6,1,0,0.6,1,0,0,17.9,4.1,0
C3916,70,Standard,38,943.38,43.2,30.6,4,0,0,3.2,0,0,1,55.0,3.5,0
C3917,33,Standard,29,859.52,35.2,9.0,7,1,0,0.7,4,0,2,58.0,4.0,0
C3918,29,Basic,16,480.99,39.5,-4.4,4,1,1,0.5,3,0,1,77.7,3.4,0
C3919,55,Premium,6,1417.48,40.9,19.1,9,1,1,11.1,0,0,2,60.9,3.7,0
C3920,69,Enterprise,39,2973.96,50.9,-24.8,13,0,0,0.5,0,0,0,87.7,2.1,0
C3921,51,Basic,33,510.6,48.3,38.1,8,1,1,3.8,1,0,0,38.1,4.2,0
C3922,31,Premium,11,1578.71,52.4,11.1,5,2,1,9.6,6,0,0,89.2,2.8,0
C3923,53,Basic,1,583.32,58.1,-45.6,6,1,0,0.5,0,0,0,53.4,3.6,0
C3924,50,Standard,18,847.54,62.0,-20.1,5,1,1,11.8,0,1,2,54.0,4.1,1
C3925,40,Standard,1,971.89,60.6,-58.9,7,3,0,2.4,2,0,0,59.3,5.0,0
C3926,67,Standard,46,801.53,26.7,14.9,7,0,0,5.4,8,1,2,35.0,4.6,0
C3927,62,Enterprise,58,2969.75,68.1,9.1,3,3,0,3.4,1,0,1,66.6,1.9,1
C3928,19,Premium,3,1483.91,37.1,-16.5,7,1,1,3.4,0,0,0,98.0,3.2,0
C3929,58,Premium,20,1511.59,50.2,25.0,14,4,0,5.4,2,0,2,46.9,3.6,0
C3930,38,Basic,1,504.33,50.7,-7.1,9,1,0,0.5,5,2,0,56.2,3.5,1
C3931,19,Enterprise,23,3017.28,42.4,60.6,4,1,0,1.7,3,0,0,75.7,2.3,0
C3932,44,Basic,7,489.85,37.2,-35.0,9,2,1,12.2,2,0,0,63.5,4.5,0
C3933,74,Premium,20,1546.98,30.5,11.0,5,1,0,0.5,0,0,0,83.3,4.1,0
C3934,26,Basic,8,533.59,44.6,-14.9,8,0,0,1.1,1,1,0,36.7,3.2,0
C3935,18,Basic,2,484.52,42.8,-21.9,9,1,0,3.9,10,0,0,43.4,3.3,0
C3936,28,Standard,9,941.12,32.8,-9.3,8,3,1,0.5,1,0,0,69.3,3.8,0
C3937,20,Basic,2,602.42,43.7,4.2,8,1,1,2.7,3,0,1,5.0,4.6,1
C3938,69,Basic,15,465.34,49.4,-3.5,8,3,1,4.4,9,0,0,40.1,4.2,1
C3939,40,Basic,1,582.77,71.9,11.9,6,2,0,5.0,2,0,0,30.4,3.2,1
C3940,43,Basic,13,469.83,38.2,10.2,9,2,2,2.9,2,0,1,66.1,3.6,0
C3941,21,Basic,39,569.52,38.7,31.3,7,3,2,2.4,0,1,0,55.8,4.3,0
C3942,35,Basic,32,471.7,58.0,-35.0,6,1,0,4.4,15,3,1,38.5,4.1,1
C3943,72,Standard,38,937.28,45.2,-43.9,6,2,1,0.5,0,1,0,67.3,2.8,0
C3944,23,Basic,45,507.98,29.0,-6.7,8,0,0,4.0,2,0,0,79.0,3.0,1
C3945,52,Standard,1,809.74,37.5,-24.8,8,4,1,8.8,0,0,0,39.9,4.7,0
C3946,39,Basic,2,594.78,38.6,16.8,6,1,0,4.0,1,0,1,62.4,4.6,0
C3947,60,Enterprise,14,2954.23,46.9,-31.7,10,1,1,0.5,8,2,0,68.9,4.3,0
C3948,32,Premium,40,1435.52,32.5,-18.7,8,1,0,2.5,4,1,0,75.3,4.4,0
C3949,39,Basic,65,467.03,30.5,-13.3,7,2,1,4.5,0,0,1,36.2,2.5,0
C3950,54,Premium,1,1625.56,39.0,39.1,3,0,0,0.5,13,0,1,46.1,2.1,1
C3951,69,Premium,7,1436.31,39.5,47.7,6,1,0,5.0,6,0,0,62.1,3.2,0
C3952,59,Enterprise,4,3007.91,34.0,-33.5,6,1,0,1.2,24,0,0,64.0,4.5,1
C3953,29,Standard,25,842.84,32.5,-59.9,5,2,0,3.1,5,0,1,98.0,3.6,0
C3954,64,Basic,18,451.41,55.0,-19.3,3,0,0,11.9,5,0,1,79.4,3.5,0
C3955,66,Standard,2,819.03,40.4,-5.9,4,1,0,18.5,4,2,1,57.3,5.0,0
C3956,59,Standard,11,914.76,54.4,-6.0,5,3,0,3.5,2,1,0,58.4,4.0,0
C3957,55,Standard,20,890.94,50.8,-7.1,5,0,0,2.4,1,0,0,59.5,3.6,0
C3958,35,Basic,27,442.43,37.1,15.4,8,0,0,0.7,2,1,0,42.4,3.4,0
C3959,62,Premium,1,1542.66,35.3,-15.1,4,2,1,0.8,0,1,2,59.5,4.3,0
C3960,52,Enterprise,39,3047.94,59.3,0.3,10,1,1,2.0,5,0,0,98.0,4.2,0
C3961,47,Basic,15,519.36,51.0,11.1,7,4,1,4.2,23,0,0,18.5,3.8,0
C3962,41,Basic,30,557.53,43.2,0.5,7,0,0,5.1,3,0,1,65.3,2.8,0
C3963,59,Basic,29,481.55,55.8,11.9,7,1,0,0.9,7,0,0,98.0,4.2,0
C3964,47,Premium,3,1515.12,32.1,-47.7,5,1,0,2.7,0,0,0,96.1,3.1,0
C3965,31,Standard,2,881.74,66.2,-2.1,5,1,0,3.1,6,0,0,80.9,3.0,0
C3966,23,Standard,22,823.63,38.1,0.7,5,0,0,7.8,9,1,1,65.9,3.7,0
C3967,20,Standard,3,909.96,31.2,-9.1,1,1,1,7.3,7,0,2,81.1,4.2,0
C3968,33,Standard,34,906.93,40.8,-19.9,9,1,1,6.0,3,3,3,70.9,4.2,0
C3969,24,Basic,23,497.49,33.1,6.5,10,2,1,2.5,10,0,0,95.4,5.0,0
C3970,69,Standard,33,917.69,46.0,-1.9,11,1,1,0.5,13,1,1,77.9,4.2,0
C3971,31,Premium,6,1569.6,40.5,-6.3,6,1,1,1.4,6,0,1,51.6,3.4,0
C3972,26,Enterprise,6,2988.78,40.4,-13.2,8,0,0,3.4,3,0,1,98.0,3.2,0
C3973,32,Enterprise,20,2951.14,69.3,-12.2,6,2,0,3.6,7,0,0,60.9,3.6,0
C3974,38,Enterprise,1,2986.61,49.3,-24.1,9,2,1,6.6,1,0,1,45.8,3.5,0
C3975,52,Standard,23,892.16,36.5,-16.9,2,0,0,1.7,1,1,1,71.4,5.0,0
C3976,19,Standard,32,948.18,44.2,-28.5,8,0,0,9.7,1,0,0,80.4,3.0,0
C3977,44,Premium,9,1504.33,59.5,-14.7,7,1,0,0.6,0,0,0,63.5,3.4,0
C3978,19,Enterprise,26,2941.59,40.0,4.1,7,4,0,0.5,3,1,0,68.0,5.0,0
C3979,52,Basic,3,539.27,44.7,15.5,4,0,0,0.7,4,0,1,95.2,4.6,0
C3980,35,Basic,7,531.26,38.0,-6.3,5,2,1,2.2,7,0,0,61.5,3.3,0
C3981,31,Basic,65,504.36,55.5,-7.0,5,2,1,6.1,4,0,0,79.0,5.0,0
C3982,37,Standard,72,946.41,44.3,-1.4,10,1,1,0.6,6,0,1,86.4,2.1,0
C3983,35,Basic,12,554.78,61.2,19.6,6,0,0,2.8,4,0,0,51.4,3.6,0
C3984,27,Basic,48,480.13,46.6,-10.6,4,1,1,5.2,4,0,1,64.4,3.7,0
C3985,42,Basic,13,453.99,41.0,6.6,9,0,0,0.5,1,3,0,91.6,4.3,0
C3986,19,Basic,6,498.41,42.1,4.3,5,0,0,0.5,13,0,2,85.2,3.1,0
C3987,42,Premium,5,1525.83,66.8,-20.6,10,1,0,2.4,4,1,0,55.2,3.2,0
C3988,71,Basic,47,493.73,45.2,12.7,4,1,0,0.7,3,1,0,60.2,3.5,0
C3989,50,Standard,3,849.58,36.3,-56.8,6,1,0,2.1,7,0,0,5.0,3.5,1
C3990,53,Standard,15,907.13,40.4,21.5,5,0,0,0.5,2,0,0,84.7,5.0,0
C3991,48,Premium,14,1397.32,65.7,-34.9,4,0,0,13.2,0,0,0,74.8,5.0,0
C3992,31,Basic,24,482.78,32.1,-8.5,8,4,1,3.7,1,1,0,33.4,2.7,0
C3993,18,Enterprise,12,3041.56,37.5,15.7,7,0,0,4.1,6,0,2,77.9,3.7,0
C3994,63,Standard,5,944.27,57.9,-15.7,8,1,0,2.5,5,1,0,68.3,2.0,1
C3995,33,Enterprise,3,2811.01,51.8,0.9,5,4,2,6.1,0,0,1,76.8,3.3,0
C3996,71,Enterprise,17,2989.37,35.3,16.1,13,1,0,6.3,0,2,1,75.4,3.6,0
C3997,63,Basic,22,528.96,41.2,41.2,7,0,0,0.6,3,0,0,61.8,3.1,0
C3998,69,Basic,15,440.2,37.8,-5.4,11,1,0,5.1,11,0,0,40.9,2.8,1
C3999,20,Basic,24,480.4,65.6,-0.5,4,1,0,2.9,0,1,2,54.6,3.5,0
