customer_id,age,plan,tenure_months,monthly_bill,monthly_usage_hours,usage_change_pct,login_frequency,complaint_count,open_complaints,avg_resolution_days,payment_delay_days,payment_failures,plan_changes,engagement_score,satisfaction_score,churn
C1000,56,Basic,56,495.74,46.4,18.4,9,2,2,0.5,6,0,0,69.3,2.7,0
C1001,69,Basic,47,519.59,49.8,32.8,4,0,0,0.5,4,0,0,98.0,4.3,0
C1002,46,Standard,16,851.9,59.9,9.2,8,3,1,0.5,29,0,1,62.3,3.1,0
C1003,32,Enterprise,8,3000.69,49.6,14.9,10,3,3,2.0,0,0,0,53.4,4.0,1
C1004,60,Basic,9,453.42,31.9,19.0,3,0,0,0.5,7,0,0,66.0,2.2,0
C1005,25,Standard,10,905.55,42.6,-9.1,8,1,1,2.0,0,1,1,73.8,4.8,0
C1006,38,Basic,26,524.86,41.2,-2.9,6,1,1,1.4,3,0,0,74.0,2.7,0
C1007,56,Basic,12,505.64,33.7,32.2,11,1,1,0.5,6,0,0,87.7,4.8,0
C1008,36,Premium,38,1523.34,53.3,-0.5,9,1,1,0.5,4,0,0,27.6,4.1,1
C1009,40,Premium,57,1471.0,59.7,9.7,8,2,1,5.2,1,0,1,51.6,3.9,0
C1010,28,Basic,8,496.51,38.0,16.8,4,1,1,4.5,1,0,0,75.8,3.4,0
C1011,28,Standard,16,889.48,29.8,11.1,6,0,0,1.2,3,0,0,76.1,4.2,0
C1012,41,Basic,1,486.86,37.7,-8.2,5,0,0,0.5,9,1,1,85.2,2.7,1
C1013,70,Standard,4,866.97,44.9,-5.8,8,2,1,1.5,4,0,0,79.3,4.4,0
C1014,53,Standard,10,881.73,45.1,14.4,8,0,0,2.3,2,1,2,69.3,3.6,0
C1015,57,Basic,4,454.49,49.2,14.4,8,1,1,2.6,8,1,1,75.0,3.8,0
C1016,41,Basic,41,431.23,51.7,24.2,8,3,1,0.5,1,0,2,44.2,2.5,0
C1017,20,Standard,3,870.97,60.3,8.8,4,0,0,3.2,2,0,2,66.7,2.2,0
C1018,39,Enterprise,12,3024.04,55.3,9.9,15,2,1,3.5,1,1,1,50.2,3.6,0
C1019,70,Enterprise,18,3008.36,54.8,-16.2,2,1,1,3.6,6,0,0,40.3,3.3,1
C1020,19,Basic,23,448.74,43.9,-19.5,9,2,1,3.4,0,0,0,55.0,3.7,0
C1021,41,Premium,9,1482.76,31.6,14.5,7,0,0,11.0,4,3,0,51.5,3.1,1
C1022,61,Standard,40,926.7,49.7,-19.4,2,0,0,4.3,4,1,1,76.8,4.1,0
C1023,47,Standard,16,881.06,51.5,-5.5,10,0,0,1.3,10,0,0,69.5,3.5,0
C1024,55,Premium,11,1442.29,54.9,29.5,3,0,0,5.9,2,2,0,69.9,1.5,0
C1025,19,Enterprise,1,3089.31,34.5,25.5,6,0,0,2.0,2,1,0,50.3,3.4,0
C1026,38,Enterprise,12,2992.32,59.2,2.5,5,0,0,0.5,3,0,0,43.6,3.8,0
C1027,50,Standard,34,852.46,48.2,-12.4,12,3,0,3.7,0,0,0,53.3,4.0,0
C1028,29,Standard,19,905.85,32.3,-8.1,6,2,2,1.7,2,0,1,98.0,3.7,0
C1029,39,Premium,35,1495.58,28.6,16.7,11,1,1,9.3,0,1,0,98.0,2.1,0
C1030,61,Basic,13,437.34,43.9,-5.9,6,1,0,1.5,6,0,0,55.7,4.7,0
C1031,42,Standard,2,902.73,45.9,-19.0,3,0,0,0.5,1,0,1,79.5,2.8,0
C1032,66,Standard,1,938.35,35.5,25.4,5,1,1,10.3,2,0,1,45.3,4.9,0
C1033,44,Standard,7,889.68,45.0,-0.5,8,1,0,6.3,1,1,0,65.8,3.5,0
C1034,59,Basic,23,416.59,47.2,-19.4,6,0,0,13.6,1,0,1,62.4,5.0,0
C1035,45,Basic,31,512.68,57.3,7.0,6,1,0,0.7,17,1,1,98.0,4.4,0
C1036,33,Enterprise,7,3023.12,44.1,19.3,5,0,0,0.5,7,1,3,68.3,4.4,0
C1037,32,Basic,13,475.54,49.8,-30.2,6,1,0,10.6,2,1,0,39.2,2.8,1
C1038,64,Standard,10,875.84,59.4,-10.0,10,0,0,4.7,7,0,0,76.9,2.5,0
C1039,68,Basic,10,589.31,43.4,-11.2,6,0,0,6.8,4,0,0,98.0,5.0,0
C1040,61,Basic,5,472.67,37.4,6.3,13,3,0,0.5,2,0,2,73.7,3.4,0
C1041,72,Basic,2,454.12,50.8,10.8,9,2,2,3.7,0,0,0,39.4,3.9,0
C1042,69,Basic,4,500.0,54.1,-18.8,13,0,0,4.3,9,0,0,51.1,4.0,0
C1043,74,Premium,1,1521.99,59.2,-42.3,7,2,0,1.5,1,0,0,81.7,4.8,0
C1044,20,Basic,4,520.3,39.8,20.8,3,0,0,2.2,5,0,0,77.3,2.8,0
C1045,54,Enterprise,1,2900.28,40.6,-33.0,7,2,2,0.5,6,0,1,97.6,3.9,1
C1046,68,Standard,19,872.57,52.3,1.8,11,0,0,0.5,3,0,0,39.5,2.6,0
C1047,24,Standard,7,945.12,49.4,-8.3,8,0,0,5.8,4,1,0,81.2,2.8,0
C1048,38,Standard,72,912.07,52.5,-0.9,7,1,1,6.0,0,0,0,46.2,3.8,0
C1049,26,Standard,4,849.57,49.4,36.3,9,3,3,0.9,3,1,1,44.4,5.0,0
C1050,56,Premium,8,1548.7,42.7,71.0,12,2,0,5.9,1,0,1,64.9,3.9,0
C1051,35,Basic,8,537.6,42.9,-45.8,7,0,0,1.6,3,0,1,43.1,1.5,0
C1052,21,Standard,1,887.14,43.6,19.6,2,1,1,1.2,3,0,1,38.6,3.7,0
C1053,42,Premium,36,1534.18,56.0,-8.9,15,2,2,5.5,0,0,0,74.5,3.7,0
C1054,31,Enterprise,1,3078.99,56.9,21.2,6,2,2,4.3,2,1,0,72.2,5.0,0
C1055,67,Premium,56,1456.82,27.6,18.9,10,0,0,3.5,7,0,2,85.1,3.2,0
C1056,26,Standard,44,921.22,51.6,30.2,3,1,0,5.6,0,0,0,66.4,2.0,0
C1057,43,Premium,15,1578.44,57.6,2.1,8,0,0,7.0,5,0,0,72.2,4.8,0
C1058,70,Standard,15,925.12,45.6,-27.2,5,1,1,10.4,3,0,0,80.2,2.4,1
C1059,19,Standard,21,868.82,20.0,18.2,5,2,2,3.4,3,0,0,89.9,2.6,0
C1060,37,Basic,9,508.56,46.8,-2.1,6,1,1,0.5,0,1,1,87.5,4.0,0
C1061,45,Standard,20,953.8,39.8,-10.8,9,0,0,1.5,7,0,0,64.1,4.1,0
C1062,64,Basic,1,458.37,47.5,-16.9,5,2,1,0.5,9,0,0,63.8,3.7,1
C1063,24,Basic,1,497.8,61.4,20.2,3,2,1,0.5,3,0,1,49.4,3.3,0
C1064,61,Premium,12,1489.26,49.4,35.1,6,2,0,15.8,17,0,0,79.3,5.0,0
C1065,25,Basic,15,473.74,62.3,-34.9,6,2,1,0.7,1,0,0,76.3,4.0,0
C1066,64,Basic,43,508.66,35.4,10.5,8,1,0,4.7,0,1,0,80.2,4.6,0
C1067,52,Basic,2,494.97,55.8,-14.3,12,3,0,5.3,0,1,0,56.0,3.9,1
C1068,31,Enterprise,34,3024.73,52.9,-41.7,10,1,1,2.4,0,0,0,93.2,4.9,0
C1069,34,Standard,4,944.64,44.8,-1.3,11,0,0,0.5,0,1,0,32.4,4.0,0
C1070,53,Standard,10,848.09,25.8,-25.8,6,0,0,4.6,4,1,0,98.0,3.3,0
C1071,67,Premium,7,1501.7,44.2,-44.4,8,0,0,10.6,5,1,1,54.9,2.8,1
C1072,57,Premium,10,1496.87,36.7,-24.5,4,3,1,5.1,0,0,0,71.4,3.6,0
C1073,21,Basic,3,507.14,27.5,-30.7,9,0,0,2.6,1,1,0,90.8,3.8,0
C1074,19,Standard,14,898.38,37.5,-21.2,7,0,0,3.1,0,0,0,61.0,5.0,0
C1075,23,Premium,32,1459.77,50.2,-38.1,3,3,0,0.6,4,0,0,59.1,3.2,1
C1076,71,Standard,11,957.19,46.6,-14.9,6,0,0,7.5,6,0,2,38.8,2.9,1
C1077,59,Basic,13,574.23,43.8,-22.8,6,0,0,3.2,5,1,0,56.9,4.1,0
C1078,21,Premium,37,1520.88,32.8,4.4,9,1,1,1.0,5,0,0,33.0,2.8,0
C1079,71,Standard,24,922.92,24.4,9.8,5,1,0,0.5,4,0,0,64.4,2.5,0
C1080,46,Basic,13,504.24,34.5,1.5,16,1,0,1.1,5,0,1,53.4,4.6,0
C1081,35,Standard,5,937.77,41.2,-10.9,7,0,0,5.1,3,0,1,76.7,3.3,0
C1082,43,Basic,43,401.27,37.4,-11.6,11,1,1,10.9,3,1,0,62.5,3.5,0
C1083,61,Basic,17,498.85,40.6,-25.9,6,1,1,0.9,6,0,1,49.6,2.7,0
C1084,51,Premium,4,1476.09,63.4,-25.3,8,0,0,1.3,3,1,1,49.3,4.2,0
C1085,27,Basic,6,504.83,44.4,12.6,10,2,0,5.7,0,1,0,56.8,4.6,1
C1086,53,Standard,32,942.71,56.8,-49.0,4,1,1,4.6,8,1,0,53.6,4.9,0
C1087,31,Standard,1,899.76,36.4,-7.0,7,0,0,0.5,2,1,0,67.8,2.7,0
C1088,48,Basic,72,484.58,36.0,-13.1,7,1,0,8.4,1,0,1,74.8,4.4,0
C1089,65,Enterprise,2,2942.87,29.9,10.0,5,0,0,0.9,1,0,0,61.9,3.9,0
C1090,32,Basic,31,494.63,45.1,-40.6,4,0,0,5.1,3,2,1,64.6,3.6,1
C1091,25,Basic,10,525.89,33.5,-4.7,10,1,0,3.7,2,0,0,65.5,3.3,0
C1092,31,Basic,13,465.36,71.9,3.6,7,1,0,2.2,3,0,0,62.9,3.0,0
C1093,40,Basic,42,418.87,41.9,-52.6,8,0,0,0.5,3,0,1,98.0,3.1,1
C1094,74,Basic,10,589.97,42.7,-31.9,10,2,2,7.8,3,0,0,53.3,3.2,1
C1095,57,Premium,15,1512.41,41.0,-7.3,7,1,0,2.6,3,0,0,91.9,3.2,0
C1096,38,Enterprise,1,2990.14,36.8,7.9,9,1,0,0.5,1,0,1,75.0,4.1,0
C1097,33,Basic,1,554.64,57.2,-0.4,4,3,1,2.3,7,0,3,69.4,2.6,1
C1098,62,Standard,5,904.66,47.9,9.0,5,0,0,0.5,3,0,0,64.2,1.6,0
C1099,35,Premium,22,1552.28,28.3,-32.0,9,1,0,1.6,0,1,2,45.5,3.7,1
C1100,64,Premium,2,1548.85,28.0,-44.7,9,0,0,0.5,1,0,0,64.9,3.4,1
C1101,70,Standard,2,848.02,30.8,-2.9,6,2,1,1.1,5,2,0,67.4,4.4,0
C1102,41,Basic,10,517.4,32.3,-35.7,6,3,0,5.8,4,1,2,95.0,2.4,1
C1103,43,Basic,20,568.01,39.8,-26.6,6,0,0,0.9,0,0,1,68.7,5.0,0
C1104,42,Premium,24,1459.05,54.7,18.3,4,1,1,3.6,25,0,0,98.0,3.0,0
C1105,62,Premium,3,1459.55,44.5,-0.3,9,4,2,0.9,3,0,0,53.5,2.7,1
C1106,58,Basic,1,466.31,30.4,-19.2,4,2,0,3.4,1,0,1,98.0,3.8,0
C1107,46,Standard,56,934.62,34.8,-22.5,10,0,0,4.8,1,0,1,43.1,2.3,0
C1108,32,Enterprise,6,3010.38,27.6,10.5,6,1,0,0.5,10,0,0,57.3,2.9,0
C1109,62,Premium,38,1421.57,42.2,0.3,3,1,0,6.6,2,0,1,60.7,4.0,0
C1110,18,Enterprise,39,3012.64,53.9,-35.4,9,0,0,8.6,1,1,1,63.4,4.0,0
C1111,42,Premium,29,1488.92,71.0,-53.7,2,2,1,1.6,1,0,2,14.5,4.0,1
C1112,24,Standard,3,894.51,33.7,42.0,7,1,0,7.4,3,0,3,62.1,3.6,0
C1113,26,Standard,34,865.52,48.6,-35.6,6,1,0,0.5,0,0,1,67.9,2.5,0
C1114,41,Standard,29,912.93,66.6,8.2,7,2,2,1.9,0,0,0,47.2,4.4,0
C1115,18,Basic,18,541.02,54.4,32.8,3,2,2,0.6,2,0,0,65.5,3.6,0
C1116,61,Standard,8,873.32,52.9,-1.3,11,2,2,11.4,9,1,1,82.7,4.4,0
C1117,25,Premium,6,1431.7,47.6,-20.0,4,0,0,5.2,10,0,1,63.1,4.4,0
C1118,41,Basic,2,486.88,61.2,-40.7,10,1,1,3.4,7,1,1,54.7,4.8,1
C1119,28,Premium,14,1529.25,35.7,-41.0,5,2,0,0.5,0,0,0,60.8,4.4,1
C1120,68,Standard,17,882.16,49.0,4.4,4,0,0,0.6,0,1,1,85.8,3.0,0
C1121,34,Enterprise,8,2939.1,41.7,31.3,3,2,0,1.5,3,1,1,38.5,4.2,0
C1122,25,Basic,12,529.53,37.2,-14.9,4,1,0,0.9,4,2,0,50.0,3.2,1
C1123,52,Basic,9,555.61,32.1,-18.9,7,1,0,1.3,4,0,0,82.4,4.6,0
C1124,52,Standard,20,899.8,18.2,12.4,5,0,0,12.1,1,0,0,74.7,2.4,0
C1125,50,Basic,46,434.77,70.8,-22.1,6,0,0,5.7,1,1,2,63.9,4.9,0
C1126,22,Premium,3,1486.29,34.3,1.9,4,1,1,0.5,13,0,0,55.9,2.3,0
C1127,59,Premium,9,1505.06,45.9,-4.0,5,0,0,0.5,2,0,0,87.0,2.8,0
C1128,56,Basic,3,466.61,49.4,-15.2,10,2,2,0.5,4,0,1,60.7,5.0,0
C1129,58,Standard,19,922.33,31.2,-5.4,2,3,0,4.4,2,1,0,65.3,4.0,0
C1130,45,Standard,26,862.7,50.7,39.1,8,0,0,2.5,7,2,1,56.2,4.2,0
C1131,24,Standard,53,900.03,62.9,10.1,2,0,0,0.6,7,0,3,78.7,3.1,0
C1132,26,Enterprise,6,2989.87,53.1,22.3,4,0,0,9.8,4,0,0,88.9,4.0,1
C1133,25,Premium,59,1523.63,42.9,-28.0,11,1,0,0.8,10,0,1,58.1,2.7,0
C1134,29,Standard,1,898.43,45.1,22.4,12,3,3,4.5,0,1,3,44.1,5.0,0
C1135,51,Premium,18,1491.14,42.1,11.0,3,0,0,20.0,3,1,0,56.1,4.1,0
C1136,50,Standard,1,866.89,37.9,-42.5,4,3,0,16.3,1,0,1,92.8,4.3,1
C1137,65,Enterprise,44,3000.39,33.4,8.5,9,1,1,3.4,0,0,0,39.9,2.6,0
C1138,72,Standard,15,888.59,39.5,-17.8,9,0,0,0.6,5,0,0,58.3,4.3,0
C1139,40,Premium,22,1464.18,46.6,-43.6,5,0,0,17.3,3,2,0,73.4,4.5,1
C1140,41,Premium,35,1505.38,63.7,-1.8,7,3,2,4.5,0,0,0,47.1,4.0,0
C1141,54,Basic,3,513.56,41.2,8.5,6,1,1,6.1,17,1,1,60.1,3.7,0
C1142,52,Premium,1,1485.46,41.6,-1.2,7,0,0,13.9,0,2,0,42.0,2.6,1
C1143,61,Basic,42,536.26,37.5,-7.7,11,1,1,0.8,4,1,1,63.6,4.1,0
C1144,57,Basic,7,509.56,65.9,-13.3,3,2,0,1.4,3,0,0,44.5,3.3,0
C1145,39,Basic,2,447.65,43.3,56.7,7,1,1,1.0,2,0,0,69.6,4.6,0
C1146,44,Enterprise,12,3052.5,53.0,-34.6,7,2,1,16.5,7,0,1,54.4,3.7,1
C1147,52,Premium,18,1529.68,50.3,16.8,5,2,0,3.7,1,0,1,84.0,3.8,0
C1148,18,Premium,1,1539.07,54.1,-4.6,15,2,2,1.3,6,1,2,62.2,4.5,0
C1149,52,Premium,6,1515.02,54.1,-26.4,8,2,2,1.6,3,1,1,55.2,3.5,0
C1150,54,Standard,1,805.49,41.7,-6.2,6,0,0,2.1,1,1,0,40.2,3.1,1
C1151,64,Enterprise,10,3042.7,38.6,-39.8,9,0,0,2.0,1,0,1,65.0,3.9,0
C1152,31,Standard,45,901.43,65.9,-19.9,5,2,0,0.7,1,0,1,64.4,4.6,0
C1153,20,Standard,72,913.13,38.5,-6.2,7,0,0,6.8,0,0,0,66.3,3.3,0
C1154,18,Basic,20,520.62,44.8,-43.8,7,3,2,5.2,3,1,0,76.0,3.9,1
C1155,22,Premium,3,1576.45,36.6,7.7,8,0,0,8.6,2,1,0,46.6,4.2,0
C1156,43,Premium,47,1477.15,53.6,-29.1,4,3,2,2.6,1,0,1,17.5,4.0,1
C1157,72,Standard,14,878.18,40.9,-41.3,9,2,0,3.9,0,0,0,50.6,5.0,1
C1158,31,Basic,3,464.96,37.7,-32.0,3,2,1,4.9,0,1,0,30.0,3.3,1
C1159,56,Premium,50,1456.2,45.5,49.4,7,4,1,3.2,4,0,0,75.1,4.5,0
C1160,44,Basic,28,456.94,61.5,-54.5,6,3,2,4.3,7,0,1,65.0,4.4,1
C1161,26,Premium,26,1424.93,36.3,5.9,8,2,2,2.7,1,1,0,91.2,5.0,0
C1162,32,Enterprise,24,3016.07,55.4,-23.8,9,2,1,1.8,3,0,1,54.6,2.8,1
C1163,32,Standard,4,978.51,36.9,-13.8,9,0,0,14.2,3,0,0,50.8,3.7,0
C1164,43,Basic,4,581.06,26.3,10.1,11,0,0,2.3,1,0,1,98.0,3.6,0
C1165,59,Premium,23,1464.91,46.4,8.9,6,0,0,6.4,2,3,0,76.6,4.7,0
C1166,30,Premium,4,1488.11,34.7,-22.0,2,3,0,3.2,4,0,3,98.0,3.2,1
C1167,68,Standard,11,948.33,37.7,-38.9,5,2,0,1.1,8,1,1,72.3,3.1,1
C1168,49,Enterprise,30,3016.29,33.5,10.6,16,2,1,0.5,6,0,1,70.0,5.0,0
C1169,56,Basic,30,504.38,68.0,8.8,8,2,2,8.6,8,0,1,49.2,2.8,1
C1170,66,Standard,12,888.73,20.5,-12.1,7,5,0,1.4,23,0,0,66.3,1.8,1
C1171,69,Premium,31,1546.13,46.5,6.0,4,0,0,1.2,1,0,0,60.7,5.0,0
C1172,49,Premium,36,1456.08,41.1,-16.1,7,5,3,4.8,5,1,0,58.9,5.0,1
C1173,21,Basic,21,518.24,33.3,-25.7,11,1,1,3.6,3,0,0,69.3,5.0,0
C1174,47,Premium,5,1512.8,44.9,-4.9,8,2,1,3.8,3,0,0,84.3,3.6,0
C1175,54,Standard,6,900.73,56.2,8.0,3,3,2,0.5,1,0,1,38.3,4.2,0
C1176,40,Standard,7,930.51,47.5,2.7,4,2,1,1.0,7,1,1,41.0,2.5,1
C1177,56,Basic,2,500.35,59.1,7.7,14,3,1,2.4,6,0,2,62.9,3.8,0
C1178,62,Premium,6,1477.62,70.4,-24.0,8,0,0,7.1,6,0,0,60.8,3.9,0
C1179,32,Basic,4,502.7,42.0,34.5,6,0,0,1.9,23,1,0,52.5,4.3,0
C1180,60,Basic,12,435.32,38.3,-13.6,6,0,0,0.5,1,0,0,60.8,4.1,0
C1181,46,Basic,47,523.51,69.4,-8.0,4,1,0,1.8,14,0,0,32.5,4.0,1
C1182,53,Premium,2,1533.73,49.5,-38.0,6,3,0,1.2,0,0,0,40.5,4.0,1
C1183,30,Standard,25,872.74,43.7,-9.8,6,1,1,18.3,0,1,0,64.3,3.7,0
C1184,49,Premium,23,1463.22,62.0,8.3,8,2,2,1.6,0,0,0,76.4,3.7,0
C1185,24,Basic,2,474.21,27.7,14.1,3,0,0,3.3,1,1,0,79.7,4.3,0
C1186,68,Standard,51,896.48,43.4,34.0,3,0,0,3.0,1,1,0,71.2,3.4,0
C1187,39,Standard,16,907.64,43.3,8.0,5,2,2,0.7,1,0,1,70.0,3.5,0
C1188,45,Premium,9,1563.62,59.0,1.9,10,0,0,0.5,10,0,0,81.1,4.8,0
C1189,19,Enterprise,28,3058.56,60.0,-16.2,5,0,0,0.5,1,0,0,28.9,5.0,0
C1190,59,Basic,5,532.26,67.4,-21.5,6,2,0,0.5,4,0,1,69.2,4.7,0
C1191,62,Standard,23,903.85,37.0,19.3,11,5,1,4.5,16,0,0,50.9,4.9,1
C1192,74,Basic,1,461.92,52.5,18.8,5,0,0,3.5,1,0,0,63.4,5.0,0
C1193,70,Standard,36,966.19,29.6,-31.9,6,1,1,1.2,14,0,1,57.7,3.4,0
C1194,23,Basic,11,489.09,17.1,13.1,10,0,0,0.8,5,0,0,45.6,4.7,0
C1195,45,Basic,20,510.25,46.5,11.3,11,0,0,0.5,6,2,0,84.5,2.7,0
C1196,45,Standard,5,924.09,37.4,-32.8,8,1,1,1.2,3,1,1,69.9,2.6,1
C1197,61,Standard,22,901.46,42.1,8.5,14,1,1,1.4,6,1,0,66.6,4.1,0
C1198,61,Basic,29,545.04,65.0,-31.2,11,1,1,7.0,3,1,0,81.6,3.6,0
C1199,37,Premium,12,1517.22,36.8,-65.7,7,1,1,0.5,2,1,0,81.9,4.4,0
C1200,47,Standard,19,938.55,32.5,-9.0,5,2,0,1.1,7,1,0,58.8,3.0,1
C1201,28,Basic,12,516.89,54.4,1.4,8,1,1,10.7,6,1,1,66.9,4.8,0
C1202,72,Premium,44,1497.48,24.4,-7.9,6,1,0,6.7,2,1,0,98.0,4.5,0
C1203,45,Basic,13,501.97,39.3,66.7,5,3,1,7.5,0,0,0,51.3,3.4,0
C1204,42,Standard,36,896.51,25.4,4.5,7,3,0,0.5,10,0,1,66.2,4.0,0
C1205,56,Standard,32,847.63,30.7,-1.3,2,1,0,1.6,6,0,0,46.3,3.2,0
C1206,50,Basic,10,458.97,25.3,5.7,8,1,1,2.3,7,0,0,58.7,2.8,0
C1207,18,Basic,5,528.62,51.3,-16.0,3,0,0,0.5,0,1,0,62.6,4.1,0
C1208,74,Standard,10,848.63,46.3,18.2,4,0,0,0.5,8,0,0,84.2,2.2,0
C1209,44,Enterprise,34,2982.83,29.4,4.0,8,1,1,1.5,2,0,0,56.7,4.0,0
C1210,74,Standard,5,857.0,27.6,2.9,5,2,1,8.9,9,0,0,74.9,2.6,1
C1211,69,Standard,14,880.69,39.0,-20.6,2,2,2,1.8,4,0,1,70.9,4.3,1
C1212,30,Standard,32,892.79,43.8,-44.1,3,0,0,4.9,2,1,1,73.4,2.7,0
C1213,58,Basic,8,482.75,72.8,-17.5,12,1,0,3.2,0,0,0,81.6,3.5,0
C1214,20,Standard,20,841.87,24.5,2.1,3,1,1,7.6,3,0,1,59.6,3.1,0
C1215,56,Premium,5,1491.58,31.6,-16.1,8,0,0,1.4,4,0,0,37.5,3.8,0
C1216,23,Basic,2,460.64,58.0,2.3,5,2,0,0.5,9,0,0,70.4,5.0,0
C1217,25,Basic,31,473.54,56.6,-10.8,4,1,0,0.5,8,0,0,77.3,3.7,0
C1218,44,Basic,2,528.62,51.8,5.8,5,1,1,0.7,1,0,1,98.0,4.3,0
C1219,26,Standard,6,937.22,23.1,-29.4,9,2,0,5.8,0,1,0,45.5,3.9,1
C1220,54,Enterprise,38,2946.56,51.5,-0.2,13,0,0,3.0,2,0,1,80.2,4.0,0
C1221,50,Basic,8,561.75,47.6,-21.0,6,2,0,2.8,1,0,1,89.7,3.7,0
C1222,68,Standard,72,878.6,48.2,-43.5,7,2,2,0.5,1,1,1,33.5,5.0,0
C1223,59,Basic,72,474.96,45.2,-9.1,9,1,1,0.7,4,1,0,83.5,2.1,0
C1224,61,Enterprise,6,2963.33,47.3,33.4,8,1,0,0.8,5,0,0,60.3,3.8,0
C1225,41,Basic,1,501.24,44.5,-41.5,8,1,1,4.9,5,0,0,39.4,3.7,1
C1226,32,Standard,24,978.26,73.9,-2.0,8,0,0,4.2,6,1,0,58.5,3.9,0
C1227,71,Premium,11,1437.41,47.7,14.9,7,3,1,3.1,0,0,3,86.7,5.0,0
C1228,49,Premium,2,1416.72,33.5,52.5,4,2,1,0.5,13,0,1,98.0,2.0,0
C1229,49,Standard,24,909.74,31.6,-17.3,9,1,1,0.6,1,0,0,82.9,3.0,0
C1230,41,Basic,1,521.77,46.7,-20.8,6,5,0,1.0,1,1,0,77.6,3.0,1
C1231,58,Standard,40,901.11,40.0,-34.2,13,1,0,6.2,3,0,0,60.6,4.9,0
C1232,69,Basic,2,522.83,21.8,23.5,7,0,0,4.5,1,1,0,75.5,3.3,0
C1233,66,Basic,2,453.75,49.3,-26.7,8,2,1,8.6,4,0,0,37.0,4.1,1
C1234,66,Standard,3,861.21,35.7,-14.3,8,1,1,0.5,1,0,2,87.9,3.0,1
C1235,69,Basic,64,503.96,46.7,-51.2,8,0,0,6.0,4,0,0,76.3,3.8,0
C1236,29,Basic,23,569.32,44.4,17.1,14,2,0,0.5,6,0,0,76.0,3.9,0
C1237,56,Standard,32,921.43,40.2,24.0,11,3,1,3.8,9,0,1,93.3,5.0,0
C1238,19,Enterprise,10,3023.29,34.4,16.1,2,1,1,3.7,2,0,0,63.5,2.4,1
C1239,20,Standard,8,856.05,47.1,-45.1,8,2,2,1.1,6,0,0,93.4,3.7,1
C1240,66,Basic,5,515.9,45.7,10.2,10,2,1,4.8,2,0,0,47.5,3.0,0
C1241,54,Basic,13,451.71,37.3,-46.8,3,1,0,1.9,1,0,0,51.4,3.5,1
C1242,66,Enterprise,16,3069.71,48.7,-3.5,9,1,1,3.5,5,0,0,58.2,3.2,0
C1243,73,Basic,19,458.52,40.4,0.1,3,1,1,3.5,1,0,0,75.8,4.8,0
C1244,34,Basic,5,467.14,43.7,2.8,9,0,0,7.5,0,0,0,64.5,3.4,0
C1245,66,Standard,59,840.08,35.6,8.4,3,3,0,3.9,0,0,0,67.7,2.2,0
C1246,19,Standard,3,902.43,51.3,-5.2,4,0,0,3.9,2,0,0,49.9,3.5,0
C1247,19,Standard,67,900.75,60.6,-54.1,3,0,0,3.2,5,0,0,40.5,5.0,0
C1248,45,Basic,1,559.53,29.7,8.4,8,2,0,0.5,6,1,0,60.1,4.8,0
C1249,71,Basic,13,530.06,43.5,-2.6,10,2,1,1.3,7,0,0,46.7,2.6,1
C1250,40,Enterprise,8,2967.37,48.3,-27.6,9,1,0,2.2,2,0,0,83.7,2.5,0
C1251,54,Basic,11,533.94,26.2,-44.2,7,1,0,1.0,0,0,0,53.8,3.8,1
C1252,49,Standard,16,849.26,41.8,33.5,6,0,0,0.6,0,2,0,91.1,4.9,0
C1253,50,Premium,11,1470.27,51.2,25.8,9,0,0,2.5,0,0,0,63.5,3.3,0
C1254,18,Standard,10,903.74,51.6,12.6,6,1,1,6.3,2,0,0,55.1,4.2,0
C1255,36,Basic,26,453.72,42.3,-21.9,6,1,0,3.5,9,0,0,49.9,2.8,1
C1256,19,Basic,23,541.59,31.8,-67.9,12,1,1,4.2,0,0,2,71.1,3.6,0
C1257,70,Standard,35,990.17,54.5,14.1,2,0,0,0.5,0,0,0,71.7,4.2,0
C1258,61,Premium,5,1487.22,55.9,4.2,12,1,1,5.6,0,0,0,86.3,2.4,0
C1259,43,Enterprise,18,2972.93,50.3,-14.4,3,2,0,0.5,9,1,0,63.7,4.5,1
C1260,49,Basic,17,493.82,44.5,23.1,9,1,1,1.2,6,0,0,73.8,3.5,0
C1261,23,Basic,9,476.71,31.2,16.2,6,2,0,7.3,13,0,1,81.5,3.2,0
C1262,49,Enterprise,13,3009.47,63.0,-0.6,2,1,0,8.9,4,0,0,57.2,4.9,0
C1263,72,Premium,7,1446.1,48.3,-4.1,7,1,1,0.5,3,0,0,43.8,2.9,0
C1264,21,Premium,3,1511.74,34.7,-3.7,10,3,1,0.6,0,0,0,90.2,3.3,0
C1265,72,Basic,4,575.48,28.3,12.0,8,2,2,1.6,3,0,1,59.8,3.4,0
C1266,28,Standard,2,818.91,26.8,-26.4,11,1,1,4.4,6,1,2,73.4,1.8,1
C1267,73,Premium,22,1452.25,46.7,5.6,7,2,1,0.6,8,0,1,32.9,4.5,0
C1268,34,Standard,21,881.2,56.3,-28.0,7,2,1,0.6,8,0,0,45.2,3.2,0
C1269,55,Standard,60,920.68,55.3,28.4,7,1,1,2.8,1,0,1,64.3,3.0,0
C1270,41,Basic,26,534.62,35.1,8.3,4,1,0,3.1,0,1,1,83.6,2.3,0
C1271,22,Standard,1,931.4,61.5,-22.2,6,3,3,0.5,0,0,0,77.1,2.0,1
C1272,69,Basic,43,431.33,63.4,-3.0,8,2,1,1.8,4,0,0,87.3,5.0,0
C1273,51,Standard,39,872.03,54.8,-26.3,8,1,0,4.6,0,1,1,37.4,3.7,0
C1274,23,Enterprise,11,2962.99,27.9,32.6,7,3,1,1.5,8,1,3,83.9,5.0,0
C1275,39,Standard,17,896.39,39.1,35.6,8,1,1,1.0,6,0,0,42.1,4.2,0
C1276,28,Premium,72,1499.73,42.7,12.4,4,3,1,0.5,0,2,1,52.9,2.7,0
C1277,65,Basic,15,444.23,22.6,33.9,3,3,3,2.2,3,0,0,42.3,4.5,0
C1278,33,Standard,47,881.42,53.6,-1.2,8,2,2,9.9,4,0,0,71.4,4.8,0
C1279,50,Enterprise,1,3022.22,55.1,14.1,8,2,0,3.3,9,2,0,74.8,2.6,1
C1280,26,Basic,4,473.87,48.4,25.6,7,1,0,0.5,3,0,1,61.9,4.0,0
C1281,23,Basic,11,490.99,44.3,-5.1,6,2,2,1.0,0,1,0,58.7,3.4,0
C1282,33,Standard,17,966.88,42.0,-3.2,4,0,0,4.7,4,1,0,48.3,3.5,0
C1283,46,Basic,33,578.6,46.1,18.3,11,3,1,4.9,1,0,0,70.4,3.2,0
C1284,20,Premium,72,1412.55,34.8,11.2,4,1,1,1.6,2,2,1,65.8,3.3,0
C1285,37,Enterprise,9,3003.56,55.5,-23.9,4,0,0,0.5,1,0,0,47.0,2.6,0
C1286,53,Standard,1,1015.68,33.0,-59.7,9,1,0,2.7,7,0,0,54.5,4.1,1
C1287,36,Basic,32,518.15,36.6,-9.4,8,1,0,4.6,3,0,0,57.0,4.7,0
C1288,43,Standard,18,899.74,26.1,-57.4,5,0,0,1.4,5,0,0,98.0,4.2,0
C1289,20,Premium,4,1551.51,36.5,-29.8,7,1,0,5.4,0,1,1,81.0,3.7,0
C1290,36,Basic,13,507.72,45.9,-26.9,6,3,1,1.4,3,0,1,48.5,2.7,1
C1291,37,Standard,27,927.37,63.4,-19.2,6,1,1,0.6,1,0,1,78.2,4.0,0
C1292,49,Standard,29,890.59,36.4,15.5,7,0,0,5.6,0,1,1,80.7,3.0,0
C1293,24,Standard,13,907.14,41.4,20.9,8,1,0,0.5,5,1,1,74.0,4.4,0
C1294,69,Basic,7,516.07,49.0,7.7,5,0,0,1.0,15,0,0,81.7,4.5,0
C1295,58,Premium,72,1533.62,40.4,10.8,8,0,0,6.7,5,1,3,54.7,3.1,0
C1296,50,Basic,21,481.73,56.7,11.4,5,2,0,2.6,0,1,1,98.0,2.7,0
C1297,57,Basic,10,480.64,26.0,-67.4,8,1,0,0.6,3,0,1,96.7,4.5,0
C1298,56,Premium,6,1421.9,50.6,-4.7,4,0,0,3.3,7,1,0,78.8,2.7,0
C1299,35,Premium,26,1483.51,45.3,-49.9,8,1,1,3.1,0,0,1,98.0,4.5,0
C1300,57,Basic,5,537.12,35.4,7.7,12,1,1,2.8,15,0,0,68.8,3.8,0
C1301,18,Basic,3,517.53,53.6,-57.3,6,1,0,1.5,3,0,0,61.7,4.7,0
C1302,28,Basic,15,459.13,54.2,-9.5,4,2,0,1.8,16,0,0,82.6,3.1,1
C1303,45,Basic,6,422.85,33.8,8.7,12,1,0,5.0,3,0,1,91.6,3.5,0
C1304,74,Basic,19,493.3,48.2,-32.9,7,0,0,9.1,4,0,0,59.4,3.2,0
C1305,42,Basic,2,535.95,44.6,19.0,6,1,0,3.0,5,1,0,55.6,2.3,0
C1306,67,Standard,21,879.84,26.6,7.7,12,1,1,9.4,6,0,2,60.9,3.8,1
C1307,40,Premium,6,1441.2,47.5,4.5,12,2,2,0.7,8,0,0,70.1,4.5,0
C1308,48,Standard,1,875.42,65.3,12.5,11,2,0,1.2,5,0,1,22.1,4.5,0
C1309,47,Standard,2,912.05,19.8,-14.0,9,1,1,6.3,2,0,0,81.9,4.0,0
C1310,59,Basic,54,548.7,33.7,-1.2,9,0,0,11.6,1,0,1,43.5,4.8,0
C1311,52,Enterprise,40,2988.73,47.3,-4.7,4,2,2,7.7,2,0,0,31.5,2.8,1
C1312,24,Premium,5,1541.2,41.5,-5.3,6,1,1,2.4,10,1,0,71.3,3.6,1
C1313,33,Premium,30,1536.76,56.4,-21.8,3,0,0,5.8,7,0,1,74.7,4.2,0
C1314,43,Premium,18,1451.93,51.3,-36.1,5,0,0,0.8,1,0,0,51.3,5.0,0
C1315,65,Enterprise,70,3049.03,33.7,-13.4,3,3,1,1.3,2,0,2,51.6,4.5,0
C1316,74,Standard,9,910.8,46.5,-14.8,3,3,3,20.0,1,0,3,58.4,3.2,1
C1317,69,Basic,22,450.73,39.9,-23.4,12,2,2,0.7,3,0,2,63.5,3.1,1
C1318,66,Standard,1,969.43,32.8,16.3,6,0,0,1.0,1,1,0,69.1,4.8,0
C1319,19,Premium,10,1493.98,59.0,-34.3,6,1,1,4.5,6,0,0,62.6,4.8,0
C1320,18,Premium,66,1421.26,48.3,-9.3,7,2,1,3.9,2,0,0,86.1,3.6,0
C1321,65,Standard,15,870.75,50.1,24.2,5,1,1,4.4,0,0,1,97.0,4.9,0
C1322,29,Basic,6,460.9,40.5,17.7,5,2,1,10.5,2,0,0,92.9,3.8,0
C1323,22,Standard,2,871.73,41.8,25.4,8,0,0,0.5,5,0,0,77.4,3.1,0
C1324,54,Enterprise,24,2981.19,59.0,-19.8,6,1,0,3.0,2,0,1,66.7,5.0,0
C1325,49,Standard,20,888.7,42.7,14.6,8,1,1,1.0,3,0,2,66.8,2.9,1
C1326,72,Standard,9,887.2,42.1,-31.6,2,1,1,1.8,9,0,2,65.3,2.7,1
C1327,26,Basic,60,495.1,55.4,-11.9,12,1,0,1.4,4,0,0,86.7,4.2,0
C1328,58,Standard,1,922.5,45.2,-9.5,5,0,0,9.3,23,1,1,37.5,3.6,1
C1329,52,Premium,7,1469.14,51.3,-19.4,9,2,1,10.2,0,0,0,67.8,4.6,0
C1330,36,Standard,50,946.24,55.7,-14.0,3,1,1,2.4,5,1,0,72.2,5.0,0
C1331,65,Premium,7,1449.99,43.8,-17.3,4,1,0,4.6,5,1,0,77.2,5.0,0
C1332,33,Standard,5,923.6,38.2,-29.6,12,1,1,0.8,0,0,0,56.0,3.2,0
C1333,20,Standard,15,964.73,26.2,16.4,7,3,2,1.4,13,0,0,96.6,2.8,1
C1334,37,Basic,34,491.91,38.3,-9.6,8,4,0,3.8,7,0,1,68.5,4.2,1
C1335,41,Premium,2,1506.74,32.8,0.0,4,2,1,3.9,2,0,0,63.7,4.7,0
C1336,71,Standard,57,860.28,48.2,-0.9,16,2,0,8.4,0,1,0,58.7,5.0,0
C1337,73,Standard,31,878.53,37.0,-3.6,9,2,0,4.9,0,0,1,90.2,4.6,0
C1338,50,Standard,3,961.71,32.2,-2.7,9,0,0,6.5,0,1,0,85.0,3.5,0
C1339,41,Enterprise,24,3028.94,30.8,-12.6,7,1,1,6.1,0,0,0,54.8,5.0,0
C1340,69,Basic,9,515.74,44.9,30.5,5,3,0,1.1,10,2,0,65.8,3.8,0
C1341,28,Premium,10,1421.48,48.4,14.0,6,2,1,5.9,4,1,2,74.3,3.3,1
C1342,66,Basic,30,470.34,32.0,-4.5,11,3,0,0.8,0,2,0,86.4,4.6,0
C1343,25,Standard,65,968.56,31.6,-16.2,5,0,0,0.5,10,1,0,83.7,2.9,0
C1344,53,Basic,2,515.43,33.0,-8.0,11,1,0,3.3,0,0,1,71.7,2.6,0
C1345,55,Basic,10,520.42,40.2,5.4,4,0,0,1.6,2,0,0,74.2,4.6,0
C1346,57,Standard,13,905.82,46.4,32.5,4,1,1,3.9,5,0,0,80.9,3.6,0
C1347,37,Basic,9,474.48,40.9,-39.3,5,0,0,0.9,6,0,0,82.2,4.2,0
C1348,52,Standard,9,912.3,36.6,11.5,8,2,2,1.0,7,1,0,51.5,3.3,0
C1349,65,Enterprise,1,2937.79,41.9,23.2,7,1,0,8.0,11,0,0,43.7,3.6,0
C1350,42,Basic,23,434.78,48.5,-42.2,5,0,0,3.8,1,0,2,42.0,3.4,1
C1351,52,Premium,11,1469.59,41.2,-9.5,9,0,0,0.5,1,0,2,77.0,2.9,0
C1352,42,Standard,4,906.69,54.3,-31.6,7,0,0,1.5,4,0,0,70.0,3.0,0
C1353,46,Standard,33,836.21,56.5,5.8,7,2,2,3.7,8,0,0,98.0,4.8,0
C1354,35,Basic,32,504.08,39.3,-14.0,8,0,0,4.4,3,0,0,33.2,2.1,0
C1355,63,Basic,13,459.22,54.1,-8.3,8,2,0,2.4,1,1,0,77.5,4.0,0
C1356,35,Basic,7,464.61,48.8,-15.3,5,1,0,1.0,6,3,1,44.8,3.4,1
C1357,19,Basic,20,550.98,63.4,13.0,7,0,0,3.9,9,0,0,77.3,5.0,0
C1358,71,Basic,6,500.49,36.5,0.7,6,1,0,0.5,0,0,0,58.9,4.9,0
C1359,52,Standard,5,862.85,69.6,0.8,6,1,0,5.5,0,1,1,64.9,5.0,0
C1360,33,Premium,26,1506.47,27.1,-1.0,7,5,0,4.9,12,0,1,63.1,4.2,1
C1361,58,Premium,1,1440.22,37.4,9.3,2,1,1,1.2,3,1,2,55.5,5.0,1
C1362,53,Standard,1,914.29,28.7,-11.5,10,1,0,0.5,0,1,2,80.2,3.9,0
C1363,50,Basic,1,543.29,68.1,37.5,4,0,0,0.5,1,1,3,47.5,4.3,0
C1364,21,Basic,3,525.47,56.3,-35.9,11,3,2,1.9,3,1,0,64.3,2.8,1
C1365,50,Basic,1,585.31,51.6,-48.1,4,1,1,0.7,3,0,0,70.5,5.0,0
C1366,31,Basic,72,421.46,61.8,-50.2,6,1,0,2.0,0,0,1,49.7,4.9,0
C1367,38,Standard,6,904.08,39.5,-57.0,6,1,1,0.5,7,0,1,58.9,3.6,0
C1368,65,Standard,3,845.26,27.9,11.8,3,0,0,2.0,3,1,1,39.6,3.9,1
C1369,37,Standard,5,892.07,44.5,8.8,9,0,0,8.2,2,0,1,75.5,4.8,0
C1370,73,Standard,55,899.06,29.3,25.2,8,3,2,4.0,3,0,1,89.8,4.1,0
C1371,25,Premium,14,1590.19,45.5,-31.4,6,2,2,0.5,0,0,1,34.7,4.5,0
C1372,24,Premium,9,1496.61,69.3,13.6,5,2,1,0.5,5,0,1,53.3,3.9,0
C1373,20,Basic,41,495.86,44.0,-3.6,8,0,0,2.5,0,0,1,44.1,3.8,0
C1374,34,Enterprise,10,3039.21,67.5,-0.8,3,0,0,1.1,2,0,0,31.1,3.3,1
C1375,50,Enterprise,8,2996.89,31.5,10.6,7,2,0,2.0,3,1,0,58.0,2.8,1
C1376,65,Basic,4,572.25,51.0,-23.9,11,0,0,5.1,0,0,1,31.3,3.1,0
C1377,29,Standard,9,925.79,45.5,59.7,5,1,0,1.7,2,0,0,23.4,3.6,0
C1378,68,Standard,7,932.14,42.5,28.3,7,2,0,1.3,1,0,1,69.0,3.7,0
C1379,39,Enterprise,22,2924.3,40.5,-18.3,5,0,0,7.9,4,0,1,68.4,4.0,0
C1380,72,Premium,6,1578.41,49.7,-32.3,7,1,1,4.4,3,2,0,71.4,3.3,0
C1381,39,Basic,17,472.74,56.9,-7.2,8,1,0,3.5,0,0,1,77.4,4.8,0
C1382,63,Standard,1,898.61,44.0,-0.4,10,2,2,0.5,3,1,0,96.2,5.0,0
C1383,47,Standard,4,872.89,60.5,21.6,7,2,1,2.4,0,0,0,29.0,4.5,0
C1384,55,Standard,10,858.03,26.9,-34.2,6,1,1,7.9,0,0,0,95.5,3.9,0
C1385,55,Basic,55,450.91,55.3,2.1,6,3,0,6.0,0,0,0,77.4,2.7,0
C1386,62,Premium,9,1503.13,61.8,-43.2,3,2,1,0.5,0,1,0,63.3,3.2,1
C1387,68,Standard,21,820.2,33.5,5.9,2,2,2,4.9,17,1,0,35.3,3.6,1
C1388,71,Premium,5,1489.29,73.1,-7.7,11,0,0,7.2,4,0,1,95.7,5.0,0
C1389,25,Premium,2,1541.31,58.0,43.4,4,4,0,1.0,3,0,0,79.0,4.7,0
C1390,44,Premium,1,1524.28,42.0,-43.7,5,0,0,2.6,10,0,1,64.7,4.2,1
C1391,44,Standard,7,916.3,40.0,29.3,8,1,0,7.6,0,0,1,88.0,4.4,0
C1392,51,Standard,3,863.18,39.5,-47.6,7,1,1,7.4,0,0,0,56.2,3.3,1
C1393,38,Basic,3,435.56,42.0,-38.2,8,1,0,1.9,4,1,1,62.4,4.5,1
C1394,47,Standard,28,940.67,50.4,-46.9,8,0,0,2.5,3,0,0,52.6,3.9,0
C1395,50,Basic,1,481.04,37.2,1.3,8,1,1,0.5,9,0,1,56.9,2.3,1
C1396,45,Standard,16,895.68,43.7,-34.3,7,0,0,2.7,1,2,1,51.2,3.5,1
C1397,64,Basic,9,491.1,30.6,-38.7,5,1,0,6.9,3,0,0,88.5,3.1,1
C1398,50,Basic,14,525.9,52.7,0.1,13,0,0,0.7,3,0,0,27.8,4.9,0
C1399,22,Basic,16,572.73,46.0,6.3,7,1,1,2.1,1,0,0,61.9,4.4,0
C1400,65,Basic,7,557.49,30.2,-4.0,6,0,0,3.6,1,0,2,45.1,2.9,1
C1401,36,Premium,6,1405.71,53.2,-9.1,9,2,0,0.5,1,1,1,65.2,3.5,0
C1402,21,Premium,26,1486.66,29.7,40.7,7,2,2,0.5,7,0,0,78.8,2.1,0
C1403,52,Standard,41,845.13,51.7,-1.4,6,0,0,6.6,1,0,2,53.8,4.0,0
C1404,66,Basic,4,536.54,45.8,15.1,8,2,1,11.7,3,1,1,82.4,4.9,0
C1405,34,Basic,2,499.16,48.6,-1.4,9,4,1,5.0,1,0,0,56.7,3.5,1
C1406,61,Basic,45,523.25,40.2,-32.4,9,1,1,11.6,0,1,0,79.6,3.1,0
C1407,45,Basic,8,483.24,27.1,8.7,6,2,0,0.6,10,0,0,98.0,4.3,0
C1408,47,Premium,16,1457.43,40.1,-21.4,10,2,0,7.1,0,0,0,90.5,3.9,0
C1409,46,Basic,8,464.27,33.0,-7.3,3,2,0,8.3,0,2,1,87.7,3.9,0
C1410,63,Standard,2,837.68,51.6,2.6,7,1,1,1.2,1,0,2,79.4,3.6,0
C1411,70,Basic,17,448.45,47.0,-53.5,3,0,0,3.7,1,0,2,77.1,3.4,0
C1412,23,Basic,14,440.03,36.5,-45.2,11,2,1,1.3,1,0,0,76.1,3.6,1
C1413,52,Standard,4,857.57,37.5,17.7,8,0,0,0.5,6,0,0,52.5,3.6,0
C1414,58,Standard,12,855.31,65.3,-21.6,10,0,0,5.9,1,1,0,49.0,3.5,1
C1415,54,Basic,31,514.76,59.7,-20.4,8,2,0,8.3,3,0,3,41.2,3.6,1
C1416,41,Basic,17,513.19,45.8,-0.8,4,2,2,0.5,0,0,1,73.2,4.2,0
C1417,46,Standard,2,914.72,61.9,-14.6,1,0,0,3.7,8,0,1,43.3,4.7,0
C1418,66,Basic,15,546.0,40.8,5.4,9,1,1,12.4,1,0,0,72.0,3.7,0
C1419,63,Basic,24,495.87,21.4,-6.3,12,0,0,1.1,3,1,0,90.7,3.9,0
C1420,70,Enterprise,31,2967.77,55.5,-0.0,9,0,0,4.9,3,0,0,69.9,2.3,0
C1421,48,Standard,19,987.46,36.4,-22.5,6,1,1,1.9,1,0,2,64.1,4.4,0
C1422,52,Standard,3,935.23,37.7,-0.2,7,1,1,0.5,3,0,1,72.7,2.2,0
C1423,50,Standard,24,905.09,37.1,22.6,6,0,0,4.2,8,1,0,85.9,3.8,0
C1424,69,Standard,22,902.31,56.6,-19.2,8,1,1,1.0,1,0,0,55.3,3.0,0
C1425,38,Standard,1,910.59,38.8,17.9,7,1,0,3.2,10,0,1,58.6,4.0,0
C1426,49,Standard,10,890.92,62.7,-6.3,13,0,0,0.5,1,0,0,34.8,4.4,0
C1427,40,Premium,8,1504.13,40.6,13.4,3,6,0,0.5,0,1,1,75.0,3.9,1
C1428,50,Basic,22,518.98,47.9,-1.8,13,2,0,0.5,1,0,0,53.9,4.5,0
C1429,20,Standard,4,869.94,56.3,-5.8,7,0,0,0.9,8,0,2,97.6,3.1,0
C1430,35,Standard,17,833.64,29.3,3.7,6,3,3,0.5,0,2,0,39.3,3.4,1
C1431,42,Premium,48,1415.97,39.5,25.3,9,0,0,1.2,2,1,1,61.9,3.6,0
C1432,59,Standard,31,934.52,56.1,0.9,7,1,0,0.8,3,2,0,68.0,4.8,0
C1433,48,Standard,50,835.68,38.4,7.0,6,1,1,1.1,6,0,0,77.6,2.8,0
C1434,71,Basic,72,517.61,33.0,-14.2,10,0,0,0.5,9,1,0,75.1,3.1,0
C1435,20,Standard,1,852.83,33.5,34.3,4,1,0,0.7,19,1,0,98.0,3.9,0
C1436,57,Basic,19,453.47,50.1,11.0,8,0,0,1.2,7,0,0,91.8,3.9,0
C1437,63,Basic,10,470.27,61.3,-3.1,17,0,0,2.0,0,2,0,52.4,4.1,0
C1438,41,Basic,39,506.77,52.3,-8.1,6,3,2,1.1,1,0,1,79.2,4.3,0
C1439,67,Standard,5,847.46,37.5,19.4,4,1,0,0.7,7,0,0,75.1,3.6,0
C1440,49,Basic,72,474.32,58.5,-20.2,4,1,1,3.5,14,0,0,51.6,3.3,0
C1441,64,Standard,19,897.97,39.4,-49.6,10,1,0,1.6,0,1,1,83.2,4.2,0
C1442,39,Premium,31,1450.59,36.8,-3.2,5,1,0,3.2,1,0,1,64.6,4.6,0
C1443,40,Basic,1,556.13,46.1,24.8,7,3,0,1.8,4,3,1,60.7,3.4,1
C1444,19,Standard,4,830.1,59.9,34.8,16,0,0,1.9,2,0,1,41.1,4.8,0
C1445,44,Standard,28,890.27,44.3,-7.7,7,1,1,1.7,0,0,0,41.2,4.8,0
C1446,59,Basic,1,549.9,46.7,-3.9,5,1,0,6.7,9,1,0,82.5,4.5,0
C1447,19,Premium,33,1446.02,34.2,8.0,10,1,0,1.7,1,0,0,61.6,2.3,0
C1448,43,Basic,1,494.61,34.1,-11.6,8,0,0,3.2,1,0,0,86.8,3.8,0
C1449,34,Standard,21,904.31,27.3,7.9,10,2,0,2.2,3,1,1,60.0,3.3,0
C1450,57,Standard,9,866.73,34.1,-7.1,7,0,0,3.1,7,0,0,57.5,3.5,1
C1451,50,Standard,18,895.9,34.4,20.3,4,1,1,0.8,2,1,2,95.0,4.5,0
C1452,26,Standard,23,921.46,47.0,13.1,4,1,1,0.5,0,0,1,80.5,4.9,0
C1453,60,Basic,8,480.31,53.1,15.3,7,0,0,3.1,2,0,0,49.5,4.3,0
C1454,71,Basic,2,529.57,38.4,-10.1,6,0,0,14.3,0,0,0,74.1,3.9,0
C1455,65,Premium,1,1514.71,28.5,43.1,9,1,1,1.0,0,1,0,59.3,3.1,0
C1456,56,Standard,17,875.68,44.9,7.1,5,0,0,0.5,2,2,0,68.8,3.5,0
C1457,46,Premium,14,1544.1,61.5,1.2,5,0,0,8.5,0,0,1,47.3,4.4,0
C1458,59,Premium,27,1469.36,49.8,-24.0,6,1,1,0.5,4,1,0,77.6,3.0,0
C1459,72,Premium,14,1533.24,35.4,-7.4,6,2,2,7.1,3,0,1,75.9,4.0,0
C1460,43,Standard,10,870.08,56.2,-2.1,5,0,0,2.5,1,0,1,56.2,4.3,0
C1461,52,Basic,10,486.36,30.7,-24.7,7,3,1,0.7,0,0,0,68.5,4.2,0
C1462,67,Premium,1,1492.49,34.9,-12.3,3,0,0,0.8,2,1,0,66.2,3.1,0
C1463,42,Standard,8,912.54,62.3,-9.1,4,2,2,2.6,6,1,1,69.9,3.0,1
C1464,41,Basic,72,402.46,38.5,-3.6,4,0,0,5.5,5,0,0,55.3,2.3,0
C1465,30,Premium,41,1517.32,55.7,-49.1,5,0,0,5.8,14,1,1,63.9,2.9,1
C1466,24,Premium,7,1494.9,42.3,-8.4,7,1,0,1.0,2,0,0,86.2,5.0,0
C1467,74,Standard,17,910.43,49.6,-14.4,6,1,1,4.3,3,0,0,68.1,1.8,0
C1468,53,Basic,37,519.1,36.2,-5.5,10,1,0,2.3,1,0,0,55.9,5.0,0
C1469,62,Standard,11,914.75,48.6,20.9,7,2,1,3.4,5,0,0,75.1,2.7,0
C1470,37,Premium,1,1418.71,21.8,46.3,6,1,0,0.5,2,1,0,67.8,2.7,0
C1471,18,Enterprise,1,2956.56,44.2,12.0,11,1,0,2.0,2,0,0,68.1,4.7,0
C1472,25,Basic,14,512.31,36.9,-35.9,5,0,0,0.5,1,0,3,88.2,4.2,0
C1473,63,Basic,69,506.99,39.9,-13.6,5,0,0,2.4,1,0,1,63.9,4.8,0
C1474,33,Premium,23,1467.42,30.5,9.9,7,1,0,0.5,0,0,2,81.6,2.9,0
C1475,31,Standard,1,928.51,50.2,7.1,11,1,1,0.5,11,1,1,89.4,4.4,0
C1476,29,Standard,4,888.74,58.6,19.7,4,3,3,1.4,1,2,3,81.0,4.3,0
C1477,68,Enterprise,29,3034.43,38.0,-7.4,6,4,1,2.5,0,1,2,84.9,2.5,1
C1478,40,Basic,36,547.4,44.6,-14.1,8,1,1,0.5,2,1,1,68.0,2.2,0
C1479,32,Standard,19,910.13,38.5,38.8,5,0,0,7.4,13,0,0,51.2,4.1,1
C1480,45,Basic,20,521.22,38.9,-3.5,3,0,0,1.2,0,0,1,78.5,3.9,0
C1481,51,Standard,1,874.66,27.0,-30.4,7,5,2,3.1,1,0,0,70.7,3.9,1
C1482,19,Premium,35,1534.69,25.0,31.9,13,0,0,0.5,1,0,0,49.4,4.0,0
C1483,49,Standard,31,907.72,59.0,-42.4,8,1,1,4.7,3,0,0,98.0,4.3,0
C1484,40,Enterprise,5,2987.21,26.4,-85.0,9,1,1,2.7,5,0,1,49.2,2.9,1
C1485,39,Standard,24,850.25,46.9,14.2,4,0,0,9.5,2,0,1,62.7,5.0,0
C1486,68,Basic,4,479.58,52.3,17.8,7,0,0,4.1,1,0,0,79.5,4.9,0
C1487,42,Basic,1,454.62,45.9,5.4,6,1,0,14.0,1,0,1,61.1,4.3,0
C1488,39,Standard,4,929.46,40.8,-37.6,6,1,1,5.9,9,0,0,45.0,3.4,0
C1489,39,Standard,3,947.82,59.7,-6.5,5,1,1,2.6,11,0,2,59.2,2.8,1
C1490,66,Basic,8,535.65,32.8,-12.0,3,5,1,0.9,3,0,1,68.8,3.5,0
C1491,69,Standard,10,998.44,31.7,-18.4,7,2,0,1.5,8,0,0,54.4,2.5,1
C1492,59,Standard,14,880.58,42.4,30.3,6,1,0,1.6,17,0,0,50.2,4.2,0
C1493,23,Premium,12,1522.86,44.0,-31.2,7,0,0,8.6,3,1,0,80.0,4.0,0
C1494,32,Standard,6,851.75,61.6,2.9,7,1,1,1.0,1,1,0,63.4,2.6,0
C1495,71,Premium,1,1491.11,39.6,24.9,8,1,1,4.5,1,0,0,76.2,4.2,0
C1496,60,Basic,18,439.91,72.6,4.5,7,0,0,3.1,3,1,1,88.9,3.3,0
C1497,54,Basic,10,521.73,62.9,26.0,7,1,1,0.7,1,1,0,68.8,3.0,0
C1498,50,Standard,7,884.78,47.1,9.1,6,2,1,1.1,2,0,0,68.0,5.0,0
C1499,25,Standard,40,816.82,60.3,5.7,8,2,2,1.2,1,0,1,95.0,3.8,0
C1500,70,Basic,27,471.6,61.0,4.2,9,1,1,0.7,20,3,0,60.3,3.0,1
C1501,61,Premium,39,1570.72,29.0,10.3,1,2,1,5.4,0,1,0,66.1,3.2,0
C1502,61,Premium,13,1515.42,53.6,-14.6,8,3,0,1.3,9,0,0,79.4,3.6,0
C1503,22,Standard,2,929.76,45.6,-37.5,6,1,1,2.7,8,0,0,98.0,3.7,0
C1504,56,Basic,23,504.02,33.5,18.9,6,2,0,4.7,6,0,0,59.2,4.7,0
C1505,21,Premium,4,1491.74,42.1,24.0,9,1,1,12.1,11,0,0,96.5,4.9,0
C1506,23,Standard,11,899.62,62.2,1.3,9,3,1,8.4,6,1,0,57.2,4.7,0
C1507,62,Premium,1,1508.82,52.9,-18.7,8,1,0,0.8,1,1,0,47.7,2.9,1
C1508,49,Premium,34,1455.13,37.2,-43.9,6,1,1,7.9,0,0,1,59.8,4.6,1
C1509,69,Premium,2,1529.52,66.3,-2.9,7,1,1,6.6,2,0,1,71.0,3.2,0
C1510,47,Standard,46,943.87,66.6,-38.7,6,3,1,0.5,0,0,0,76.1,2.4,1
C1511,64,Basic,39,491.14,51.6,-42.2,3,0,0,7.6,11,0,0,61.6,2.9,1
C1512,52,Standard,12,878.08,52.9,-5.5,6,1,1,2.7,7,1,0,92.6,5.0,0
C1513,72,Standard,27,869.32,63.7,-24.1,6,2,0,0.7,6,0,0,58.0,4.2,0
C1514,57,Premium,19,1569.37,51.5,3.6,5,3,3,18.8,1,0,0,87.3,3.8,0
C1515,69,Basic,32,480.91,37.3,-9.0,12,1,0,1.3,0,0,1,49.9,3.1,0
C1516,33,Basic,11,525.13,34.6,-20.2,7,1,0,0.7,4,0,0,76.5,4.2,0
C1517,30,Premium,30,1491.42,27.3,-47.6,8,0,0,0.7,4,0,3,68.8,3.8,1
C1518,67,Premium,12,1489.25,53.5,-26.3,13,0,0,2.6,6,0,0,55.3,4.1,0
C1519,59,Enterprise,56,2968.41,45.0,-25.4,10,1,1,0.7,2,0,0,39.8,4.1,0
C1520,47,Premium,13,1460.19,35.1,-35.6,5,0,0,2.6,0,3,0,57.2,3.8,1
C1521,36,Standard,12,928.6,21.6,-13.2,9,1,1,4.7,6,1,0,83.7,3.4,0
C1522,34,Standard,30,859.28,28.5,-33.7,4,0,0,10.4,4,0,0,56.3,3.3,1
C1523,73,Premium,34,1517.5,54.3,-9.1,4,0,0,1.6,12,0,0,62.2,1.4,0
C1524,36,Standard,16,902.62,34.3,1.0,4,4,2,13.0,0,0,1,41.9,4.3,1
C1525,45,Standard,3,929.11,33.7,-25.7,13,0,0,15.8,3,1,1,38.0,3.4,1
C1526,72,Basic,12,474.6,37.2,5.6,5,2,0,3.1,4,1,0,58.7,5.0,0
C1527,43,Standard,68,942.21,47.2,-39.0,6,0,0,1.3,36,1,0,64.6,2.8,1
C1528,54,Premium,27,1493.35,44.9,-32.8,7,2,1,6.7,7,0,0,39.6,4.5,1
C1529,43,Basic,33,602.67,46.8,-7.8,7,3,1,0.5,1,1,0,91.4,3.7,0
C1530,70,Basic,1,434.43,33.3,12.2,5,4,1,2.0,2,0,1,60.8,3.4,0
C1531,40,Basic,12,596.16,48.2,16.7,5,2,0,3.5,1,1,4,28.1,3.0,0
C1532,26,Basic,20,493.95,57.8,35.3,11,1,1,13.9,9,1,0,59.3,4.4,0
C1533,29,Basic,35,507.91,19.9,-14.4,5,0,0,4.2,2,0,1,80.2,3.4,0
C1534,70,Standard,1,874.83,40.2,-8.2,8,0,0,0.9,9,2,0,64.3,4.4,0
C1535,18,Enterprise,38,2936.24,38.1,-30.8,3,2,1,6.7,1,1,0,83.8,4.4,1
C1536,18,Standard,15,877.86,40.5,-36.3,9,1,0,3.8,0,0,1,87.5,4.4,0
C1537,64,Basic,4,484.37,33.6,0.7,5,0,0,7.0,3,1,0,29.9,5.0,0
C1538,51,Basic,7,506.31,43.0,-24.4,6,0,0,4.2,17,0,0,48.1,4.5,1
C1539,49,Standard,6,943.85,37.2,25.8,7,2,1,1.5,3,0,0,76.5,4.2,0
C1540,71,Standard,15,906.63,31.0,-41.6,9,1,1,0.5,0,1,1,90.8,4.2,0
C1541,65,Premium,1,1507.33,49.4,7.2,1,2,2,4.1,0,0,1,86.6,2.4,0
C1542,42,Standard,3,914.37,60.0,-30.1,3,1,1,0.8,2,0,0,92.6,3.9,0
C1543,57,Premium,33,1428.8,43.3,-25.5,9,1,0,0.5,0,0,0,65.5,4.2,0
C1544,62,Basic,2,432.5,53.6,8.5,6,2,0,1.2,0,0,1,52.2,4.8,0
C1545,70,Standard,5,839.12,52.5,-21.9,11,0,0,1.3,5,0,0,85.9,2.9,0
C1546,18,Basic,12,484.07,64.5,-17.9,13,2,0,17.1,5,0,0,55.4,5.0,0
C1547,33,Enterprise,14,2924.13,52.2,-25.3,4,2,2,2.9,0,0,0,38.9,3.5,1
C1548,56,Standard,28,871.41,44.8,39.6,11,3,3,16.1,7,0,1,98.0,3.5,0
C1549,22,Basic,11,444.27,40.3,-20.4,5,3,2,5.2,0,1,0,55.7,5.0,0
C1550,39,Basic,31,518.51,36.0,-3.7,10,2,2,2.4,5,2,2,93.0,3.4,0
C1551,46,Basic,19,516.51,43.8,-10.0,8,3,3,1.2,3,0,0,42.8,3.3,0
C1552,72,Standard,2,886.97,55.4,0.5,4,3,1,0.9,7,1,0,64.5,2.3,1
C1553,20,Basic,3,423.0,61.3,-20.4,13,1,1,0.9,5,0,1,69.6,3.4,0
C1554,29,Standard,11,889.51,36.2,-10.0,5,2,2,6.9,0,1,0,98.0,3.0,0
C1555,43,Basic,10,512.15,37.9,4.8,10,0,0,1.8,0,0,3,83.6,2.6,0
C1556,33,Standard,27,931.43,58.5,-26.6,13,0,0,2.1,0,0,0,28.1,4.2,0
C1557,68,Premium,17,1569.14,65.5,22.2,6,1,1,3.4,7,1,0,98.0,2.9,0
C1558,54,Premium,9,1543.74,25.9,24.6,4,0,0,0.5,3,0,0,98.0,4.1,0
C1559,39,Premium,3,1505.59,43.7,10.2,9,1,0,2.3,13,1,0,52.4,5.0,0
C1560,74,Basic,5,487.59,52.1,-3.3,3,0,0,0.5,1,2,1,44.6,3.2,0
C1561,46,Basic,17,469.28,50.7,-79.8,5,1,1,4.8,0,1,1,86.6,4.4,0
C1562,31,Standard,11,953.23,27.7,5.6,2,2,2,0.5,1,1,1,72.2,3.2,0
C1563,45,Standard,14,905.66,43.7,-14.8,5,0,0,4.3,1,0,1,73.7,5.0,0
C1564,22,Standard,3,924.22,40.0,-11.2,11,1,1,0.8,7,0,0,95.4,3.5,0
C1565,64,Basic,21,475.39,30.1,-52.4,6,0,0,5.9,1,2,1,13.2,3.2,1
C1566,66,Basic,38,449.36,53.0,7.3,2,2,0,1.3,0,0,0,78.2,5.0,0
C1567,47,Basic,5,482.99,60.7,-41.2,6,2,1,8.2,1,0,0,39.9,3.1,1
C1568,63,Premium,13,1486.88,44.7,-2.0,7,4,1,4.7,6,1,0,69.5,2.6,0
C1569,69,Basic,72,506.67,40.3,17.6,5,0,0,0.8,2,0,0,84.1,4.7,0
C1570,22,Standard,8,869.5,45.4,-16.7,8,1,0,7.6,3,0,0,25.9,4.5,1
C1571,29,Basic,18,500.0,54.0,25.4,13,1,1,0.5,0,2,1,80.4,4.6,0
C1572,33,Standard,1,946.11,24.5,-23.7,7,1,1,3.4,0,1,1,77.5,3.8,1
C1573,43,Basic,18,432.08,62.0,10.0,7,0,0,6.4,1,1,2,58.2,4.1,0
C1574,43,Premium,1,1414.32,36.9,-37.6,5,0,0,0.5,6,0,0,81.4,3.6,0
C1575,65,Premium,63,1548.84,47.6,20.8,5,3,3,0.5,4,0,0,82.6,2.5,0
C1576,38,Basic,25,440.45,44.6,16.9,8,1,1,7.7,0,0,1,98.0,3.6,0
C1577,56,Enterprise,31,2983.8,37.4,6.7,8,2,2,1.2,0,1,3,34.7,3.4,1
C1578,53,Enterprise,24,3023.34,67.9,-14.8,3,1,1,3.8,1,0,0,46.9,5.0,0
C1579,50,Premium,17,1496.63,53.1,-40.1,8,2,2,6.4,1,0,1,57.5,4.2,1
C1580,47,Premium,11,1496.07,58.4,-14.8,6,1,0,0.5,4,0,0,51.3,2.5,0
C1581,54,Basic,39,501.9,33.5,22.8,8,0,0,1.7,0,1,2,40.5,3.5,0
C1582,40,Standard,62,999.75,51.5,-1.8,6,0,0,4.5,0,0,0,49.4,3.0,0
C1583,27,Basic,13,570.22,45.6,-43.8,6,0,0,0.5,2,2,1,54.2,2.8,1
C1584,71,Basic,53,471.25,43.6,-33.1,6,0,0,4.8,1,0,0,75.4,2.3,0
C1585,22,Enterprise,17,3041.04,72.2,26.3,13,0,0,7.4,1,0,0,65.4,5.0,0
C1586,53,Basic,15,519.22,36.6,7.2,3,1,1,5.5,0,0,0,33.9,3.1,0
C1587,51,Premium,12,1498.22,32.1,-35.9,8,1,0,1.0,1,0,0,75.2,3.7,0
C1588,69,Premium,4,1462.69,40.4,-49.1,3,2,1,6.4,0,0,0,59.5,3.2,1
C1589,48,Premium,1,1517.05,53.9,-20.6,10,2,2,4.1,1,0,0,36.4,1.9,1
C1590,27,Enterprise,5,2986.76,87.1,-51.3,9,0,0,4.8,1,0,0,84.6,3.8,0
C1591,36,Basic,14,483.82,60.3,-8.9,8,0,0,4.8,1,0,0,25.0,4.6,0
C1592,49,Basic,9,468.32,37.7,56.3,5,2,2,2.1,4,1,0,40.3,4.7,0
C1593,18,Standard,11,938.99,47.0,-44.9,7,2,1,8.1,7,0,1,68.6,4.8,1
C1594,73,Basic,72,468.29,50.4,-9.7,9,0,0,0.5,5,1,0,81.7,3.9,0
C1595,22,Basic,8,468.53,43.9,27.8,3,0,0,11.2,0,1,0,63.5,3.5,0
C1596,62,Standard,12,930.12,44.8,13.7,13,2,0,0.5,0,0,0,23.0,3.0,0
C1597,21,Premium,2,1493.23,43.7,-8.7,9,1,0,5.1,10,1,0,87.8,4.3,0
C1598,33,Standard,1,894.3,46.9,-8.7,5,0,0,0.7,2,0,0,53.4,4.0,0
C1599,41,Basic,29,540.32,41.0,-33.9,7,2,1,0.5,7,2,0,65.0,3.7,0
C1600,33,Standard,16,951.55,55.4,-11.7,5,2,2,2.4,4,0,1,58.0,4.0,0
C1601,72,Basic,28,413.89,44.0,1.1,8,1,0,2.5,5,0,1,50.5,3.9,0
C1602,19,Basic,3,493.85,39.9,22.6,6,1,0,3.9,0,1,1,51.3,3.2,0
C1603,66,Premium,16,1442.59,36.7,-20.5,6,1,1,3.2,6,0,1,65.0,1.8,1
C1604,45,Standard,5,883.53,42.1,-9.7,7,5,0,0.5,2,0,0,40.5,3.7,1
C1605,49,Premium,5,1498.73,15.4,-28.7,6,2,0,0.8,1,0,1,65.9,3.4,0
C1606,44,Basic,1,484.81,34.5,0.6,6,1,0,4.4,3,0,0,47.4,2.6,0
C1607,37,Premium,2,1457.99,64.5,14.6,9,5,1,10.0,1,0,0,80.4,2.1,0
C1608,41,Standard,7,855.96,54.8,10.7,2,5,1,5.1,1,0,0,69.0,3.6,0
C1609,29,Standard,2,928.12,49.6,-34.3,3,0,0,14.8,0,0,0,77.4,3.8,1
C1610,67,Standard,72,960.39,48.2,-1.3,7,2,0,0.5,2,0,0,87.1,3.6,0
C1611,52,Premium,7,1416.58,43.1,-21.9,3,1,1,11.1,3,1,1,55.3,3.7,1
C1612,50,Standard,2,885.9,41.0,20.3,5,1,1,1.6,1,1,0,85.1,4.1,0
C1613,50,Standard,4,928.28,36.8,-9.0,6,3,0,2.9,9,1,1,49.6,4.1,1
C1614,68,Enterprise,17,2997.7,41.9,-43.0,8,1,0,13.1,14,0,1,66.2,4.0,0
C1615,60,Premium,1,1454.45,41.4,-10.5,6,1,1,2.1,0,0,0,22.0,2.0,1
C1616,54,Standard,39,879.89,55.5,6.5,5,1,1,1.3,2,0,0,73.7,3.0,0
C1617,29,Premium,65,1511.09,63.6,1.1,9,0,0,5.5,1,0,1,60.4,5.0,0
C1618,20,Standard,5,886.71,52.2,-17.8,8,2,2,4.3,2,1,1,74.6,3.7,0
C1619,18,Basic,11,497.08,34.5,-19.6,12,1,0,0.5,2,0,1,85.4,3.1,0
C1620,50,Standard,1,898.23,27.6,-29.7,12,0,0,2.3,2,1,2,85.3,4.1,0
C1621,57,Enterprise,20,2978.03,43.0,-14.9,8,1,1,9.0,1,0,1,82.8,3.5,0
C1622,27,Enterprise,10,3031.66,29.1,-26.4,5,3,1,2.8,1,0,1,85.9,3.3,1
C1623,60,Basic,6,479.9,46.3,19.3,5,1,1,3.3,0,2,0,69.3,5.0,0
C1624,61,Standard,4,858.78,74.6,-27.5,5,3,0,2.3,1,0,0,82.0,4.7,0
C1625,46,Basic,21,588.19,36.3,-1.9,6,1,0,3.1,17,0,0,72.7,4.8,0
C1626,30,Enterprise,10,2995.89,64.6,-3.6,6,2,2,1.2,2,2,1,80.7,2.8,1
C1627,29,Enterprise,3,2895.0,27.6,18.6,9,2,0,0.8,1,0,0,71.3,3.8,0
C1628,48,Standard,23,949.19,39.7,22.2,9,1,0,1.7,5,0,0,75.6,2.1,0
C1629,63,Premium,16,1549.06,33.4,12.4,3,2,2,0.9,8,1,0,34.1,4.8,1
C1630,19,Premium,39,1517.29,38.1,3.8,6,3,3,8.5,4,0,0,59.3,5.0,1
C1631,68,Standard,2,924.27,21.3,-31.2,4,0,0,0.6,1,1,1,71.5,5.0,0
C1632,67,Basic,30,585.39,60.2,-31.7,4,0,0,1.0,2,0,0,80.8,4.7,0
C1633,52,Standard,22,860.49,92.5,-26.1,7,3,0,5.5,2,0,0,78.6,4.5,0
C1634,40,Standard,2,904.33,24.9,13.8,12,3,2,0.5,0,0,0,98.0,3.3,0
C1635,34,Standard,23,977.79,50.5,-3.2,9,0,0,5.6,3,0,1,79.5,3.2,0
C1636,43,Standard,11,986.26,29.3,16.7,10,3,1,3.0,0,0,0,37.2,4.3,0
C1637,25,Enterprise,58,2984.36,35.4,20.1,7,0,0,2.2,4,1,0,21.0,3.3,0
C1638,46,Basic,3,579.41,55.0,-23.1,6,0,0,7.2,5,1,1,54.7,2.9,1
C1639,43,Standard,20,931.11,47.5,-4.2,10,3,3,1.8,3,0,0,53.0,3.9,0
C1640,27,Standard,9,958.81,46.5,-5.3,10,0,0,1.1,1,0,1,69.1,4.3,0
C1641,43,Standard,62,929.79,48.0,-13.2,7,1,1,2.7,6,0,0,64.4,4.3,0
C1642,51,Standard,8,911.22,63.6,-18.4,4,2,2,2.9,0,0,1,54.3,5.0,0
C1643,68,Basic,65,587.38,21.1,24.6,7,1,0,0.5,0,2,1,50.9,4.0,0
C1644,58,Basic,46,477.86,39.3,-3.7,7,1,0,5.4,0,0,0,63.5,3.8,0
C1645,24,Standard,6,975.09,28.1,-4.7,6,0,0,1.6,5,0,2,43.5,2.4,0
C1646,21,Standard,32,981.43,38.6,-25.1,11,1,1,0.5,3,0,0,64.6,3.7,0
C1647,70,Basic,72,553.52,47.6,11.9,6,0,0,0.5,0,1,0,82.8,2.6,0
C1648,67,Premium,5,1496.13,59.6,-30.1,7,0,0,2.9,3,0,1,72.6,4.5,0
C1649,62,Standard,11,908.78,42.7,6.4,7,0,0,1.6,7,1,1,91.6,4.0,0
C1650,28,Standard,14,848.01,48.3,7.1,16,3,2,1.3,2,0,0,64.9,2.9,0
C1651,46,Premium,6,1480.9,50.5,-15.3,7,0,0,2.2,7,0,1,62.4,3.5,0
C1652,73,Basic,1,523.83,51.8,2.9,5,0,0,5.5,10,1,0,74.7,5.0,0
C1653,53,Basic,4,441.93,44.0,-0.4,6,2,0,0.7,1,0,0,63.2,3.0,0
C1654,42,Premium,6,1487.08,25.0,-6.0,5,1,0,0.5,3,0,3,87.7,3.4,0
C1655,38,Standard,11,976.79,37.4,-4.7,6,1,1,7.2,8,0,1,81.4,4.0,0
C1656,74,Standard,3,892.83,49.0,-3.5,6,1,0,5.8,3,0,0,69.8,3.9,0
C1657,53,Premium,41,1540.35,40.4,-1.8,8,1,0,0.6,2,1,0,71.2,3.4,0
C1658,27,Premium,24,1521.66,45.4,-3.5,5,2,2,2.9,3,1,3,74.7,2.4,1
C1659,54,Enterprise,1,2986.69,48.7,-32.6,10,2,2,2.7,5,0,0,54.8,4.6,0
C1660,26,Standard,21,892.8,39.8,-8.8,6,1,0,5.2,1,0,0,60.4,3.3,0
C1661,41,Standard,21,905.67,31.2,1.6,5,1,1,1.4,0,0,0,65.7,4.7,0
C1662,52,Standard,62,816.96,26.7,-2.6,9,1,1,0.5,0,0,1,69.7,2.9,0
C1663,66,Basic,1,536.88,50.1,18.8,6,1,1,0.7,5,1,1,74.8,4.0,0
C1664,52,Standard,5,894.26,47.2,10.5,9,1,0,0.8,0,0,0,64.1,3.3,0
C1665,65,Basic,52,538.28,31.8,-26.8,5,1,1,2.2,1,0,0,78.2,2.1,0
C1666,53,Enterprise,53,3014.53,26.5,-9.2,10,2,0,2.5,7,2,0,60.7,3.5,1
C1667,35,Standard,25,892.5,60.2,-12.8,6,0,0,0.8,8,2,1,63.3,2.4,1
C1668,66,Standard,29,906.9,36.2,-5.1,9,2,0,1.3,13,0,0,86.0,4.1,0
C1669,56,Standard,1,907.04,60.7,-5.1,9,0,0,5.4,3,0,1,85.0,2.9,0
C1670,49,Basic,14,558.05,49.6,10.3,12,1,1,0.5,1,0,0,49.4,2.5,0
C1671,41,Basic,5,501.51,57.8,-0.6,9,1,0,4.8,4,0,1,58.3,3.5,0
C1672,40,Standard,3,910.53,46.9,25.8,11,1,0,13.3,0,0,0,38.8,4.6,0
C1673,49,Basic,33,448.52,35.1,1.0,7,1,0,5.0,1,0,1,52.9,4.0,0
C1674,54,Standard,2,897.12,67.9,-25.8,7,2,1,9.4,10,0,0,49.5,4.3,1
C1675,29,Premium,12,1557.17,39.7,-16.7,9,3,0,1.1,0,0,1,22.1,3.8,0
C1676,66,Premium,55,1516.15,53.9,10.1,8,1,0,2.6,3,0,1,70.4,3.6,0
C1677,72,Standard,4,855.76,57.7,-45.4,7,1,1,1.9,0,0,1,73.3,2.5,1
C1678,30,Basic,72,460.05,36.7,-38.6,9,1,1,1.1,1,1,0,40.6,3.2,1
C1679,40,Premium,72,1469.34,52.2,-4.7,9,1,0,0.5,1,1,3,45.2,3.3,0
C1680,42,Premium,16,1538.99,50.4,18.8,6,1,1,5.0,0,1,0,47.2,3.9,0
C1681,52,Basic,3,534.06,60.7,27.7,7,0,0,4.5,0,0,1,76.8,4.9,0
C1682,58,Premium,7,1360.83,62.8,-10.4,4,1,1,2.9,1,0,2,66.1,5.0,0
C1683,47,Basic,11,495.74,33.2,21.5,9,3,3,12.8,2,0,0,35.5,4.1,0
C1684,34,Premium,7,1504.91,47.7,-3.2,6,1,0,7.1,6,0,1,54.1,5.0,0
C1685,66,Enterprise,6,2960.51,26.6,-43.3,6,1,0,2.9,1,0,1,50.1,3.9,0
C1686,37,Basic,71,483.38,40.4,-5.2,9,2,2,8.9,1,0,0,45.5,3.8,0
C1687,65,Premium,3,1552.24,74.0,-20.5,9,4,0,2.9,0,0,0,83.9,4.2,0
C1688,42,Standard,26,915.35,33.9,18.0,9,2,0,6.4,3,1,1,62.2,3.3,0
C1689,39,Enterprise,1,2979.02,40.0,-5.6,11,0,0,2.4,5,0,2,44.6,4.3,0
C1690,30,Standard,18,891.51,40.6,-36.9,5,3,0,5.7,0,0,0,48.4,4.2,0
C1691,36,Premium,49,1489.89,25.7,-42.5,2,0,0,2.1,0,1,0,98.0,3.9,0
C1692,66,Basic,6,510.28,77.4,-5.5,6,3,1,3.0,8,0,1,92.3,2.9,0
C1693,53,Basic,4,441.81,46.7,-65.5,4,1,0,0.8,1,1,1,40.8,3.1,1
C1694,29,Basic,21,472.21,52.0,-18.0,9,1,0,3.4,2,0,0,60.8,5.0,0
C1695,58,Enterprise,24,3040.42,28.0,0.8,8,0,0,5.6,4,0,0,66.6,4.2,0
C1696,36,Premium,23,1496.1,47.0,-31.4,5,0,0,6.4,4,0,0,40.1,3.8,0
C1697,29,Premium,7,1465.0,44.2,19.8,9,2,2,5.1,3,0,0,51.2,4.1,0
C1698,26,Enterprise,5,2966.65,27.2,24.8,8,2,2,0.5,0,0,1,56.5,4.0,0
C1699,24,Basic,62,527.83,33.7,-30.4,2,1,1,9.4,5,0,1,59.4,3.0,0
C1700,45,Standard,51,878.29,38.6,-12.5,5,0,0,0.5,3,0,0,70.3,1.4,0
C1701,31,Basic,12,519.44,45.0,19.9,5,3,0,4.3,1,0,0,65.7,3.7,0
C1702,48,Basic,37,473.93,46.1,-5.0,9,0,0,6.0,4,0,0,79.1,4.2,0
C1703,69,Basic,12,453.8,28.9,-39.9,7,1,0,5.1,0,0,1,90.2,5.0,0
C1704,36,Standard,11,908.78,38.9,-8.6,9,0,0,5.2,1,0,0,55.7,3.1,0
C1705,64,Basic,3,495.1,45.3,-26.3,10,1,0,0.9,0,0,0,46.2,3.7,1
C1706,33,Basic,11,526.4,47.6,22.7,9,3,1,0.5,1,0,2,70.0,3.3,0
C1707,70,Basic,15,534.36,22.0,10.1,3,3,1,2.2,3,2,0,98.0,3.2,0
C1708,22,Basic,1,484.68,32.3,-12.8,15,1,1,3.5,2,1,1,41.4,5.0,1
C1709,52,Enterprise,11,3012.96,55.9,-1.4,10,2,1,6.1,3,1,0,91.8,2.2,1
C1710,29,Premium,30,1483.45,73.3,-37.7,12,1,0,1.5,1,0,1,65.0,3.9,0
C1711,42,Enterprise,22,3024.35,45.7,-23.8,11,1,1,6.1,0,0,1,72.8,3.2,0
C1712,69,Standard,20,908.34,41.9,33.8,9,0,0,2.4,0,1,0,81.4,3.0,0
C1713,38,Basic,48,474.05,44.4,-3.7,4,1,1,5.4,1,0,0,63.1,3.6,0
C1714,53,Premium,1,1470.7,48.2,18.3,11,0,0,0.9,2,0,1,59.1,4.2,0
C1715,70,Basic,16,509.75,42.2,0.8,10,3,0,5.1,5,1,0,42.3,5.0,0
C1716,40,Basic,30,545.49,61.0,27.9,4,2,1,0.8,1,0,0,54.3,3.6,0
C1717,33,Basic,15,535.05,51.9,-55.0,6,1,1,0.5,4,1,0,41.6,3.0,1
C1718,74,Basic,7,461.28,46.6,-9.7,7,2,1,5.4,3,0,1,59.6,4.8,0
C1719,56,Basic,2,465.49,42.0,36.1,7,3,2,5.3,1,0,0,76.9,3.1,0
C1720,62,Standard,43,871.38,33.6,18.9,5,0,0,0.5,14,2,0,74.1,2.6,1
C1721,70,Standard,12,875.14,50.3,28.1,4,2,0,1.9,1,0,0,39.0,3.9,0
C1722,59,Basic,42,426.33,52.7,-5.2,5,0,0,0.5,3,0,0,68.5,3.0,0
C1723,56,Basic,17,530.6,37.7,-18.4,8,2,0,4.5,7,0,0,51.1,3.0,1
C1724,31,Premium,22,1480.76,60.5,-30.7,10,1,0,5.3,0,1,1,66.0,4.5,1
C1725,48,Basic,32,517.48,44.2,-32.4,7,1,1,3.9,0,0,1,51.1,2.8,0
C1726,22,Basic,21,486.37,52.9,15.2,5,1,0,2.6,2,0,1,83.0,3.6,0
C1727,52,Premium,10,1498.08,49.1,7.8,10,0,0,0.5,3,2,3,89.8,3.2,0
C1728,40,Basic,14,471.59,35.1,-6.7,7,0,0,15.3,0,0,1,70.6,4.1,0
C1729,46,Basic,32,497.87,70.0,7.7,8,1,0,1.0,0,0,1,67.7,2.9,0
C1730,60,Standard,9,864.15,44.0,-1.4,10,2,1,6.4,0,0,1,64.6,4.4,0
C1731,28,Basic,9,498.17,39.9,19.1,8,2,0,0.5,4,3,1,59.1,4.8,0
C1732,35,Standard,2,957.29,49.4,18.8,11,0,0,0.7,10,0,0,88.8,3.8,0
C1733,64,Premium,49,1519.82,66.8,-31.6,9,2,2,4.1,10,0,0,83.3,3.0,1
C1734,29,Basic,1,510.64,33.1,1.8,9,0,0,0.5,6,1,0,87.0,4.6,0
C1735,26,Standard,20,846.21,53.5,-46.7,10,1,0,0.5,1,1,0,62.8,4.2,0
C1736,27,Standard,10,921.69,41.5,-1.7,8,1,1,3.3,3,0,0,57.1,4.8,0
C1737,61,Basic,10,525.58,55.5,10.1,9,1,1,3.9,35,0,0,19.7,4.9,1
C1738,34,Standard,22,909.73,54.5,-37.8,8,3,2,4.3,7,0,0,78.6,3.3,0
C1739,55,Basic,1,507.57,29.6,-15.4,7,0,0,7.0,0,3,2,74.5,5.0,0
C1740,24,Standard,18,893.39,40.8,-4.8,13,0,0,1.3,0,0,0,46.4,3.0,0
C1741,63,Basic,29,524.98,35.5,0.8,4,2,0,0.5,1,0,1,50.0,5.0,0
C1742,30,Standard,35,954.88,58.0,-12.0,8,0,0,1.8,0,0,1,32.9,5.0,0
C1743,57,Basic,3,512.22,50.0,-34.3,8,0,0,1.0,5,2,0,89.5,4.2,0
C1744,59,Premium,45,1460.13,59.5,-6.4,6,0,0,11.1,3,0,0,77.6,3.8,0
C1745,26,Basic,21,463.19,54.6,-46.3,6,3,0,0.8,4,0,1,78.4,3.7,1
C1746,67,Standard,42,928.05,38.1,-10.8,6,1,1,4.2,10,1,1,88.5,4.6,0
C1747,44,Standard,13,860.46,37.5,-16.0,2,2,0,8.9,16,0,1,51.1,4.0,1
C1748,19,Premium,15,1507.04,48.2,-8.4,5,0,0,3.9,1,1,0,55.1,4.2,0
C1749,22,Standard,50,885.18,75.9,-19.0,6,1,1,0.5,0,1,0,98.0,4.1,0
C1750,46,Standard,46,856.11,42.3,-42.7,5,1,0,9.1,0,1,1,64.0,4.2,0
C1751,54,Premium,11,1532.29,48.3,-14.2,12,2,0,0.6,8,2,0,78.8,4.0,0
C1752,55,Premium,6,1527.27,53.8,18.3,9,0,0,0.8,1,0,1,48.1,3.9,0
C1753,36,Basic,9,444.77,44.2,26.5,6,2,1,4.6,0,0,0,64.5,3.8,0
C1754,25,Standard,9,918.26,76.3,56.0,4,2,2,2.4,3,1,0,29.4,4.5,0
C1755,65,Premium,6,1512.41,40.5,37.3,7,0,0,5.3,2,0,0,57.4,2.9,0
C1756,62,Enterprise,6,3032.5,32.7,-34.9,5,2,0,0.6,8,0,0,80.9,3.7,0
C1757,18,Premium,39,1505.67,54.3,-15.2,9,1,1,6.8,0,0,1,76.1,3.2,0
C1758,39,Standard,1,956.07,35.4,-5.6,4,0,0,1.3,3,0,0,56.9,4.5,0
C1759,69,Basic,22,493.93,41.1,-7.1,13,1,1,2.6,6,0,0,45.3,3.4,0
C1760,34,Standard,3,888.12,47.6,-3.3,2,5,3,0.5,8,0,0,83.8,2.9,1
C1761,24,Premium,8,1460.01,42.0,55.2,5,0,0,1.5,0,0,0,75.6,4.5,0
C1762,42,Standard,1,861.64,46.3,-32.1,8,0,0,1.6,6,1,0,70.2,3.0,0
C1763,62,Standard,6,858.02,45.5,-22.8,6,0,0,11.9,6,0,0,69.6,4.9,0
C1764,21,Premium,29,1507.74,70.7,36.1,9,1,0,6.2,1,1,1,70.5,3.2,0
C1765,53,Standard,43,888.24,50.7,-20.4,8,1,0,0.5,1,0,0,49.9,4.1,0
C1766,23,Premium,5,1512.23,43.4,4.8,3,0,0,1.2,10,0,1,83.3,4.9,0
C1767,48,Standard,12,850.63,38.4,20.9,7,0,0,0.8,3,1,0,45.7,2.5,0
C1768,36,Basic,12,464.77,38.8,7.2,6,2,0,1.3,0,0,1,75.9,4.5,0
C1769,61,Standard,41,864.1,25.6,-0.2,8,1,1,0.5,6,0,0,65.2,3.9,0
C1770,71,Premium,28,1585.77,63.2,18.5,5,0,0,5.3,14,1,0,69.9,5.0,0
C1771,56,Basic,14,492.37,42.9,-27.3,9,2,1,0.5,2,0,0,98.0,4.7,0
C1772,44,Basic,22,496.35,51.8,-17.4,8,0,0,0.8,5,0,1,98.0,4.9,0
C1773,27,Enterprise,37,2995.9,44.9,8.4,7,1,1,3.7,5,2,0,95.6,4.5,0
C1774,43,Basic,1,561.11,48.9,-56.7,7,3,2,3.5,2,0,0,98.0,4.2,1
C1775,36,Standard,10,834.47,33.4,30.4,8,2,2,6.1,2,0,1,71.8,5.0,0
C1776,56,Standard,47,896.6,55.5,2.6,5,0,0,0.5,3,0,0,52.1,4.2,0
C1777,20,Standard,26,834.09,29.3,-1.2,12,1,1,0.9,0,0,0,74.5,4.8,0
C1778,62,Standard,15,803.81,42.1,-45.8,8,0,0,7.3,2,0,1,71.6,3.2,0
C1779,30,Basic,15,469.63,49.5,-37.2,9,3,2,3.8,1,0,0,54.9,2.9,1
C1780,67,Standard,8,915.49,50.5,-15.0,6,2,2,0.5,0,1,1,71.3,2.5,1
C1781,45,Standard,14,867.09,39.2,15.2,8,2,2,0.5,0,0,0,93.9,3.5,0
C1782,37,Standard,21,914.83,28.7,-56.9,9,2,1,2.7,2,1,0,86.9,4.3,0
C1783,45,Basic,10,503.26,50.7,14.7,7,3,3,4.9,9,0,0,57.3,3.0,1
C1784,25,Standard,25,893.44,39.2,-14.0,7,1,1,3.6,7,0,0,47.9,4.5,0
C1785,58,Basic,39,549.6,50.3,-10.6,5,0,0,4.0,9,0,1,84.2,4.3,0
C1786,56,Basic,3,475.16,44.4,1.3,4,2,2,3.0,1,2,1,46.7,2.5,1
C1787,18,Basic,12,514.23,29.9,1.7,8,0,0,7.5,7,0,0,44.0,3.9,0
C1788,20,Basic,10,426.88,53.9,-22.8,3,0,0,8.0,1,0,0,98.0,3.5,0
C1789,30,Premium,23,1502.95,33.5,10.6,9,3,1,3.3,13,0,1,74.3,4.1,0
C1790,45,Basic,5,488.71,37.4,-63.0,8,2,0,4.6,1,0,0,52.0,4.0,1
C1791,74,Enterprise,20,2951.71,61.8,-16.3,4,2,2,2.2,1,0,0,67.1,4.4,0
C1792,66,Enterprise,41,3014.94,44.4,-1.2,10,3,0,1.1,0,0,0,77.0,4.2,0
C1793,42,Standard,10,869.44,39.3,-13.6,9,0,0,3.5,10,0,1,62.4,3.1,0
C1794,73,Basic,48,568.29,78.6,-50.7,7,1,0,5.9,3,0,0,72.2,2.8,1
C1795,50,Standard,72,801.65,32.7,14.0,5,3,1,1.1,1,0,0,42.0,3.9,0
C1796,55,Premium,2,1508.93,59.0,-36.2,3,1,0,3.4,0,2,4,76.2,4.3,1
C1797,70,Standard,5,900.71,46.1,-6.7,5,1,1,3.4,4,1,1,56.7,4.9,0
C1798,23,Basic,60,487.77,26.6,-1.2,7,0,0,8.8,0,1,0,61.6,4.9,0
C1799,61,Standard,63,877.83,41.3,-4.5,4,1,1,5.0,0,1,0,81.0,4.0,0
C1800,62,Premium,2,1501.75,68.9,24.2,11,1,1,5.8,2,0,0,28.7,3.9,0
C1801,49,Premium,1,1541.49,57.7,-6.3,4,1,1,3.0,0,1,1,52.9,4.6,0
C1802,62,Basic,3,432.11,33.6,5.7,3,1,1,4.6,0,1,1,77.0,3.3,1
C1803,64,Standard,72,866.76,47.5,-6.4,9,0,0,1.0,4,0,0,67.3,4.0,0
C1804,38,Basic,3,456.99,43.4,10.3,11,1,1,3.0,2,0,0,59.8,3.8,0
C1805,33,Basic,13,455.11,42.9,29.8,5,0,0,3.8,0,1,2,60.8,3.1,0
C1806,71,Premium,37,1512.71,38.5,-1.6,4,1,1,6.3,0,0,1,58.5,3.3,0
C1807,38,Basic,1,522.57,46.1,14.5,6,0,0,0.6,12,0,0,78.2,5.0,0
C1808,28,Basic,18,541.6,36.8,31.4,6,1,1,1.4,0,0,1,55.9,3.5,0
C1809,54,Basic,6,523.2,56.4,28.9,6,0,0,5.5,2,0,2,40.7,3.8,0
C1810,53,Premium,39,1526.45,42.9,-14.6,8,0,0,2.0,1,0,0,98.0,3.2,0
C1811,52,Premium,6,1442.53,57.7,20.9,11,0,0,2.3,2,0,0,65.1,5.0,0
C1812,36,Standard,23,958.34,38.0,1.2,14,0,0,3.4,8,1,0,56.8,2.9,1
C1813,37,Premium,22,1490.61,37.9,22.9,6,0,0,4.5,4,0,0,98.0,2.4,0
C1814,74,Basic,5,540.32,43.6,9.2,7,0,0,1.2,6,0,0,49.8,4.5,0
C1815,35,Standard,1,843.95,36.5,1.9,8,0,0,7.0,2,0,1,82.8,3.2,0
C1816,64,Standard,10,889.34,42.6,5.8,6,3,2,1.6,3,0,0,55.0,2.2,0
C1817,58,Basic,6,536.72,37.0,1.4,3,0,0,1.1,0,0,0,25.3,3.9,0
C1818,66,Standard,33,900.12,48.6,2.4,7,0,0,4.2,0,2,1,77.9,4.1,0
C1819,31,Enterprise,32,2968.84,34.8,-9.0,10,0,0,1.6,8,1,0,54.5,3.5,0
C1820,32,Basic,12,551.39,54.7,-11.3,4,3,0,2.5,2,0,0,75.8,3.5,0
C1821,48,Basic,18,452.14,44.9,39.1,6,1,0,1.4,0,0,1,67.9,3.5,0
C1822,18,Basic,18,498.18,41.2,6.9,7,1,1,6.7,0,0,1,83.7,5.0,0
C1823,70,Basic,35,524.61,32.3,-19.3,4,2,1,2.4,10,0,1,77.1,3.7,1
C1824,71,Enterprise,11,3082.83,31.1,-11.9,5,1,0,0.5,0,1,0,86.7,4.8,0
C1825,71,Standard,6,880.67,67.7,21.4,9,1,1,0.5,2,0,1,63.8,3.8,0
C1826,20,Standard,6,887.94,50.0,-23.4,7,0,0,1.6,6,1,0,63.0,3.7,0
C1827,33,Premium,15,1481.21,49.4,-42.1,5,1,0,1.8,8,1,0,47.9,2.9,1
C1828,40,Basic,11,508.54,37.3,-40.2,5,1,0,0.5,7,1,0,61.6,4.2,1
C1829,74,Standard,11,922.52,51.7,-48.2,7,1,1,6.7,8,0,2,58.2,3.9,1
C1830,28,Standard,1,942.73,43.6,-37.5,6,2,1,2.5,0,0,2,63.1,5.0,1
C1831,29,Standard,25,929.24,40.8,-34.5,11,0,0,2.8,2,1,0,98.0,3.5,0
C1832,27,Enterprise,4,2979.11,32.5,29.6,5,2,1,3.7,4,1,2,73.6,2.9,1
C1833,49,Premium,4,1531.53,48.5,-6.2,1,3,3,0.9,9,2,1,37.0,5.0,1
C1834,33,Standard,10,902.66,69.5,-14.1,5,0,0,2.6,2,1,0,98.0,5.0,0
C1835,25,Premium,5,1528.81,61.7,-41.1,8,0,0,0.9,3,0,0,54.7,5.0,0
C1836,55,Basic,17,531.09,55.6,-8.6,4,0,0,1.9,12,0,0,75.0,3.7,0
C1837,29,Basic,9,564.21,33.0,-48.4,5,2,2,3.5,13,0,0,90.1,5.0,1
C1838,41,Basic,11,484.82,32.8,-14.2,4,2,2,0.9,4,0,0,58.5,2.4,1
C1839,45,Basic,15,477.18,52.6,46.6,9,0,0,7.5,2,0,2,61.6,4.3,0
C1840,70,Standard,4,916.89,45.9,11.6,11,2,0,1.2,3,0,0,78.8,3.4,0
C1841,25,Standard,3,946.3,40.8,-10.2,3,1,0,1.3,9,0,1,97.8,4.4,0
C1842,45,Enterprise,42,3001.32,38.7,12.5,7,1,0,8.9,4,0,0,59.7,3.1,0
C1843,53,Standard,11,948.91,25.1,-18.0,4,1,1,1.7,1,1,1,69.3,4.8,0
C1844,43,Standard,10,926.6,51.5,-25.0,7,0,0,0.5,0,0,0,60.6,4.7,0
C1845,25,Basic,1,490.95,45.4,37.6,3,0,0,2.0,0,0,0,54.4,3.9,0
C1846,67,Basic,13,521.53,36.3,-33.6,8,0,0,1.4,3,2,0,36.3,3.0,1
C1847,45,Standard,16,881.61,65.9,-13.9,9,1,0,2.4,4,1,1,35.4,2.7,1
C1848,45,Standard,16,908.54,33.4,2.7,7,2,2,3.3,0,0,0,56.5,4.8,0
C1849,54,Premium,24,1456.07,32.5,-28.4,8,2,1,1.4,5,0,0,98.0,3.0,0
C1850,58,Basic,3,496.27,41.9,11.3,6,0,0,4.3,3,1,2,67.0,5.0,0
C1851,53,Basic,5,538.99,49.1,-12.7,6,0,0,1.3,1,0,1,41.8,4.8,0
C1852,44,Standard,33,929.69,61.2,11.6,7,2,1,6.4,12,0,2,52.8,3.2,1
C1853,71,Basic,58,523.83,47.1,9.6,8,1,1,11.5,2,1,1,89.6,3.8,0
C1854,34,Basic,2,510.5,54.0,-11.1,2,2,0,0.5,2,1,0,78.2,3.8,0
C1855,26,Premium,13,1505.39,55.7,37.8,11,0,0,0.5,2,0,1,66.7,2.3,0
C1856,50,Basic,4,448.32,57.0,-21.6,3,0,0,2.5,3,0,0,89.4,2.5,0
C1857,70,Standard,1,890.76,47.2,28.7,10,0,0,3.4,0,0,0,45.5,3.7,0
C1858,37,Basic,7,506.3,47.1,24.4,4,3,1,8.5,0,1,0,47.4,3.9,1
C1859,30,Basic,3,454.02,38.0,39.3,10,2,1,3.5,2,0,0,83.4,4.2,0
C1860,45,Standard,24,828.93,43.1,-0.6,11,1,1,7.0,5,1,0,50.1,3.1,0
C1861,65,Premium,15,1544.15,39.7,-24.7,4,0,0,2.6,2,0,0,59.0,3.6,0
C1862,46,Standard,3,901.03,49.2,46.9,3,0,0,4.1,10,0,1,67.4,4.4,0
C1863,30,Premium,1,1507.4,59.5,-13.4,4,2,0,9.0,4,0,0,59.6,3.1,0
C1864,63,Basic,33,521.23,39.7,-25.3,10,2,1,4.0,0,0,0,90.3,5.0,0
C1865,52,Premium,3,1459.71,53.0,-9.7,6,1,0,2.3,2,0,1,90.5,3.5,0
C1866,23,Basic,18,482.86,32.2,-29.5,5,1,0,3.1,3,1,0,84.1,3.3,0
C1867,35,Standard,8,959.16,54.0,8.2,1,0,0,2.0,0,0,1,85.8,5.0,0
C1868,68,Standard,17,879.45,35.1,-20.1,10,2,1,0.6,0,1,1,37.7,3.5,1
C1869,22,Enterprise,7,2988.37,70.7,-12.2,5,3,3,5.1,26,0,1,47.3,4.5,1
C1870,64,Standard,1,872.22,51.8,19.2,7,0,0,1.9,4,0,0,81.0,2.8,0
C1871,42,Basic,5,469.37,54.6,10.6,6,2,1,0.5,4,1,0,53.5,3.8,0
C1872,19,Basic,4,543.22,58.5,-4.6,7,2,0,4.3,3,0,0,60.3,4.0,0
C1873,27,Premium,11,1399.93,40.2,-0.7,2,2,2,5.1,9,0,1,76.3,4.6,1
C1874,73,Standard,21,880.72,43.8,-4.7,10,0,0,0.5,1,1,0,88.5,4.4,0
C1875,47,Premium,6,1508.02,23.2,-15.8,6,2,2,2.1,7,0,1,76.8,2.9,0
C1876,67,Basic,1,566.87,38.9,-5.1,5,2,1,2.3,0,0,0,23.7,5.0,0
C1877,62,Basic,14,453.59,38.8,7.3,4,3,2,0.9,14,1,0,47.2,4.1,1
C1878,22,Basic,18,446.77,27.9,-8.2,7,2,0,5.6,6,2,0,75.0,4.9,0
C1879,72,Enterprise,65,2964.6,46.9,5.5,6,0,0,2.6,0,0,2,84.2,2.3,0
C1880,73,Standard,17,927.07,45.0,-25.9,10,0,0,3.0,0,0,0,91.5,4.1,0
C1881,50,Enterprise,12,3004.01,26.6,-20.1,6,0,0,1.6,0,0,0,40.7,3.2,1
C1882,71,Basic,17,441.29,51.5,-23.4,7,0,0,1.0,4,0,0,85.5,4.0,0
C1883,18,Standard,52,902.98,41.9,-19.1,12,0,0,5.7,4,1,1,59.0,4.3,0
C1884,35,Standard,35,961.06,38.1,27.2,11,3,0,2.7,0,0,0,45.8,3.7,0
C1885,49,Basic,7,509.58,47.0,13.2,4,1,1,1.0,2,0,0,79.0,4.8,0
C1886,64,Premium,5,1505.58,42.5,-31.9,8,0,0,1.9,1,1,0,66.8,3.8,0
C1887,66,Enterprise,6,3007.99,92.3,5.9,6,1,0,2.8,2,2,0,68.6,3.3,0
C1888,28,Premium,14,1515.58,67.4,-14.8,10,2,0,2.8,1,1,1,37.8,4.0,1
C1889,38,Premium,27,1448.32,57.1,-22.1,7,3,0,2.9,2,0,2,67.4,4.2,0
C1890,43,Basic,13,489.72,30.5,-42.1,3,0,0,0.6,4,0,0,43.1,4.4,0
C1891,42,Basic,1,491.81,49.1,19.3,7,1,1,2.8,0,1,0,77.9,4.1,0
C1892,39,Enterprise,25,2979.66,53.5,-39.1,8,0,0,1.5,0,0,0,75.5,4.6,0
C1893,44,Basic,32,526.44,64.2,-6.3,5,1,1,2.9,1,1,1,47.7,4.4,0
C1894,66,Premium,6,1473.64,46.5,-28.7,6,3,2,3.8,15,0,1,76.6,3.6,1
C1895,30,Premium,21,1484.6,48.3,14.4,4,2,2,0.9,4,0,0,88.7,3.3,0
C1896,50,Standard,11,848.59,32.6,-13.4,7,2,1,0.5,9,0,0,61.2,3.1,1
C1897,51,Enterprise,43,3014.13,31.4,-8.4,6,3,1,3.2,7,0,0,79.6,3.2,0
C1898,58,Basic,37,536.68,34.3,-7.5,10,2,2,4.1,3,2,1,76.4,4.4,0
C1899,52,Basic,14,484.56,31.5,2.6,7,2,2,7.0,1,0,0,69.8,3.5,0
C1900,18,Basic,23,531.3,45.3,-4.7,10,0,0,1.0,1,1,0,56.5,3.7,0
C1901,38,Standard,42,893.12,20.2,-6.1,10,0,0,0.5,3,2,1,28.7,2.5,0
C1902,65,Basic,13,397.9,42.9,-18.0,7,1,1,12.7,3,0,0,50.6,5.0,0
C1903,72,Basic,7,496.94,44.9,-44.4,7,4,1,0.5,3,1,0,56.3,3.9,1
C1904,23,Premium,28,1491.98,46.5,-33.0,12,2,0,1.9,1,0,2,53.8,2.4,1
C1905,45,Enterprise,4,3003.12,60.7,13.0,6,2,2,2.4,4,1,0,93.8,2.6,1
C1906,34,Basic,9,509.13,64.1,-12.6,10,2,2,4.3,2,0,1,79.3,4.0,0
C1907,22,Standard,40,871.64,63.6,-21.6,9,2,2,5.8,1,0,0,74.3,4.0,0
C1908,48,Enterprise,25,3057.85,50.1,-40.1,7,1,0,2.9,2,1,2,65.9,3.6,1
C1909,22,Basic,10,496.35,37.0,-48.0,5,2,0,0.5,9,0,1,70.5,5.0,1
C1910,55,Basic,4,491.01,32.9,-22.6,4,1,1,20.0,4,2,1,41.7,3.4,1
C1911,20,Basic,8,528.78,29.9,17.2,1,0,0,3.6,6,0,0,49.6,5.0,0
C1912,70,Standard,6,899.74,50.0,-18.9,6,0,0,6.2,3,0,1,79.4,3.2,0
C1913,40,Basic,3,601.63,44.4,5.0,7,2,2,1.9,3,0,0,64.7,3.0,0
C1914,54,Enterprise,27,2990.6,41.8,-20.1,5,1,0,0.5,7,0,1,61.4,3.1,1
C1915,70,Standard,5,913.07,54.2,11.0,7,1,0,0.5,0,0,0,59.7,2.6,0
C1916,54,Standard,12,869.03,44.2,-13.8,8,0,0,5.2,13,1,2,76.9,1.7,1
C1917,27,Basic,9,533.82,73.1,-35.8,11,1,1,0.8,2,0,0,86.8,4.1,0
C1918,27,Standard,72,911.35,30.0,-11.7,4,2,2,6.8,1,1,1,70.9,3.5,0
C1919,36,Standard,9,885.44,45.7,40.9,6,1,1,1.0,1,0,1,81.1,4.6,0
C1920,34,Premium,1,1464.1,27.4,39.7,4,2,1,1.1,0,1,1,46.6,3.5,0
C1921,38,Premium,1,1446.62,52.9,7.2,11,0,0,0.5,1,0,0,70.7,2.0,0
C1922,31,Standard,17,915.75,30.2,-8.4,10,1,0,0.5,2,1,0,77.0,3.0,0
C1923,26,Enterprise,18,2943.52,47.0,2.6,5,0,0,0.5,4,0,1,52.5,3.4,0
C1924,63,Premium,10,1551.34,36.6,2.9,4,2,0,0.5,1,0,1,70.7,4.3,0
C1925,18,Premium,11,1448.49,35.3,-6.0,4,0,0,0.9,4,0,1,70.2,3.7,0
C1926,68,Basic,1,491.87,36.9,6.0,8,0,0,0.5,3,1,1,44.3,3.7,0
C1927,62,Basic,14,463.74,42.4,0.2,3,0,0,4.3,2,0,0,62.4,3.8,0
C1928,30,Basic,14,500.31,31.6,-12.9,7,0,0,3.4,0,2,0,40.4,3.5,1
C1929,21,Standard,3,900.06,30.7,-34.9,4,0,0,0.7,3,1,1,45.0,2.7,1
C1930,18,Standard,2,916.79,51.1,-16.5,8,2,2,6.9,0,1,0,60.0,5.0,0
C1931,66,Standard,2,837.95,24.8,15.0,4,1,0,1.2,0,0,1,63.8,3.3,1
C1932,57,Premium,2,1468.45,47.1,-5.8,4,1,0,2.7,0,2,1,80.6,3.0,0
C1933,49,Premium,18,1537.82,25.9,2.5,7,3,2,5.8,0,1,1,62.2,3.1,1
C1934,51,Enterprise,4,3025.34,45.2,-12.1,4,3,3,1.6,2,0,1,81.3,3.1,0
C1935,45,Basic,5,399.02,35.5,-31.5,10,1,1,1.0,5,0,0,67.0,4.0,0
C1936,48,Standard,3,914.09,53.4,-11.0,8,1,0,6.9,11,0,0,54.4,2.7,1
C1937,25,Basic,63,457.7,60.5,-30.6,6,1,1,0.5,1,0,1,53.0,3.8,0
C1938,56,Basic,38,475.33,40.8,-32.2,7,1,0,3.7,3,0,0,60.0,5.0,0
C1939,43,Basic,5,489.91,46.0,25.1,6,0,0,6.4,21,0,1,63.8,2.2,1
C1940,51,Basic,7,561.3,57.6,-15.5,8,1,0,4.3,3,0,1,56.2,4.5,0
C1941,71,Standard,4,857.29,40.1,-23.5,7,2,2,1.6,3,0,0,57.2,4.5,0
C1942,71,Premium,13,1442.84,52.6,35.4,8,1,1,10.5,0,0,0,62.4,3.4,0
C1943,20,Basic,1,517.01,35.2,15.4,7,2,0,0.5,1,0,1,64.6,2.0,0
C1944,67,Premium,22,1497.88,47.8,-14.3,5,1,1,4.4,0,0,1,52.1,4.1,0
C1945,29,Standard,14,947.28,47.9,5.7,5,1,1,4.4,10,1,0,48.4,3.8,1
C1946,18,Basic,45,484.89,46.9,-10.9,6,3,3,3.3,2,0,2,58.0,5.0,0
C1947,71,Standard,3,947.43,67.6,-22.3,12,3,0,2.3,1,0,1,43.8,3.7,1
C1948,61,Basic,32,499.65,26.0,6.9,9,1,1,10.7,5,0,1,75.5,3.5,0
C1949,22,Standard,31,920.16,47.0,-13.1,8,0,0,2.2,1,1,0,85.6,3.8,0
C1950,47,Standard,2,963.96,46.5,-3.1,5,0,0,1.4,8,0,0,42.2,4.3,0
C1951,47,Basic,10,492.31,45.4,20.5,6,1,0,2.5,4,0,0,60.7,3.3,0
C1952,74,Basic,3,540.79,58.9,17.8,4,0,0,5.6,0,0,0,52.5,4.3,0
C1953,34,Standard,5,874.46,34.6,-18.8,11,3,3,0.6,3,1,1,66.4,4.3,0
C1954,65,Enterprise,6,3008.1,62.8,7.2,6,2,1,1.6,6,2,0,58.6,4.3,1
C1955,64,Basic,16,441.21,46.5,-33.2,5,1,0,2.9,11,0,1,85.2,4.5,1
C1956,40,Premium,10,1478.83,32.4,6.3,9,0,0,6.5,1,0,0,74.5,2.6,0
C1957,32,Standard,59,856.68,48.2,-1.3,5,2,1,1.8,1,1,0,57.1,2.8,0
C1958,54,Enterprise,2,3047.83,47.4,4.5,8,3,1,2.8,3,0,1,60.8,2.3,1
C1959,38,Premium,72,1568.55,29.6,-12.4,7,0,0,0.5,0,0,0,40.0,4.3,0
C1960,31,Standard,5,884.81,43.5,47.1,8,0,0,0.5,1,0,0,65.7,5.0,0
C1961,19,Standard,29,868.08,57.1,-27.5,4,1,0,0.8,5,1,0,77.0,4.2,0
C1962,28,Premium,8,1446.44,47.8,19.3,8,4,3,4.1,7,1,0,49.9,3.2,1
C1963,68,Standard,3,909.58,27.2,-30.8,9,3,3,0.8,1,1,0,41.6,4.3,1
C1964,56,Basic,39,474.91,42.8,7.6,7,1,1,7.3,9,0,0,83.5,3.6,0
C1965,55,Basic,7,477.05,30.0,9.4,5,1,0,8.0,1,2,0,69.0,4.1,1
C1966,51,Premium,21,1564.18,36.4,-3.6,6,0,0,1.1,0,0,0,67.7,3.6,0
C1967,55,Premium,16,1487.14,98.8,-17.4,7,1,0,0.5,0,0,1,68.4,4.6,0
C1968,67,Basic,12,522.47,55.1,-1.5,9,0,0,1.9,8,0,0,44.1,3.2,0
C1969,51,Standard,13,901.12,40.7,1.7,1,1,1,5.5,13,0,1,60.7,2.5,0
C1970,35,Standard,26,844.79,50.1,39.7,13,2,2,0.5,3,0,0,96.4,4.3,0
C1971,47,Basic,1,425.2,55.5,-26.8,8,1,1,0.5,5,0,2,49.4,4.6,1
C1972,32,Enterprise,22,3018.5,62.5,-18.9,7,1,1,1.0,7,0,2,54.8,3.1,0
C1973,44,Basic,45,567.16,59.1,2.1,7,0,0,4.1,0,0,0,82.1,4.0,0
C1974,68,Basic,1,511.6,59.1,-11.4,10,1,0,1.6,3,0,0,84.7,3.3,0
C1975,51,Standard,3,923.96,52.7,-7.5,7,1,0,4.7,11,1,1,44.3,5.0,1
C1976,69,Premium,25,1462.81,61.8,21.8,11,3,3,1.8,1,0,0,66.2,3.9,0
C1977,74,Basic,11,539.6,35.4,-75.5,12,2,1,0.5,18,0,0,88.6,3.6,1
C1978,55,Standard,10,939.1,46.2,-19.9,3,2,0,20.0,4,1,1,64.0,3.4,0
C1979,50,Standard,2,871.15,37.9,-48.6,11,4,3,4.0,4,0,0,60.0,4.2,1
C1980,41,Basic,14,520.82,24.7,-34.9,6,4,0,3.5,0,0,0,64.6,2.7,1
C1981,32,Basic,2,428.34,44.9,55.1,5,0,0,2.4,0,1,2,89.1,2.2,0
C1982,47,Standard,12,927.96,39.7,10.0,8,1,1,0.5,0,0,0,65.7,5.0,0
C1983,72,Basic,28,476.1,27.2,18.8,8,0,0,14.7,10,1,0,40.7,4.2,1
C1984,59,Enterprise,5,2949.91,50.8,-7.0,8,0,0,2.2,6,0,4,70.7,5.0,0
C1985,68,Premium,13,1515.11,47.7,14.0,4,0,0,0.5,2,1,0,90.1,5.0,0
C1986,34,Enterprise,72,2928.13,47.8,-49.2,9,0,0,1.5,2,0,0,51.3,4.1,0
C1987,22,Basic,23,512.7,36.1,21.0,6,1,0,0.5,0,0,1,44.3,4.4,0
C1988,46,Enterprise,36,2953.71,32.7,-25.5,8,1,1,2.5,1,0,1,59.9,5.0,0
C1989,21,Standard,10,845.15,54.9,-18.3,14,1,0,4.9,0,2,0,76.2,5.0,0
C1990,27,Basic,29,501.39,40.8,7.6,5,0,0,11.0,1,0,1,49.3,3.4,0
C1991,73,Basic,1,492.1,51.4,2.9,10,1,1,6.5,0,0,0,62.9,3.4,0
C1992,34,Basic,2,557.27,50.5,-2.9,6,1,0,1.1,1,1,0,69.0,4.6,0
C1993,27,Standard,4,847.61,40.3,-39.1,5,2,0,1.5,4,0,1,78.6,3.4,1
C1994,34,Standard,10,954.0,38.0,-2.5,7,1,0,2.6,4,0,0,23.3,3.8,1
C1995,37,Basic,37,453.49,42.1,19.0,10,1,0,4.0,2,0,0,63.0,3.7,0
C1996,41,Standard,8,935.78,60.8,-18.3,8,2,0,4.7,5,2,1,63.7,4.4,1
C1997,22,Basic,21,543.24,27.5,27.9,8,2,0,6.6,2,0,0,48.8,5.0,0
C1998,51,Standard,24,911.86,46.2,-26.8,7,1,1,0.9,9,0,0,83.5,3.9,0
C1999,23,Standard,17,867.36,34.0,-4.8,9,1,0,0.5,1,1,0,93.0,3.2,0
C2000,70,Premium,8,1438.08,39.1,33.4,7,0,0,0.7,3,0,2,69.9,3.3,0
C2001,19,Premium,17,1420.93,60.3,-22.0,6,4,3,10.1,0,0,0,65.6,3.1,1
C2002,30,Standard,8,973.09,45.5,21.3,7,2,2,0.5,2,1,2,47.5,4.8,1
C2003,60,Standard,1,887.13,57.8,44.4,6,0,0,1.3,1,0,0,57.1,3.4,0
C2004,60,Standard,72,854.81,51.0,-0.7,8,1,1,0.8,1,0,0,83.8,5.0,0
C2005,65,Premium,2,1453.27,54.0,-18.2,10,0,0,0.5,1,0,1,77.7,2.5,0
C2006,28,Basic,1,505.71,49.7,-24.3,8,1,1,2.6,1,1,1,65.9,2.8,1
C2007,68,Basic,42,483.21,53.7,27.6,6,2,1,1.7,2,0,1,53.4,3.4,0
C2008,64,Basic,7,422.23,51.9,26.9,5,0,0,4.5,7,2,0,91.0,4.3,0
C2009,74,Standard,21,933.58,69.4,31.2,6,0,0,1.7,2,0,1,57.0,3.5,0
C2010,40,Standard,7,912.4,39.6,-5.8,6,0,0,2.8,0,0,0,52.5,5.0,0
C2011,72,Premium,9,1572.6,27.9,20.9,10,2,0,6.0,0,0,0,42.7,3.7,1
C2012,33,Basic,6,544.63,54.8,-6.2,10,2,1,2.6,1,0,0,68.6,2.9,0
C2013,48,Standard,8,775.07,39.1,-27.1,9,1,1,2.0,0,2,0,89.5,3.1,0
C2014,28,Premium,10,1555.68,40.8,23.1,6,1,0,0.5,7,0,0,42.1,2.9,0
C2015,71,Premium,25,1547.3,31.2,35.8,5,1,0,2.9,21,0,0,80.1,4.2,0
C2016,33,Standard,14,869.55,62.8,-30.5,7,0,0,0.5,7,0,1,45.0,4.1,0
C2017,25,Standard,57,881.7,64.7,-31.0,12,3,3,0.5,1,1,0,73.7,4.7,0
C2018,21,Basic,1,515.47,41.7,-4.0,6,0,0,2.1,0,0,0,46.2,4.0,0
C2019,57,Enterprise,13,2958.43,46.7,18.9,5,2,2,2.6,4,1,0,46.1,2.8,0
C2020,21,Basic,17,489.29,37.1,-33.3,5,3,0,4.8,4,1,0,63.3,4.6,1
C2021,73,Enterprise,50,3039.0,76.9,0.7,6,0,0,2.1,0,0,1,59.6,2.0,0
C2022,42,Standard,1,919.71,32.0,-19.8,6,0,0,3.4,6,1,1,33.8,2.5,1
C2023,20,Standard,17,872.33,49.5,12.5,4,2,2,8.8,6,0,0,51.5,5.0,0
C2024,49,Basic,38,539.91,44.1,-24.9,8,0,0,9.8,5,0,1,34.1,4.0,0
C2025,20,Standard,5,911.12,43.5,14.3,9,2,1,1.1,5,1,0,70.6,4.1,0
C2026,44,Standard,41,909.75,48.7,-9.0,3,0,0,2.1,4,1,0,67.8,3.2,0
C2027,46,Basic,1,478.4,31.5,-28.4,10,1,0,2.7,2,0,0,61.7,2.3,1
C2028,49,Standard,26,898.74,71.1,-3.4,5,1,0,2.1,3,0,1,89.7,3.5,0
C2029,67,Enterprise,54,2968.04,52.5,-53.4,8,1,0,11.6,3,1,1,73.3,3.8,0
C2030,68,Standard,21,821.38,48.8,-19.0,8,3,3,1.2,3,0,0,78.6,5.0,0
C2031,36,Premium,11,1487.81,51.9,3.4,11,1,1,2.6,3,0,1,33.1,3.2,0
C2032,38,Basic,1,494.11,43.6,-49.3,5,1,0,0.5,2,0,0,55.7,4.5,1
C2033,22,Standard,50,904.49,60.0,-69.3,10,2,2,3.5,4,1,0,35.0,2.7,1
C2034,35,Basic,12,547.49,64.9,-63.5,11,2,0,1.4,1,0,0,46.2,4.9,1
C2035,45,Standard,1,872.91,35.3,28.2,9,1,0,5.7,7,1,0,30.6,4.5,0
C2036,59,Enterprise,23,2984.29,48.0,-6.9,7,3,3,0.5,7,1,0,19.1,4.0,1
C2037,39,Standard,13,929.65,49.0,-18.3,9,2,1,7.4,2,1,0,98.0,3.3,0
C2038,38,Basic,2,468.9,34.3,18.6,8,2,1,2.0,2,1,0,81.0,2.6,0
C2039,23,Standard,4,905.15,43.4,-15.1,6,1,1,1.8,2,0,0,56.5,4.1,0
C2040,18,Standard,1,882.67,70.1,1.7,7,2,1,5.0,0,1,1,54.8,3.0,1
C2041,22,Standard,17,889.26,56.9,-4.4,9,0,0,1.3,0,1,0,34.5,4.9,0
C2042,58,Premium,19,1529.33,44.8,-16.8,10,0,0,6.8,5,0,0,59.4,3.5,0
C2043,29,Premium,14,1484.06,57.9,2.4,8,1,0,1.1,0,0,0,63.3,2.7,0
C2044,43,Standard,33,930.63,55.4,14.3,12,2,1,4.6,2,0,0,91.1,2.8,0
C2045,63,Standard,39,820.9,55.3,-9.6,10,2,2,0.5,1,0,0,98.0,3.0,0
C2046,51,Basic,19,441.82,29.6,-16.5,4,1,0,4.2,0,0,0,90.3,5.0,0
C2047,66,Basic,1,406.27,50.4,-13.6,7,0,0,1.1,3,0,0,82.0,5.0,0
C2048,31,Standard,23,852.37,39.3,-62.4,6,0,0,4.5,1,0,0,83.6,5.0,0
C2049,43,Standard,10,973.27,46.6,2.1,10,0,0,6.1,5,0,0,55.3,4.4,0
C2050,62,Standard,16,898.3,52.6,-35.2,11,2,2,0.7,4,1,0,69.3,2.9,1
C2051,44,Standard,20,870.15,35.8,10.7,4,1,0,0.6,2,0,0,78.9,5.0,0
C2052,26,Basic,8,530.31,36.9,-7.3,7,3,0,4.8,3,1,1,77.1,2.2,0
C2053,43,Standard,49,935.96,49.8,-2.4,8,1,1,0.7,2,1,1,82.5,3.9,0
C2054,74,Basic,2,450.17,32.8,12.5,8,1,1,0.5,6,0,0,72.1,3.8,1
C2055,64,Basic,22,598.93,52.0,-28.2,7,0,0,0.5,12,0,0,56.1,4.2,0
C2056,74,Premium,1,1510.05,65.6,4.2,7,2,1,0.5,5,0,1,60.9,3.3,1
C2057,39,Basic,51,515.09,56.7,1.7,4,1,0,8.3,7,0,1,84.7,3.9,0
C2058,64,Standard,2,918.89,63.9,-9.6,7,2,1,7.0,6,1,2,47.6,4.7,0
C2059,73,Basic,1,518.81,41.9,-28.2,6,1,0,2.8,2,0,1,75.3,3.2,1
C2060,47,Premium,8,1474.14,50.2,9.9,5,0,0,2.5,7,2,1,88.7,3.8,0
C2061,60,Standard,9,983.5,57.0,12.6,8,0,0,1.0,0,1,1,74.5,2.9,0
C2062,65,Basic,4,487.59,31.7,-2.2,5,0,0,2.4,8,1,1,51.6,4.5,0
C2063,34,Standard,17,937.3,36.4,-31.8,4,1,1,9.4,2,0,0,61.0,4.2,0
C2064,43,Premium,11,1480.0,48.8,-18.2,5,1,1,3.0,1,1,0,58.6,3.6,0
C2065,53,Enterprise,1,2972.91,41.8,-6.5,5,2,2,0.5,2,0,0,95.0,3.9,0
C2066,18,Basic,7,575.07,31.4,12.2,7,1,1,0.5,4,0,0,24.1,5.0,0
C2067,25,Premium,33,1494.67,38.6,-44.6,2,0,0,7.2,3,1,1,96.9,2.8,0
C2068,66,Enterprise,23,2997.64,40.7,-19.1,9,1,0,0.9,3,1,0,67.0,3.0,0
C2069,52,Enterprise,25,3010.34,53.2,-15.1,3,0,0,0.5,0,0,1,70.0,4.1,0
C2070,69,Standard,23,1003.07,60.0,-7.1,9,1,1,4.8,5,0,0,47.2,4.6,0
C2071,32,Standard,7,985.75,37.2,-37.5,9,0,0,6.0,4,1,0,98.0,2.5,0
C2072,64,Standard,2,950.35,40.2,-10.4,12,1,0,1.2,0,2,0,59.4,2.2,1
C2073,73,Premium,6,1613.14,25.5,-12.8,10,2,1,6.2,0,1,1,63.8,1.0,1
C2074,39,Standard,35,861.22,57.7,-30.9,9,0,0,5.7,16,0,0,69.4,3.8,1
C2075,31,Standard,72,925.24,40.3,-7.9,5,2,2,2.3,5,1,0,75.6,4.0,0
C2076,43,Standard,13,902.03,36.8,-18.5,3,1,0,9.8,3,2,0,57.5,3.2,1
C2077,45,Premium,1,1428.24,34.3,7.4,3,0,0,6.5,1,1,0,78.3,4.1,0
C2078,40,Premium,3,1517.52,84.1,-27.1,8,2,2,0.5,1,0,0,57.3,4.5,0
C2079,31,Basic,7,479.37,60.3,-2.8,6,0,0,8.1,0,1,0,39.2,4.2,0
C2080,41,Premium,17,1560.34,38.3,-25.2,3,0,0,2.7,3,0,0,80.1,1.9,0
C2081,19,Standard,1,883.2,62.1,-20.0,8,2,0,2.2,3,0,0,61.1,3.3,0
C2082,62,Premium,57,1480.92,47.1,2.4,5,0,0,11.0,10,1,0,64.1,3.5,0
C2083,43,Standard,9,960.32,50.3,0.9,6,2,0,1.2,3,0,1,59.0,4.0,0
C2084,31,Standard,48,896.38,43.8,-15.4,8,1,1,2.0,2,0,2,65.2,3.3,0
C2085,73,Enterprise,30,3045.52,47.3,-11.7,12,0,0,0.7,9,1,0,72.7,5.0,0
C2086,68,Basic,28,515.97,24.8,-41.3,8,0,0,7.2,3,0,1,80.5,2.8,1
C2087,24,Premium,18,1516.51,38.7,30.1,4,2,2,0.5,5,0,1,98.0,4.0,0
C2088,20,Standard,19,889.24,35.6,12.2,9,0,0,0.5,3,0,0,49.3,3.9,0
C2089,64,Standard,20,919.09,28.4,11.3,10,1,1,0.6,0,0,0,42.6,2.8,0
C2090,40,Basic,19,493.74,34.2,-44.9,6,0,0,3.5,0,0,0,63.1,3.3,0
C2091,63,Standard,16,866.85,42.4,-19.9,8,3,1,0.5,3,1,1,80.0,4.2,0
C2092,60,Basic,72,494.83,64.8,-13.4,14,2,0,8.9,9,0,0,66.3,3.0,0
C2093,64,Basic,26,550.51,48.5,-53.3,9,2,2,4.0,13,0,2,85.1,4.7,1
C2094,62,Basic,30,520.44,49.2,17.2,10,1,1,4.0,21,0,1,73.5,3.6,0
C2095,35,Basic,41,529.74,42.5,31.3,9,4,2,12.6,7,1,0,55.7,3.7,1
C2096,55,Enterprise,4,2999.06,58.4,46.5,6,0,0,0.5,1,0,1,37.7,3.6,0
C2097,52,Enterprise,1,2921.49,38.7,-31.1,5,3,3,3.7,3,0,0,81.9,3.1,1
C2098,68,Standard,13,850.14,62.0,-2.1,7,1,1,8.0,3,1,0,50.1,5.0,0
C2099,32,Premium,14,1487.44,40.9,28.1,10,1,0,3.4,3,0,1,83.0,4.1,0
C2100,42,Basic,35,453.6,43.7,-11.3,5,0,0,2.2,5,0,0,98.0,5.0,0
C2101,72,Standard,11,878.03,30.3,-19.2,3,4,2,0.5,0,0,0,69.6,3.6,1
C2102,54,Premium,16,1476.58,45.1,-51.7,1,1,0,0.7,0,0,2,74.4,3.1,1
C2103,45,Enterprise,14,2977.78,72.6,23.3,9,1,0,8.9,11,0,0,75.3,3.5,0
C2104,27,Standard,1,956.49,61.2,-5.5,4,1,0,13.5,7,1,0,78.8,4.6,0
C2105,56,Premium,19,1496.88,67.9,-23.2,9,1,1,2.4,6,0,0,59.1,3.2,0
C2106,74,Basic,35,536.39,34.9,2.1,9,1,0,8.0,2,1,2,85.0,3.3,0
C2107,34,Enterprise,3,3005.56,38.5,-1.2,7,3,0,2.3,3,0,0,51.7,2.8,1
C2108,56,Basic,18,555.63,44.5,-0.8,6,1,0,0.6,3,0,0,76.3,4.2,0
C2109,39,Standard,18,939.84,67.2,-10.4,11,2,2,0.5,1,0,0,42.6,3.7,0
C2110,43,Standard,3,875.34,28.7,35.6,7,2,1,6.3,1,0,1,78.0,3.7,0
C2111,61,Standard,2,977.47,35.0,-8.3,14,0,0,9.7,0,0,1,34.0,4.7,0
C2112,42,Basic,72,480.82,39.1,35.5,5,1,1,1.8,3,1,0,55.6,4.3,0
C2113,34,Enterprise,10,3007.0,36.5,9.1,7,1,1,0.5,0,0,0,71.3,4.2,0
C2114,30,Basic,5,514.08,32.2,3.8,9,0,0,6.6,0,1,0,64.3,4.3,0
C2115,37,Standard,3,918.53,34.6,-7.8,11,2,0,1.5,9,1,0,80.5,3.4,1
C2116,42,Basic,22,530.85,45.8,19.3,8,1,1,2.3,2,2,0,72.1,3.6,0
C2117,21,Basic,18,468.73,37.7,-2.2,5,2,1,17.5,3,0,1,58.5,4.7,1
C2118,27,Standard,20,927.49,58.7,-28.3,5,1,1,4.0,0,2,0,64.7,4.3,0
C2119,20,Standard,1,922.25,47.1,-29.1,3,0,0,4.5,0,0,0,82.0,4.4,0
C2120,58,Basic,44,499.02,24.7,5.6,4,2,0,1.2,0,1,0,42.0,4.2,0
C2121,62,Basic,9,491.41,35.5,-27.7,7,0,0,1.0,1,0,3,91.2,4.8,0
C2122,35,Standard,7,866.68,32.2,-6.6,10,1,1,1.2,8,0,2,23.2,4.1,1
C2123,64,Premium,12,1518.21,27.2,21.4,5,1,0,3.2,8,1,1,93.1,3.5,0
C2124,53,Premium,9,1472.58,29.4,2.6,5,2,0,9.7,4,0,3,70.1,3.8,0
C2125,64,Basic,39,508.52,42.4,-23.1,6,1,1,4.0,8,1,0,79.9,3.9,0
C2126,39,Standard,52,894.95,60.4,30.2,5,1,0,1.2,0,1,0,58.7,2.4,0
C2127,51,Basic,7,445.63,41.2,8.7,5,0,0,3.6,0,0,0,66.8,4.1,0
C2128,64,Basic,39,461.66,57.9,20.4,4,2,2,0.5,5,0,0,65.8,3.0,1
C2129,25,Standard,30,915.19,37.4,-61.7,7,0,0,1.9,18,0,1,98.0,3.7,1
C2130,57,Standard,53,878.03,44.5,3.3,4,1,1,7.7,5,0,0,58.7,3.4,0
C2131,66,Basic,5,476.66,57.4,16.1,10,1,0,1.0,0,0,0,82.0,3.1,0
C2132,61,Basic,17,468.44,34.8,37.5,5,2,1,2.9,0,0,0,29.3,4.3,0
C2133,36,Basic,6,469.8,45.3,-41.6,7,1,1,0.5,1,0,0,41.9,3.9,0
C2134,59,Premium,34,1564.71,67.8,25.2,13,1,1,0.5,2,0,0,98.0,5.0,0
C2135,58,Enterprise,1,2954.2,48.1,36.1,6,1,0,0.5,0,0,1,71.9,4.4,0
C2136,54,Basic,16,557.92,78.3,-55.4,2,2,0,0.8,0,1,0,89.6,4.3,1
C2137,23,Basic,8,485.77,44.1,7.0,6,0,0,2.1,1,1,0,52.7,4.0,0
C2138,69,Premium,7,1472.85,47.2,10.4,7,0,0,8.6,1,0,0,43.6,3.8,0
C2139,43,Enterprise,20,3014.35,48.4,-13.2,3,0,0,1.5,1,2,2,51.3,4.8,0
C2140,51,Standard,38,901.12,31.4,-17.3,7,2,0,3.5,0,0,1,63.1,3.7,0
C2141,73,Basic,18,491.1,43.2,11.7,8,1,1,2.8,10,0,0,36.8,3.8,0
C2142,62,Basic,38,507.8,34.2,-20.4,5,1,0,0.5,3,0,0,61.0,5.0,0
C2143,23,Standard,6,900.49,45.3,-10.4,9,1,0,2.3,7,1,0,34.3,2.4,1
C2144,54,Standard,14,890.38,31.8,15.3,8,0,0,0.5,0,0,0,51.7,4.4,0
C2145,74,Basic,11,536.43,33.5,38.9,3,5,0,1.3,6,0,0,49.5,3.3,0
C2146,50,Standard,1,841.12,48.3,8.4,5,1,1,0.5,4,1,0,65.9,5.0,0
C2147,70,Basic,16,462.41,53.3,-1.7,5,1,0,0.9,15,2,1,91.7,3.0,1
C2148,39,Premium,21,1467.47,49.0,-17.9,2,1,1,1.6,0,0,0,82.4,3.0,0
C2149,38,Basic,17,456.68,48.8,-30.3,10,3,2,3.4,4,0,0,78.9,4.5,0
C2150,23,Basic,26,502.44,55.2,22.7,7,2,1,0.5,0,0,0,61.0,2.8,0
C2151,23,Standard,16,919.22,45.1,-8.8,4,1,1,3.2,1,0,3,68.9,5.0,0
C2152,72,Standard,1,820.5,34.9,23.8,5,1,1,1.0,4,0,0,52.0,3.5,1
C2153,65,Enterprise,2,2980.04,68.6,-13.2,5,0,0,0.5,10,0,0,80.2,3.2,0
C2154,21,Standard,18,886.13,38.4,-21.2,8,0,0,8.7,0,0,1,77.6,5.0,0
C2155,47,Basic,6,487.57,36.0,5.5,7,1,1,0.5,2,0,0,34.6,4.7,0
C2156,28,Premium,1,1447.6,31.5,-6.9,6,1,1,6.5,1,0,1,58.6,4.2,0
C2157,47,Basic,11,486.47,53.0,-35.1,9,1,1,4.4,0,0,1,43.1,3.6,0
C2158,48,Enterprise,16,2962.56,37.8,40.4,7,3,0,1.2,4,0,0,61.3,4.6,0
C2159,41,Standard,7,885.62,66.0,-20.7,6,2,2,4.4,0,0,2,46.5,2.5,1
C2160,72,Standard,25,830.21,39.2,18.2,12,1,0,1.1,3,0,0,98.0,5.0,0
C2161,26,Basic,20,485.9,32.0,16.0,9,0,0,5.5,0,1,1,77.9,4.7,0
C2162,72,Standard,8,870.24,41.8,-36.5,7,1,1,0.5,0,0,0,80.1,3.3,0
C2163,20,Premium,28,1488.5,46.3,-30.1,6,1,0,0.5,3,0,0,55.5,4.8,0
C2164,68,Premium,20,1511.03,39.8,-12.5,4,0,0,0.5,0,0,0,59.7,3.8,0
C2165,48,Basic,20,497.21,43.6,-26.6,6,1,0,4.4,3,0,0,97.5,4.5,0
C2166,57,Basic,16,530.74,55.5,38.2,2,0,0,12.0,1,1,1,78.6,4.9,0
C2167,54,Premium,1,1484.57,57.4,-10.0,12,1,1,3.7,1,0,0,98.0,3.0,0
C2168,53,Enterprise,23,3023.76,53.2,17.2,5,0,0,7.3,6,0,0,66.7,3.7,0
C2169,41,Basic,9,544.0,46.5,7.8,11,2,2,0.5,4,0,1,58.6,4.9,0
C2170,48,Standard,57,909.95,40.1,1.6,6,2,0,1.8,7,1,1,93.6,4.8,0
C2171,23,Basic,34,498.17,50.7,-4.0,6,2,2,3.0,2,1,0,98.0,3.6,0
C2172,19,Premium,17,1515.57,51.9,25.9,11,1,0,1.8,0,0,0,65.8,4.0,0
C2173,37,Basic,5,511.36,73.4,-25.6,6,0,0,4.4,5,0,1,59.6,3.2,1
C2174,45,Basic,4,539.05,55.1,38.2,3,1,1,0.9,8,0,0,98.0,3.7,0
C2175,28,Premium,8,1530.75,47.8,-37.2,9,1,0,1.1,3,0,1,79.9,3.7,0
C2176,21,Basic,12,531.23,57.0,14.5,4,3,2,2.5,0,0,1,44.7,1.8,1
C2177,32,Standard,7,900.76,58.7,-40.1,6,3,1,3.8,5,1,0,50.0,3.9,1
C2178,23,Standard,14,912.65,57.3,-12.9,4,1,0,0.5,0,2,0,24.6,4.2,1
C2179,71,Basic,3,511.9,28.8,-2.7,7,1,1,1.2,1,0,0,20.1,4.1,0
C2180,66,Standard,72,850.7,39.4,-17.2,6,0,0,1.2,1,1,1,98.0,3.4,0
C2181,47,Standard,2,941.76,43.4,-9.5,8,3,1,2.3,1,1,0,68.3,4.3,0
C2182,73,Basic,53,432.23,50.1,-39.7,7,2,1,11.7,11,1,0,98.0,3.7,1
C2183,55,Standard,48,927.49,32.5,-29.7,9,0,0,1.7,7,0,0,65.6,4.2,0
C2184,68,Premium,14,1509.68,53.7,7.5,11,2,0,6.9,3,0,0,64.7,2.5,0
C2185,74,Premium,25,1487.63,42.0,-4.3,9,0,0,1.8,10,0,0,78.3,4.2,0
C2186,19,Basic,11,514.65,46.7,-22.3,10,1,1,1.4,0,0,0,71.0,3.6,0
C2187,32,Basic,19,515.74,40.9,28.1,8,2,2,0.5,0,0,0,59.8,2.9,0
C2188,28,Basic,8,446.69,40.4,-35.5,5,1,1,4.3,1,0,0,79.3,5.0,0
C2189,25,Standard,7,955.65,28.3,-14.0,9,2,2,1.2,18,0,0,71.9,4.0,1
C2190,43,Standard,17,901.89,53.6,-17.6,6,4,3,4.2,9,0,0,85.5,3.8,1
C2191,68,Standard,13,991.59,31.4,10.4,3,0,0,1.6,1,0,0,88.6,3.4,0
C2192,62,Basic,17,530.59,24.8,-3.8,2,1,1,0.5,10,1,0,59.3,3.7,1
C2193,61,Basic,6,500.98,30.6,-7.7,10,0,0,0.6,3,0,0,86.3,4.0,0
C2194,22,Standard,9,871.4,26.4,-51.1,7,1,0,5.3,1,1,1,62.7,5.0,1
C2195,23,Standard,1,894.57,69.9,16.6,5,0,0,0.9,6,2,0,72.7,4.4,0
C2196,43,Basic,1,504.99,39.2,-10.4,10,0,0,0.9,7,0,1,60.0,2.5,0
C2197,71,Standard,5,957.62,61.0,-2.1,7,2,0,1.4,0,0,1,34.0,3.9,0
C2198,21,Basic,1,548.07,37.2,-23.7,9,1,1,0.7,0,0,0,71.1,3.5,1
C2199,36,Premium,2,1517.06,50.5,-27.6,9,0,0,2.7,5,0,1,52.3,3.5,1
C2200,37,Premium,33,1569.77,59.5,32.5,6,0,0,2.5,3,1,1,68.0,3.0,0
C2201,50,Basic,1,418.35,45.6,-49.3,5,0,0,3.5,1,0,0,73.3,4.0,0
C2202,37,Basic,21,517.51,54.7,-31.4,5,0,0,11.9,1,0,0,25.6,4.5,1
C2203,66,Standard,6,949.23,51.4,32.0,10,3,0,0.5,0,0,0,98.0,2.9,0
C2204,29,Basic,41,520.9,66.8,11.0,5,2,0,1.7,2,0,0,74.8,4.2,0
C2205,64,Standard,13,845.69,61.8,-13.1,7,0,0,2.4,0,1,0,71.7,4.5,0
C2206,18,Premium,7,1554.58,47.6,26.2,8,1,0,8.2,4,1,0,65.7,4.4,0
C2207,43,Standard,14,929.45,55.5,6.2,4,1,1,3.5,1,0,0,74.8,3.9,0
C2208,31,Premium,9,1512.72,34.8,0.8,6,2,1,1.9,8,0,0,53.7,4.2,0
C2209,55,Standard,16,902.53,37.2,0.6,3,0,0,0.5,0,0,2,86.2,4.0,0
C2210,54,Basic,2,578.75,55.6,6.6,3,2,2,5.0,4,0,0,70.2,4.1,0
C2211,28,Premium,72,1516.78,62.6,7.6,8,1,0,2.9,8,0,0,62.3,2.8,0
C2212,53,Standard,11,889.32,45.6,49.9,13,1,1,3.9,4,1,0,56.2,3.5,0
C2213,30,Standard,8,866.54,66.5,-9.9,8,4,3,1.3,10,1,2,42.1,2.3,1
C2214,60,Basic,24,529.3,54.6,-9.1,12,0,0,1.0,1,0,0,82.2,4.3,0
C2215,20,Basic,9,538.45,46.2,-35.9,3,1,0,3.5,0,1,1,67.6,4.2,0
C2216,50,Enterprise,35,3001.26,68.6,-6.3,7,1,1,1.9,1,0,1,69.0,4.5,0
C2217,23,Basic,12,476.69,65.1,41.6,3,1,1,1.5,3,1,0,46.7,2.4,0
C2218,67,Enterprise,25,3052.2,51.3,19.6,4,1,0,0.8,11,1,0,58.3,1.2,1
C2219,73,Enterprise,2,2963.5,65.7,-18.6,7,0,0,1.8,1,1,1,86.8,3.7,0
C2220,27,Premium,37,1577.78,38.4,-4.2,6,0,0,9.5,4,0,0,81.9,4.3,0
C2221,22,Standard,26,869.62,41.9,-37.4,9,4,1,0.5,0,0,0,57.1,2.5,1
C2222,40,Standard,4,847.87,28.3,-29.2,6,2,2,0.6,1,0,0,60.6,2.5,1
C2223,27,Premium,3,1452.99,36.6,-1.3,4,3,1,3.3,0,0,0,87.0,3.9,0
C2224,61,Basic,7,454.61,34.3,-17.4,5,1,0,1.0,2,0,2,56.0,4.3,0
C2225,19,Standard,72,889.54,32.8,-31.1,5,0,0,7.2,11,1,0,90.4,3.9,0
C2226,30,Standard,5,880.27,76.7,7.2,13,2,0,6.7,9,0,0,55.4,5.0,0
C2227,57,Standard,12,939.99,58.4,-7.1,4,3,2,1.9,2,0,2,56.5,2.8,1
C2228,19,Standard,1,934.28,56.1,-44.2,4,2,1,4.0,7,0,0,81.8,4.7,1
C2229,37,Basic,10,490.06,38.5,-56.9,9,0,0,5.2,2,0,0,98.0,4.2,0
C2230,18,Standard,16,1023.14,34.9,-19.3,13,0,0,1.4,2,0,0,78.0,3.8,0
C2231,54,Premium,61,1489.53,34.8,-44.7,3,3,3,1.3,8,1,0,69.8,4.7,1
C2232,26,Basic,14,494.86,26.8,-51.7,5,0,0,0.5,0,1,0,66.4,3.5,1
C2233,34,Enterprise,34,2947.9,53.2,23.2,6,1,1,0.9,8,0,0,91.2,3.8,0
C2234,26,Standard,15,895.78,40.5,-7.4,12,2,1,4.0,7,1,0,64.6,2.7,1
C2235,28,Premium,1,1510.9,32.1,-11.6,5,1,1,2.0,0,0,2,59.8,5.0,0
C2236,32,Standard,7,851.63,35.7,-9.7,7,1,0,3.5,2,0,1,51.1,3.2,0
C2237,41,Premium,17,1479.05,43.8,-33.4,7,2,2,0.9,7,0,0,73.6,4.6,1
C2238,55,Basic,60,512.08,55.0,5.3,7,4,0,3.3,3,0,1,49.3,3.2,0
C2239,72,Premium,39,1478.01,40.0,-8.3,8,0,0,1.0,5,2,1,63.2,3.4,0
C2240,52,Basic,5,469.63,62.0,-23.9,6,0,0,4.3,0,0,0,69.8,3.7,0
C2241,47,Premium,4,1530.29,64.8,-20.2,3,1,1,0.6,2,1,0,54.4,3.6,1
C2242,48,Enterprise,4,2947.72,66.1,-35.7,10,3,3,1.2,2,0,2,32.4,4.3,1
C2243,66,Basic,51,455.48,40.9,-15.2,9,2,0,0.8,0,1,0,69.7,4.4,0
C2244,22,Basic,38,506.1,46.7,-11.0,6,0,0,0.5,1,0,1,57.9,3.7,0
C2245,61,Premium,29,1532.85,37.5,-15.8,7,0,0,8.5,5,2,1,81.1,5.0,0
C2246,67,Basic,9,511.22,42.1,-3.6,7,4,3,0.5,0,0,1,58.9,3.6,1
C2247,31,Premium,14,1490.04,39.2,-7.0,8,1,1,1.9,3,0,2,73.4,4.8,0
C2248,70,Basic,12,486.78,32.5,0.8,7,1,0,1.5,0,0,0,49.5,3.8,0
C2249,73,Basic,5,539.42,45.6,18.6,8,1,1,0.7,0,0,0,76.2,3.3,0
C2250,28,Enterprise,14,3033.36,43.4,9.8,7,2,2,2.1,4,0,0,50.0,3.4,0
C2251,26,Standard,1,900.99,52.6,18.9,8,0,0,2.5,19,2,0,72.1,4.4,0
C2252,51,Premium,2,1487.9,53.0,-26.2,9,2,0,1.1,1,1,0,67.4,4.9,0
C2253,29,Basic,43,500.41,44.0,-17.7,9,1,1,2.6,3,1,0,34.0,5.0,0
C2254,52,Standard,27,869.91,50.8,11.3,9,1,0,3.6,3,0,0,98.0,4.8,0
C2255,52,Standard,10,892.99,42.1,11.8,7,2,1,2.6,0,2,1,98.0,3.3,0
C2256,18,Standard,14,879.42,35.3,-22.0,6,1,1,8.0,11,0,1,72.8,2.5,1
C2257,57,Standard,9,894.97,33.4,10.3,6,0,0,0.5,3,1,0,69.7,4.3,0
C2258,39,Standard,27,880.85,36.8,-28.6,7,1,1,6.4,1,0,0,98.0,3.3,0
C2259,46,Standard,30,919.96,44.2,7.0,7,5,2,0.6,0,1,0,72.6,4.1,1
C2260,25,Basic,28,531.74,54.3,-5.7,6,1,0,2.0,3,0,0,75.7,5.0,0
C2261,28,Premium,25,1483.81,30.5,-39.6,10,0,0,0.6,9,0,0,28.7,2.8,1
C2262,58,Basic,4,466.52,33.9,-15.9,7,1,0,3.2,2,0,0,65.1,4.1,0
C2263,54,Standard,8,927.46,73.6,49.6,9,0,0,1.5,0,0,2,89.0,2.8,0
C2264,31,Basic,12,506.39,36.1,0.1,7,1,1,2.1,1,0,0,41.7,5.0,0
C2265,47,Standard,8,884.33,63.7,52.5,5,0,0,0.6,17,0,0,60.9,3.4,0
C2266,52,Premium,28,1554.02,36.1,-41.1,3,0,0,2.2,2,0,0,58.6,3.6,0
C2267,38,Basic,7,476.4,35.1,13.8,4,0,0,4.7,16,0,0,42.2,4.7,1
C2268,54,Basic,2,419.28,64.9,-68.4,6,1,1,9.5,3,1,0,83.1,5.0,1
C2269,22,Basic,10,470.68,29.5,-5.0,6,0,0,1.2,4,0,1,77.3,3.7,0
C2270,36,Standard,72,963.74,45.2,10.8,13,0,0,2.0,0,1,1,80.0,5.0,0
C2271,31,Premium,5,1486.29,32.3,15.9,7,0,0,5.3,17,0,0,91.6,4.1,0
C2272,43,Basic,18,478.38,40.7,-25.0,7,0,0,2.9,0,0,0,65.3,3.9,0
C2273,21,Premium,11,1500.06,28.6,21.0,11,5,2,4.7,7,0,0,71.8,3.1,0
C2274,42,Basic,1,539.44,43.3,-18.3,6,2,2,5.4,4,0,1,57.6,1.6,1
C2275,62,Standard,13,895.68,29.9,-9.1,5,3,0,4.6,4,0,0,76.4,5.0,0
C2276,59,Enterprise,24,3022.65,59.6,-15.8,6,1,0,10.6,1,0,0,47.0,4.1,0
C2277,42,Basic,14,491.43,23.9,-33.4,4,0,0,4.6,0,0,1,80.8,3.1,1
C2278,35,Standard,41,922.97,40.8,34.2,4,1,1,0.5,3,0,0,93.1,3.1,0
C2279,57,Basic,6,506.21,31.2,-3.8,7,2,1,5.7,9,0,1,83.3,4.7,0
C2280,25,Basic,1,483.08,26.9,22.2,7,0,0,0.5,1,0,0,67.1,3.5,0
C2281,56,Basic,55,509.32,32.8,21.1,5,2,2,1.8,6,0,0,43.7,3.2,0
C2282,57,Basic,9,477.3,54.1,-29.2,7,1,0,1.5,0,0,0,89.3,4.6,0
C2283,31,Standard,17,843.87,34.8,25.4,6,2,1,0.6,1,1,0,53.2,3.7,0
C2284,49,Standard,31,898.2,35.8,7.6,5,1,0,0.5,0,0,0,76.8,3.3,0
C2285,68,Standard,7,847.43,64.3,-31.0,6,0,0,1.2,1,0,1,86.0,3.6,0
C2286,55,Basic,25,522.9,29.8,6.2,9,1,1,4.1,4,0,0,53.3,3.5,0
C2287,50,Basic,2,497.5,49.6,-30.6,11,0,0,0.8,2,2,2,80.0,2.6,0
C2288,40,Standard,6,955.93,56.4,35.2,9,1,0,12.3,3,1,3,56.7,3.6,1
C2289,32,Enterprise,3,2985.79,51.0,15.3,5,1,1,0.5,3,0,0,25.2,4.7,0
C2290,50,Basic,33,498.2,27.7,-6.8,3,1,1,2.9,1,0,1,94.6,3.6,0
C2291,42,Premium,5,1440.21,35.4,26.6,9,1,1,2.9,1,0,0,98.0,3.5,0
C2292,34,Standard,25,854.84,39.4,-44.5,9,1,0,1.1,2,0,0,67.1,4.9,0
C2293,50,Standard,57,831.85,55.0,-23.7,2,2,2,3.2,3,0,0,51.9,2.7,0
C2294,64,Standard,15,942.1,55.7,-11.3,3,0,0,2.9,7,1,0,64.1,3.8,1
C2295,72,Basic,15,480.62,29.4,50.9,8,2,0,4.1,2,2,0,64.4,4.4,0
C2296,19,Basic,12,552.08,60.3,-31.8,11,1,0,7.2,5,0,0,54.0,3.3,0
C2297,31,Standard,7,791.78,49.0,-47.7,8,1,1,0.5,0,0,0,89.5,3.7,0
C2298,70,Basic,12,560.92,23.0,-41.1,4,3,0,6.3,0,2,0,60.4,3.7,1
C2299,57,Enterprise,18,2996.28,32.4,17.7,14,0,0,0.5,1,0,1,72.7,4.8,0
C2300,57,Standard,72,912.59,38.6,-19.9,6,0,0,0.5,1,0,0,39.5,3.0,0
C2301,68,Basic,55,456.48,54.2,-9.0,9,1,0,8.3,3,0,1,44.5,2.7,0
C2302,56,Premium,39,1520.09,47.4,14.1,11,4,2,4.3,0,0,1,72.9,3.4,0
C2303,68,Basic,43,484.04,49.2,-9.0,4,0,0,3.6,0,0,1,75.3,3.9,0
C2304,23,Standard,12,851.24,39.1,0.1,13,2,0,2.6,4,0,0,50.7,4.6,0
C2305,23,Standard,21,850.69,55.8,8.4,9,2,2,5.3,23,0,0,51.7,3.0,1
C2306,20,Enterprise,45,2949.99,52.5,-15.8,4,2,2,4.6,19,0,1,50.7,5.0,0
C2307,24,Premium,9,1514.21,47.2,-9.2,6,0,0,1.5,10,0,1,79.7,2.4,0
C2308,68,Standard,65,873.57,46.8,1.0,9,4,2,2.4,0,1,1,44.8,2.1,1
C2309,25,Standard,10,833.4,45.4,16.7,7,2,1,2.3,5,0,2,71.1,2.8,0
C2310,59,Enterprise,18,3013.77,38.8,-24.8,5,0,0,2.0,1,0,1,67.1,2.7,0
C2311,69,Basic,24,412.09,34.9,-80.5,6,1,0,4.0,6,0,1,38.3,3.6,1
C2312,32,Basic,60,552.16,41.2,12.0,8,2,2,5.8,0,1,1,62.1,3.5,0
C2313,64,Basic,5,578.46,32.0,18.2,6,0,0,10.9,7,1,0,79.2,4.6,0
C2314,46,Basic,27,446.5,47.5,0.0,8,2,2,1.9,3,0,0,18.1,5.0,0
C2315,50,Standard,14,941.1,71.7,1.7,7,1,0,4.2,0,0,0,75.9,4.0,0
C2316,69,Standard,6,912.96,52.2,-19.1,12,2,0,2.9,12,1,0,52.7,2.6,1
C2317,47,Standard,29,879.0,74.4,7.5,9,1,1,0.7,8,1,1,84.9,4.3,0
C2318,56,Basic,16,480.87,54.7,16.3,6,2,2,1.3,4,0,2,81.8,3.9,0
C2319,44,Premium,21,1525.18,51.5,-3.6,7,2,2,6.6,1,1,1,46.2,4.5,0
C2320,53,Basic,7,497.4,61.4,57.3,4,2,0,5.8,2,0,2,54.2,4.2,0
C2321,46,Standard,13,795.23,24.3,-44.1,6,0,0,6.7,0,0,1,54.4,4.2,0
C2322,55,Standard,19,981.92,60.9,-0.9,7,2,0,0.5,4,0,0,73.3,4.4,0
C2323,74,Basic,10,516.33,43.2,-34.4,5,1,0,16.1,12,0,0,87.5,4.6,1
C2324,50,Basic,4,496.92,52.7,17.0,5,1,0,2.9,0,0,1,29.8,3.5,0
C2325,54,Basic,65,470.26,49.3,-44.5,3,2,1,2.5,2,1,3,26.6,4.5,1
C2326,44,Premium,14,1491.44,43.9,-38.3,2,0,0,4.6,7,1,0,92.8,4.6,0
C2327,72,Enterprise,26,3049.77,59.7,-20.8,5,2,0,0.5,0,0,0,98.0,3.0,1
C2328,50,Standard,10,909.46,49.8,1.6,2,3,1,0.9,1,0,0,76.3,4.2,0
C2329,21,Basic,8,514.01,36.9,-19.9,10,1,0,10.0,11,1,2,54.2,3.3,1
C2330,39,Standard,10,849.03,38.8,-19.6,12,2,2,0.8,5,0,0,39.6,4.2,1
C2331,19,Premium,10,1485.01,53.2,-9.5,8,0,0,1.4,0,0,1,51.3,4.0,0
C2332,27,Premium,15,1501.04,36.1,-11.1,8,1,1,1.0,2,0,0,71.8,2.5,1
C2333,22,Basic,15,526.86,62.7,32.2,6,1,0,2.3,2,0,0,61.1,3.6,0
C2334,27,Basic,13,482.37,34.7,12.1,10,2,2,5.7,5,0,0,63.7,3.2,0
C2335,50,Premium,2,1536.11,70.1,-13.1,7,1,1,6.4,0,0,0,57.4,4.0,0
C2336,71,Standard,13,853.23,48.1,47.4,6,1,1,1.4,1,1,0,40.8,3.6,1
C2337,55,Basic,3,501.78,44.1,7.3,5,1,1,0.5,7,0,1,80.4,4.6,0
C2338,30,Basic,2,495.1,70.2,-29.2,4,2,0,0.5,1,1,0,52.4,2.6,1
C2339,48,Standard,53,838.38,35.2,1.4,3,0,0,5.9,2,1,1,34.3,3.2,1
C2340,64,Premium,18,1497.09,57.1,8.4,11,1,0,2.0,4,1,1,49.7,4.2,0
C2341,53,Enterprise,21,2975.7,69.5,-22.2,9,1,0,6.0,2,1,0,67.9,4.0,0
C2342,62,Standard,10,955.55,39.9,-31.3,8,0,0,0.5,9,0,0,74.4,2.7,1
C2343,41,Standard,47,882.59,44.0,-2.8,5,0,0,0.5,2,0,1,77.8,2.3,0
C2344,69,Basic,20,513.03,40.4,-14.0,9,0,0,1.3,0,0,0,72.3,4.6,0
C2345,73,Standard,29,849.76,31.5,32.0,5,3,2,0.8,7,1,0,73.9,2.1,0
C2346,32,Standard,9,908.46,40.7,13.5,5,0,0,3.6,6,0,0,31.8,3.6,1
C2347,46,Standard,64,882.4,55.3,-21.0,8,1,0,3.1,0,0,1,35.7,3.5,1
C2348,25,Standard,34,867.95,31.1,5.6,6,0,0,7.9,5,0,2,53.0,4.1,1
C2349,22,Basic,38,612.36,54.1,26.7,4,1,1,5.4,1,1,0,59.1,3.9,0
C2350,46,Basic,3,484.86,27.1,-39.8,8,0,0,0.5,3,0,1,70.1,2.1,0
C2351,64,Basic,6,490.52,38.8,-30.6,7,0,0,7.6,14,2,0,60.3,4.5,1
C2352,21,Basic,6,535.08,46.8,-5.3,10,3,2,0.5,0,0,2,73.4,3.4,0
C2353,29,Basic,6,468.26,48.8,-4.1,12,1,1,0.8,0,1,0,84.9,3.8,0
C2354,62,Enterprise,38,3015.13,55.2,-6.3,5,2,0,2.5,3,0,1,63.0,3.8,0
C2355,19,Standard,1,919.41,26.7,-12.8,12,0,0,0.5,0,0,1,43.4,3.6,0
C2356,44,Standard,1,908.79,53.6,-13.2,3,2,2,0.9,0,1,1,52.7,4.7,0
C2357,48,Premium,6,1590.85,58.5,4.6,9,1,1,2.1,3,0,0,81.4,5.0,0
C2358,68,Enterprise,4,2966.83,37.9,23.3,12,2,2,1.0,7,1,0,61.0,4.4,0
C2359,68,Standard,5,960.5,44.6,-17.0,8,2,1,10.3,3,0,0,82.9,3.2,0
C2360,53,Premium,31,1517.89,50.3,56.0,16,1,1,0.6,0,1,0,62.0,4.9,0
C2361,53,Basic,16,535.38,40.1,44.0,7,1,0,3.0,0,0,0,62.5,3.8,0
C2362,43,Basic,1,512.65,31.0,28.2,8,0,0,2.4,6,1,0,48.2,5.0,0
C2363,60,Standard,11,974.13,41.4,10.6,6,1,0,2.1,9,0,1,72.8,3.7,0
C2364,44,Standard,10,886.2,50.7,45.2,7,1,1,0.9,5,0,0,64.1,3.1,0
C2365,22,Standard,2,918.89,32.8,-12.3,14,0,0,0.7,0,1,0,47.6,3.9,0
C2366,37,Basic,22,551.22,14.6,-25.8,5,1,0,1.3,1,0,0,64.7,3.2,0
C2367,28,Basic,24,476.65,62.8,-18.1,8,0,0,3.1,2,1,0,88.7,3.9,0
C2368,27,Standard,25,939.02,55.4,-30.1,7,0,0,3.0,0,1,1,57.6,3.6,1
C2369,57,Basic,26,498.25,41.6,-2.0,4,3,0,5.2,1,0,3,62.3,3.5,0
C2370,55,Standard,1,849.6,33.1,2.5,4,2,2,1.3,5,0,0,52.5,3.0,1
C2371,23,Standard,61,840.94,48.4,0.0,8,2,0,4.3,6,0,2,84.6,2.9,0
C2372,25,Premium,33,1495.37,35.7,-5.3,10,1,1,7.5,0,0,0,65.6,3.2,0
C2373,40,Premium,46,1538.64,33.2,-1.7,8,0,0,6.8,1,1,1,61.3,3.2,0
C2374,64,Premium,1,1415.84,35.5,38.4,9,1,1,2.2,2,0,1,49.4,5.0,0
C2375,43,Standard,54,907.02,45.2,10.5,6,2,0,3.8,0,0,1,98.0,3.7,0
C2376,63,Premium,33,1534.7,51.1,18.1,4,1,0,6.2,7,0,1,67.9,5.0,0
C2377,60,Standard,36,847.88,45.2,-0.2,7,2,0,0.6,1,0,1,59.5,5.0,0
C2378,29,Basic,1,473.64,55.3,-45.4,6,0,0,11.0,1,0,0,55.1,3.7,1
C2379,43,Basic,26,521.89,70.2,-50.3,4,0,0,3.2,8,0,0,36.3,3.2,1
C2380,30,Basic,64,532.94,46.0,47.1,5,1,1,1.2,4,1,1,64.5,3.6,0
C2381,57,Standard,22,963.16,50.4,-18.3,12,1,0,2.6,2,2,0,91.5,4.0,0
C2382,35,Standard,16,875.55,45.5,-20.4,10,4,3,4.7,0,1,1,63.1,5.0,0
C2383,42,Premium,58,1466.38,38.0,1.1,2,1,1,6.0,0,0,1,91.0,2.7,0
C2384,50,Basic,11,565.11,47.7,8.8,5,1,0,1.3,1,0,1,50.8,3.2,0
C2385,64,Basic,18,468.8,25.5,11.9,7,2,2,1.5,0,0,0,69.0,3.4,0
C2386,57,Enterprise,12,3019.29,42.4,39.4,9,3,1,6.0,8,0,0,93.0,4.5,0
C2387,60,Basic,54,586.32,43.2,32.5,5,1,1,6.4,11,0,0,80.5,4.3,0
C2388,29,Standard,1,929.11,47.0,-25.3,8,0,0,4.1,2,0,1,53.2,3.7,0
C2389,61,Standard,13,930.33,55.9,19.2,7,1,0,4.0,0,0,0,88.4,4.9,0
C2390,53,Standard,23,950.12,49.2,-14.6,7,1,0,1.0,1,3,0,33.3,5.0,1
C2391,65,Basic,31,519.99,47.0,-8.4,8,3,3,10.9,0,1,0,98.0,2.5,0
C2392,21,Basic,17,530.52,35.0,-32.3,10,1,0,6.6,0,0,0,62.6,3.2,0
C2393,22,Basic,47,485.3,56.2,-47.3,9,1,0,7.2,0,0,2,57.8,4.0,0
C2394,73,Standard,56,945.4,49.0,-5.8,5,0,0,0.8,13,0,1,82.4,3.0,0
C2395,54,Standard,1,915.54,50.5,-28.9,8,2,0,14.4,3,1,0,70.8,3.7,1
C2396,25,Basic,10,439.88,46.1,18.2,5,2,0,2.1,4,0,0,61.7,3.3,0
C2397,59,Standard,1,908.72,50.2,-12.0,7,1,1,4.0,0,0,0,63.9,2.1,0
C2398,66,Premium,7,1412.21,49.5,2.7,7,2,2,8.0,2,1,1,51.9,3.0,1
C2399,45,Basic,15,527.56,49.6,29.2,9,0,0,0.5,2,0,0,79.8,2.9,0
C2400,48,Standard,48,889.66,43.1,-42.1,8,0,0,1.3,7,1,0,52.7,3.8,0
C2401,26,Standard,37,975.22,46.7,-23.1,6,1,1,1.6,6,0,0,56.4,4.0,0
C2402,71,Basic,2,518.59,50.4,-0.5,4,3,1,5.2,2,0,0,49.1,4.1,0
C2403,68,Basic,1,535.97,48.5,2.8,4,1,0,1.2,5,0,1,66.7,4.6,0
C2404,46,Standard,17,857.03,32.9,22.6,6,0,0,1.7,0,0,1,39.3,2.8,0
C2405,31,Premium,15,1526.38,36.1,16.7,1,4,3,1.7,1,2,1,48.3,3.3,1
C2406,57,Premium,6,1473.37,50.9,-2.6,5,3,1,8.5,0,0,0,96.5,3.0,0
C2407,58,Standard,45,942.62,33.6,2.6,3,0,0,0.5,5,0,1,66.2,3.4,0
C2408,39,Premium,52,1454.27,45.0,3.3,7,2,2,0.5,8,0,1,76.4,2.2,0
C2409,28,Standard,10,903.39,41.4,-41.7,5,1,1,9.2,3,0,1,98.0,2.1,1
C2410,40,Standard,44,852.68,55.3,-8.9,4,2,0,3.3,4,0,0,46.3,3.7,0
C2411,18,Standard,9,904.03,52.0,1.2,4,2,1,0.5,3,1,1,54.9,1.8,1
C2412,63,Basic,26,579.9,52.5,6.5,3,2,2,2.2,3,1,1,78.5,4.0,0
C2413,54,Premium,12,1527.85,39.6,-28.1,5,0,0,9.7,0,1,0,60.8,3.7,0
C2414,38,Standard,2,897.69,52.6,-36.7,9,0,0,4.9,0,0,0,74.7,2.9,0
C2415,43,Standard,52,800.51,48.8,-10.9,6,2,1,1.0,0,0,1,90.1,3.5,0
C2416,63,Enterprise,12,2977.57,35.4,44.2,6,0,0,2.0,1,0,1,80.5,3.7,0
C2417,53,Basic,26,517.99,26.5,-25.5,9,1,1,2.4,2,1,0,69.5,3.5,0
C2418,71,Basic,9,478.57,40.5,24.3,9,1,1,5.1,5,0,0,79.1,4.2,0
C2419,40,Basic,1,556.09,54.5,34.6,6,2,2,5.3,0,0,1,67.4,4.2,0
C2420,74,Premium,2,1501.86,37.4,-3.9,6,0,0,1.2,3,0,0,69.9,2.2,0
C2421,18,Premium,13,1542.14,50.5,-22.0,6,2,0,4.5,1,0,0,76.4,3.3,0
C2422,71,Basic,23,507.2,43.1,7.8,7,1,1,12.7,0,0,1,77.0,4.4,0
C2423,72,Standard,8,887.96,60.1,-0.1,1,0,0,0.5,1,1,0,81.0,3.5,0
C2424,68,Standard,23,880.15,36.8,-26.5,5,3,1,5.9,1,1,0,69.2,3.9,0
C2425,57,Premium,23,1458.51,52.4,-21.5,5,1,1,3.2,7,0,0,44.9,4.5,1
C2426,32,Standard,24,942.86,40.5,6.3,6,0,0,1.7,1,0,0,53.6,3.9,0
C2427,38,Standard,13,881.88,38.1,18.3,10,0,0,5.5,3,1,1,66.9,3.9,0
C2428,64,Enterprise,49,3019.89,46.5,-13.1,4,0,0,1.4,5,0,1,42.2,3.3,1
C2429,26,Basic,13,477.97,37.8,-6.7,5,1,1,1.4,10,1,3,67.4,3.2,0
C2430,70,Basic,11,455.68,36.7,11.7,6,1,0,2.4,0,0,0,78.7,3.6,0
C2431,26,Standard,4,921.21,50.6,-9.3,8,0,0,2.1,5,0,3,90.5,4.1,0
C2432,27,Enterprise,7,2969.13,64.0,-12.5,6,3,0,0.5,1,0,0,68.9,3.6,0
C2433,69,Standard,1,882.98,63.8,-23.9,4,3,0,0.5,7,1,1,84.9,3.0,1
C2434,74,Basic,20,449.05,50.1,-24.3,8,1,1,3.5,0,0,2,66.4,3.4,0
C2435,70,Basic,5,479.28,46.9,61.7,6,1,1,1.4,4,1,0,41.6,2.4,0
C2436,43,Standard,7,899.96,41.4,-9.9,9,1,0,2.6,5,0,2,71.9,2.9,0
C2437,58,Basic,29,487.5,29.1,29.1,7,0,0,0.8,2,0,0,53.0,2.7,0
C2438,52,Standard,7,931.73,71.1,37.1,2,0,0,2.9,1,1,0,42.6,4.5,0
C2439,69,Enterprise,5,3004.82,36.7,-9.6,7,2,1,1.4,0,0,1,66.6,2.5,0
C2440,42,Standard,3,1022.49,64.9,4.2,2,2,0,3.3,0,1,2,70.9,3.8,0
C2441,43,Standard,29,915.97,39.1,-2.4,5,0,0,4.0,5,0,1,24.0,2.6,0
C2442,28,Standard,2,829.58,33.7,-45.3,7,4,1,0.5,0,0,1,60.0,1.7,1
C2443,55,Basic,12,490.48,71.2,-43.8,5,1,0,2.0,3,0,0,58.4,3.8,0
C2444,19,Premium,14,1493.95,56.5,-3.8,7,0,0,4.5,0,0,0,77.7,4.1,0
C2445,24,Standard,23,874.45,45.4,-15.6,8,1,1,4.7,2,0,1,44.8,5.0,0
C2446,35,Standard,20,901.9,28.7,42.3,7,0,0,1.7,0,0,1,63.4,3.4,0
C2447,44,Standard,33,873.26,40.0,-10.9,5,0,0,6.0,4,0,0,81.6,1.8,0
C2448,51,Standard,1,912.31,31.2,43.8,3,3,2,3.7,1,0,1,59.7,3.4,0
C2449,44,Standard,7,822.65,55.4,-16.9,14,0,0,15.8,1,0,1,98.0,4.6,0
C2450,34,Basic,6,544.77,41.2,42.8,10,2,0,2.5,5,0,0,51.6,4.5,0
C2451,60,Premium,3,1435.87,69.6,7.7,6,1,1,1.6,3,0,1,64.4,4.9,0
C2452,61,Enterprise,6,2988.46,41.3,9.1,6,0,0,8.8,5,0,0,55.2,4.1,0
C2453,68,Standard,7,869.69,45.8,-17.8,7,1,0,1.8,4,1,1,66.8,3.8,1
C2454,71,Enterprise,14,3011.24,31.4,9.4,11,3,2,3.6,8,0,1,60.1,5.0,1
C2455,41,Basic,21,491.67,59.2,37.3,3,2,0,6.1,6,0,0,75.3,2.2,0
C2456,42,Standard,9,909.07,44.0,-8.6,6,2,2,2.2,5,0,0,70.4,4.3,0
C2457,24,Standard,25,943.45,48.9,-13.5,4,3,2,2.0,0,1,1,38.4,4.4,1
C2458,69,Standard,8,929.74,44.5,-11.2,9,3,1,1.2,0,0,0,66.6,3.7,0
C2459,23,Standard,6,900.45,28.7,35.5,11,0,0,11.5,3,0,1,69.5,3.1,0
C2460,70,Basic,15,517.38,50.9,16.4,6,0,0,10.1,1,0,1,83.4,4.5,0
C2461,41,Basic,1,577.4,54.0,31.2,6,1,1,2.2,2,1,2,61.0,4.0,0
C2462,50,Standard,1,931.17,48.9,2.8,9,1,1,1.4,5,0,1,77.9,4.0,0
C2463,66,Basic,10,487.26,62.3,-4.0,3,2,1,0.5,1,1,1,61.7,2.1,1
C2464,46,Premium,57,1550.11,44.2,5.6,3,3,2,2.3,7,0,2,98.0,3.1,1
C2465,60,Basic,25,514.65,29.4,21.8,6,0,0,7.9,2,1,1,73.2,3.6,0
C2466,39,Basic,1,460.49,44.0,-11.2,9,2,1,7.1,1,0,1,65.3,3.5,0
C2467,43,Standard,37,891.77,43.3,29.2,5,0,0,0.5,2,0,1,90.9,5.0,0
C2468,45,Standard,26,840.11,49.3,4.1,4,2,2,2.3,2,0,2,71.2,4.4,0
C2469,67,Premium,18,1407.6,34.2,-65.2,7,1,1,5.9,7,1,1,52.3,2.7,1
C2470,38,Standard,34,861.04,75.1,17.1,4,1,1,6.3,0,0,0,54.8,4.0,0
C2471,66,Basic,10,503.9,44.8,-36.8,8,1,1,9.5,2,0,1,93.2,4.8,0
C2472,24,Premium,5,1504.02,41.9,16.5,8,0,0,0.8,6,1,2,50.7,2.9,0
C2473,34,Standard,14,842.54,50.6,17.5,10,2,1,1.9,4,1,0,75.8,4.0,0
C2474,37,Basic,15,403.85,39.5,3.2,10,2,2,10.8,3,1,0,42.9,3.3,1
C2475,58,Standard,15,957.83,35.5,8.6,7,1,1,1.1,7,0,1,46.4,4.1,0
C2476,66,Enterprise,16,3002.81,29.5,22.5,4,0,0,1.4,5,1,0,64.0,4.2,0
C2477,37,Standard,59,961.23,47.0,-17.4,7,0,0,0.9,0,0,0,34.6,4.6,0
C2478,71,Basic,46,558.94,52.2,14.8,7,2,2,2.7,2,1,0,54.9,4.0,0
C2479,39,Basic,41,528.39,32.2,24.1,9,2,0,2.6,4,1,0,98.0,3.8,0
C2480,45,Basic,32,501.37,66.7,39.0,7,0,0,5.9,4,2,1,75.5,3.2,0
C2481,57,Standard,57,883.09,18.8,-32.6,8,0,0,1.9,1,1,0,67.6,3.6,0
C2482,66,Standard,2,927.74,36.3,5.2,10,3,2,1.0,2,2,1,72.3,5.0,0
C2483,24,Basic,6,492.61,40.1,-29.0,9,2,2,6.2,2,0,0,68.7,4.5,0
C2484,18,Enterprise,13,2975.42,66.5,-30.1,5,1,1,3.7,2,1,0,49.5,3.5,1
C2485,49,Premium,37,1415.08,45.2,4.0,9,0,0,0.6,5,1,0,60.0,3.7,0
C2486,30,Standard,14,895.68,52.5,-3.1,9,1,0,3.0,2,0,1,93.8,2.7,0
C2487,47,Premium,27,1542.87,35.7,23.6,3,1,0,2.2,6,0,1,37.3,3.8,0
C2488,40,Basic,2,549.37,46.4,-13.7,3,2,2,6.5,2,0,0,95.7,5.0,0
C2489,68,Standard,5,901.13,43.3,-8.4,11,1,1,3.2,0,0,1,57.5,3.6,0
C2490,73,Standard,26,863.45,24.7,0.3,9,2,1,5.5,7,0,0,54.8,3.8,0
C2491,36,Premium,3,1535.11,61.4,-26.5,8,1,1,2.2,5,1,0,97.3,4.4,0
C2492,49,Premium,8,1498.39,55.7,-23.1,2,0,0,13.8,0,0,1,67.0,4.6,0
C2493,47,Basic,6,484.37,31.7,22.9,2,3,3,5.6,1,0,0,98.0,3.5,0
C2494,46,Enterprise,8,2940.76,47.9,-18.7,9,2,0,3.2,0,0,1,94.4,4.7,0
C2495,66,Basic,24,583.15,40.1,24.6,8,0,0,5.9,2,0,0,40.1,4.5,0
C2496,62,Premium,9,1528.54,42.8,10.2,8,1,1,1.4,2,0,0,57.8,3.7,0
C2497,46,Enterprise,16,3032.85,55.4,-43.7,5,1,0,13.3,0,0,0,45.8,2.6,1
C2498,47,Basic,2,464.49,42.1,8.3,7,0,0,1.9,0,0,1,56.2,4.9,0
C2499,33,Premium,32,1502.19,48.2,8.1,10,0,0,1.6,1,0,0,85.9,3.5,0
C2500,57,Basic,9,495.74,50.4,5.6,7,0,0,5.4,4,0,0,88.2,2.6,0
C2501,36,Standard,20,930.28,42.1,-8.5,7,1,1,3.5,1,0,0,54.1,3.1,0
C2502,35,Standard,25,953.39,52.3,-28.5,6,0,0,5.1,3,0,1,70.9,3.0,0
C2503,18,Standard,4,841.63,56.4,28.7,5,2,1,5.3,1,0,0,90.1,4.4,0
C2504,31,Enterprise,43,2956.01,55.2,-7.5,5,0,0,3.5,7,0,0,49.9,3.1,0
C2505,68,Standard,19,924.83,56.7,-27.1,7,2,2,6.5,4,0,1,76.5,3.9,0
C2506,64,Standard,11,878.68,24.1,6.4,5,1,0,4.5,17,0,0,85.3,4.1,0
C2507,67,Premium,4,1531.59,35.5,-23.6,5,2,1,3.0,8,0,0,93.0,4.7,0
C2508,19,Enterprise,57,2984.08,36.2,-28.7,5,2,0,5.0,0,0,0,64.5,3.9,0
C2509,71,Basic,28,449.05,42.4,-14.4,5,1,0,2.4,4,0,0,30.1,2.9,0
C2510,45,Enterprise,4,2928.63,41.5,-21.6,5,2,0,2.3,1,2,0,75.4,3.7,0
C2511,66,Basic,8,518.37,61.9,-27.8,12,0,0,1.5,3,0,1,88.1,2.4,0
C2512,67,Premium,33,1519.35,26.7,15.2,5,1,1,6.6,4,2,0,64.1,2.5,0
C2513,47,Basic,23,537.81,60.2,-7.8,1,0,0,1.2,5,0,1,69.6,2.9,0
C2514,55,Basic,29,512.11,33.6,26.3,6,3,0,1.0,2,0,1,39.4,3.7,0
C2515,68,Standard,11,748.7,41.2,-26.4,10,0,0,0.9,1,0,0,87.1,4.4,0
C2516,21,Standard,25,919.14,38.4,-48.2,5,1,0,3.8,11,0,0,97.4,4.5,1
C2517,18,Standard,9,840.7,42.5,-1.3,8,0,0,0.8,1,1,1,44.6,3.7,0
C2518,25,Basic,4,424.29,31.5,41.4,8,2,1,7.1,1,0,0,58.6,4.1,0
C2519,46,Standard,20,819.47,44.6,8.3,7,1,0,4.2,1,0,0,59.6,3.9,0
C2520,72,Enterprise,72,2915.79,39.1,75.4,6,1,1,5.5,6,1,0,34.8,3.9,0
C2521,56,Standard,7,910.16,48.5,3.3,7,1,1,0.5,4,1,2,77.0,3.5,1
C2522,20,Basic,12,469.75,54.1,0.9,4,0,0,0.5,0,0,0,49.6,4.1,0
C2523,49,Standard,22,838.24,37.8,-58.9,10,1,0,0.5,0,1,0,49.4,3.7,1
C2524,27,Basic,15,499.92,77.1,5.7,10,2,2,4.0,0,0,0,53.6,4.1,0
C2525,27,Premium,37,1454.76,37.7,-0.8,10,0,0,0.5,2,0,2,43.0,4.0,0
C2526,36,Premium,28,1538.24,29.5,-15.2,1,4,0,2.2,2,1,0,53.4,3.9,0
C2527,63,Standard,1,957.01,57.3,-8.4,9,1,1,5.7,1,0,0,81.8,3.3,0
C2528,51,Standard,72,890.3,54.2,-6.7,4,0,0,1.5,1,0,0,76.6,2.3,0
C2529,50,Premium,27,1554.09,61.4,-9.5,11,1,0,0.5,3,0,2,97.5,3.7,0
C2530,40,Standard,39,954.02,53.3,47.2,5,3,2,7.5,3,0,1,48.9,2.2,0
C2531,72,Premium,21,1502.38,41.6,-14.3,5,1,0,4.3,2,0,0,54.5,2.7,0
C2532,45,Standard,38,968.34,44.2,-0.8,7,2,0,0.5,2,0,0,45.7,3.9,0
C2533,49,Premium,2,1474.13,27.9,-15.1,9,1,1,1.4,6,0,0,57.6,2.6,0
C2534,67,Standard,8,820.79,23.6,14.6,4,0,0,1.6,2,0,0,56.1,3.4,0
C2535,24,Standard,41,836.82,56.0,-0.6,15,0,0,7.1,12,1,1,98.0,3.6,0
C2536,46,Enterprise,4,2972.29,39.8,-12.0,6,2,0,0.5,3,0,0,57.9,2.4,1
C2537,25,Standard,1,920.37,64.4,-53.1,4,0,0,5.1,1,0,0,66.7,3.3,1
C2538,18,Standard,31,852.81,40.5,1.1,3,1,0,12.8,11,0,2,44.2,4.1,0
C2539,74,Basic,36,471.97,40.8,-12.7,8,1,0,1.7,0,0,2,59.8,2.9,0
C2540,72,Standard,3,849.02,38.7,-6.5,11,0,0,0.5,8,1,0,64.6,3.2,0
C2541,20,Standard,38,872.88,53.5,-34.6,7,1,1,1.0,0,0,1,68.8,4.8,0
C2542,41,Basic,23,552.71,30.3,30.8,7,3,1,0.5,4,0,0,83.2,4.1,0
C2543,40,Basic,14,513.3,37.5,16.4,9,1,1,5.4,8,1,1,76.0,4.1,0
C2544,25,Standard,35,875.92,64.9,30.8,3,0,0,1.5,0,0,0,37.9,3.4,0
C2545,71,Premium,10,1547.82,42.8,23.7,7,1,1,8.0,30,1,0,67.5,3.8,1
C2546,74,Standard,4,900.03,55.1,9.8,8,3,2,8.6,2,0,0,72.2,4.1,0
C2547,64,Basic,6,504.35,44.9,-33.6,7,2,2,1.6,2,1,0,23.5,4.9,1
C2548,54,Standard,14,944.71,62.1,41.1,6,0,0,3.2,1,0,0,80.6,2.1,0
C2549,20,Basic,15,485.3,46.9,-28.2,8,2,2,10.1,2,1,1,94.8,3.3,0
C2550,68,Standard,32,935.65,91.0,-11.7,11,1,1,0.5,2,0,1,27.1,3.9,1
C2551,50,Basic,31,532.8,41.3,12.7,9,2,0,5.2,0,1,0,65.3,4.8,0
C2552,45,Basic,17,493.18,62.2,13.9,7,3,0,0.5,2,0,0,70.0,2.4,0
C2553,64,Basic,30,443.15,21.3,9.3,8,1,1,2.1,3,0,0,81.5,3.9,0
C2554,25,Standard,4,899.51,25.6,-15.0,8,1,0,2.5,0,0,1,90.7,4.2,0
C2555,51,Basic,1,544.49,44.3,-20.2,6,2,2,2.8,5,3,1,64.4,4.3,1
C2556,52,Standard,41,931.79,32.0,58.4,3,2,0,6.6,3,1,0,83.9,4.2,0
C2557,49,Standard,1,967.41,54.1,-6.0,7,0,0,0.8,0,1,0,55.3,3.3,0
C2558,41,Standard,5,879.38,66.0,-9.0,6,1,0,2.0,7,0,0,53.1,2.9,0
C2559,31,Standard,23,930.17,45.8,-22.8,7,1,0,1.1,2,0,1,44.7,4.4,0
C2560,49,Premium,10,1458.75,50.9,1.1,7,2,1,3.1,2,2,0,55.8,4.7,0
C2561,73,Basic,41,507.06,54.4,-0.0,14,1,0,2.9,1,1,0,55.2,4.1,0
C2562,63,Standard,7,943.22,52.7,-5.4,6,1,1,5.4,6,0,1,87.0,3.0,0
C2563,60,Basic,1,535.26,36.5,4.5,7,0,0,0.7,0,0,0,65.2,3.6,0
C2564,33,Basic,7,503.12,47.1,39.1,8,3,0,5.9,4,1,0,21.9,3.0,1
C2565,21,Standard,17,888.28,50.7,-19.9,3,0,0,1.5,4,0,0,52.9,3.2,0
C2566,69,Standard,9,859.21,33.0,-3.9,4,2,0,2.9,2,1,0,58.2,3.5,1
C2567,54,Premium,15,1489.97,47.8,-21.2,6,1,0,0.9,12,0,5,75.8,3.1,1
C2568,71,Standard,41,846.59,55.8,2.4,9,1,0,2.3,3,0,1,92.8,4.7,0
C2569,38,Enterprise,48,2985.27,52.1,-19.2,7,1,0,0.6,3,1,0,98.0,3.4,0
C2570,31,Basic,6,426.75,38.9,-18.1,11,1,0,4.0,5,1,1,73.3,4.7,0
C2571,48,Basic,12,446.25,67.2,-41.5,6,2,1,0.5,3,0,1,54.9,3.1,1
C2572,72,Basic,15,533.11,49.7,-2.6,4,1,1,3.2,7,1,1,40.2,4.4,1
C2573,65,Basic,59,528.66,28.0,5.7,8,0,0,4.9,1,0,1,65.3,5.0,0
C2574,35,Standard,72,887.45,59.7,41.5,9,4,2,7.5,6,1,1,83.9,2.6,0
C2575,24,Standard,5,901.59,37.9,6.7,9,1,1,6.0,0,0,0,67.6,5.0,0
C2576,27,Basic,25,506.96,39.4,-16.2,6,1,1,7.9,4,0,0,85.3,3.5,0
C2577,24,Enterprise,9,3017.41,38.5,-39.0,9,2,0,3.3,16,2,2,89.3,4.6,1
C2578,50,Premium,1,1513.13,33.9,-35.5,6,0,0,0.5,4,0,0,97.9,5.0,0
C2579,40,Basic,1,445.53,64.4,-37.4,6,0,0,12.3,1,2,1,78.4,3.9,1
C2580,38,Basic,12,401.28,47.3,42.0,8,1,0,5.3,2,2,0,92.5,2.4,0
C2581,36,Basic,13,458.32,42.0,2.2,8,1,1,3.1,19,0,1,83.5,4.1,0
C2582,65,Basic,1,492.83,33.1,-19.6,15,2,0,2.2,2,0,1,33.1,3.9,0
C2583,36,Basic,23,537.41,57.6,-29.0,7,0,0,0.5,6,1,0,95.2,4.1,0
C2584,53,Standard,6,908.37,55.5,-26.4,10,1,1,0.5,0,0,3,70.9,3.1,0
C2585,46,Basic,16,520.38,57.7,-20.2,8,0,0,2.0,7,0,1,97.7,4.6,0
C2586,35,Standard,7,863.12,55.8,27.9,3,2,1,12.7,0,0,1,81.4,4.1,0
C2587,19,Enterprise,3,2996.17,45.8,-5.7,7,2,2,2.6,20,1,0,43.2,3.6,1
C2588,18,Standard,10,901.62,50.4,-41.2,1,0,0,1.7,0,0,1,68.0,2.0,1
C2589,64,Enterprise,5,2968.77,61.0,52.8,7,0,0,2.1,1,0,1,59.7,3.9,0
C2590,22,Basic,15,456.22,56.1,-33.5,4,1,1,1.2,4,1,0,84.1,4.8,0
C2591,37,Standard,4,889.93,53.0,-19.8,9,3,2,13.2,5,1,0,76.2,4.8,0
C2592,28,Standard,14,925.45,56.7,27.8,8,1,0,0.5,1,0,3,69.1,3.2,0
C2593,59,Basic,3,462.8,35.5,5.4,3,0,0,4.2,3,0,2,78.2,4.0,0
C2594,19,Basic,22,490.67,35.0,-16.7,8,1,0,2.1,0,0,0,42.5,3.3,0
C2595,20,Standard,28,953.2,47.4,-35.8,10,3,0,0.6,0,0,0,55.0,3.8,0
C2596,40,Standard,2,878.23,38.2,-29.2,3,2,0,3.1,0,0,0,63.5,4.3,0
C2597,72,Standard,12,899.29,58.1,-27.7,6,0,0,3.2,2,0,2,26.8,2.8,1
C2598,29,Standard,1,894.77,42.2,-4.8,9,0,0,0.7,2,0,0,58.7,3.5,0
C2599,37,Standard,18,891.49,36.2,-0.2,6,2,0,2.2,0,2,0,68.6,3.7,0
C2600,22,Basic,6,565.74,66.5,-8.7,7,1,0,8.0,2,0,2,59.1,3.3,1
C2601,54,Basic,14,511.23,35.2,-6.0,6,2,1,0.5,9,0,0,56.0,3.6,1
C2602,55,Basic,14,436.19,42.7,-31.3,11,1,1,13.0,3,0,1,66.0,4.2,1
C2603,47,Basic,51,560.14,52.3,2.3,7,2,2,0.5,1,0,2,71.8,3.5,0
C2604,26,Enterprise,15,3009.99,32.9,27.0,3,1,1,3.4,0,0,0,68.5,4.0,0
C2605,51,Standard,17,884.06,31.9,-9.1,8,1,0,2.9,2,0,0,87.5,3.0,0
C2606,70,Premium,10,1552.98,73.1,-9.6,5,2,0,0.5,1,1,0,69.0,4.5,0
C2607,61,Basic,59,467.85,43.4,-2.9,6,0,0,3.4,11,0,0,9.7,3.6,0
C2608,52,Standard,30,967.63,45.9,23.0,5,1,0,5.6,1,0,2,98.0,3.0,0
C2609,69,Basic,6,502.73,51.2,-27.4,8,3,2,0.5,0,0,1,75.6,5.0,0
C2610,39,Basic,37,539.22,40.7,31.3,2,0,0,2.4,6,0,0,53.9,4.6,0
C2611,61,Basic,11,621.7,46.7,5.5,6,0,0,4.6,6,2,2,40.6,5.0,0
C2612,41,Premium,35,1506.2,27.4,-4.3,7,1,0,5.5,8,0,0,65.9,4.6,0
C2613,34,Standard,34,895.13,52.9,25.3,7,3,3,6.1,6,0,0,42.5,4.3,0
C2614,27,Standard,4,856.32,48.2,-34.6,2,1,0,0.5,1,3,1,18.7,2.7,1
C2615,47,Standard,24,894.18,56.0,8.1,3,2,0,3.8,5,1,1,65.8,5.0,0
C2616,73,Enterprise,6,2957.55,40.1,5.8,5,0,0,4.5,7,1,1,58.4,3.8,0
C2617,63,Basic,7,491.52,57.4,-28.4,8,2,1,1.1,7,1,0,57.9,4.0,1
C2618,40,Basic,7,614.79,30.5,6.5,13,3,2,12.9,2,0,1,67.3,3.4,0
C2619,49,Basic,25,503.78,33.8,2.1,8,3,1,4.4,4,2,0,85.0,2.8,0
C2620,34,Premium,5,1476.85,40.9,-9.5,10,4,1,8.7,10,0,0,52.0,3.6,1
C2621,67,Enterprise,1,2990.61,42.4,16.6,9,0,0,4.1,3,1,1,64.7,4.4,0
C2622,68,Basic,25,482.53,45.1,-19.3,3,2,2,0.5,1,0,0,44.1,4.0,1
C2623,34,Premium,3,1540.94,49.8,1.8,9,0,0,1.0,0,0,1,58.9,4.8,0
C2624,31,Premium,2,1495.39,31.7,-8.3,6,0,0,1.9,0,0,0,37.8,3.1,0
C2625,26,Basic,5,563.36,49.7,-20.4,5,0,0,2.0,2,2,0,98.0,4.2,0
C2626,57,Standard,9,886.36,64.7,7.6,9,3,3,3.6,3,1,1,39.0,5.0,1
C2627,19,Standard,12,888.94,52.6,-10.2,7,0,0,3.0,0,0,1,60.8,5.0,1
C2628,62,Enterprise,1,2963.13,55.9,-41.8,8,0,0,0.5,0,0,0,28.2,3.5,1
C2629,42,Basic,70,483.66,33.3,-50.0,8,0,0,6.4,0,1,0,28.4,3.5,0
C2630,56,Premium,25,1429.66,36.9,14.7,9,0,0,6.7,1,0,0,57.9,4.1,0
C2631,26,Basic,7,413.81,53.6,-35.5,5,2,1,6.7,3,3,0,77.1,4.3,1
C2632,71,Premium,7,1523.99,41.8,2.0,5,0,0,0.9,4,1,1,45.8,4.0,0
C2633,39,Standard,11,829.18,46.0,-3.6,3,0,0,1.3,9,0,1,40.0,4.6,0
C2634,60,Standard,19,915.24,40.6,-14.2,7,4,3,4.7,3,0,1,78.3,3.1,1
C2635,63,Premium,3,1478.98,35.5,43.9,8,0,0,1.8,1,2,0,76.9,4.3,0
C2636,21,Premium,4,1536.58,48.7,-0.5,3,0,0,2.1,5,2,0,55.8,1.8,1
C2637,43,Premium,39,1430.06,50.7,13.9,10,0,0,3.2,8,0,0,80.5,2.6,0
C2638,46,Basic,5,522.93,37.6,2.1,2,1,1,0.5,0,0,1,79.1,3.6,0
C2639,62,Standard,9,912.26,35.0,-10.8,5,2,0,0.5,5,0,1,31.0,4.4,0
C2640,51,Basic,41,513.5,40.9,-5.5,7,0,0,0.5,6,0,0,57.1,4.6,0
C2641,40,Standard,21,943.96,37.9,31.5,8,1,0,0.9,1,0,1,98.0,2.8,0
C2642,54,Standard,8,901.81,26.1,22.2,7,2,0,13.9,2,0,2,63.9,3.3,0
C2643,28,Standard,23,801.09,46.7,43.8,6,1,1,0.5,2,0,1,59.2,4.0,0
C2644,23,Standard,1,916.96,53.8,0.5,6,1,1,7.5,1,0,1,96.5,3.9,0
C2645,35,Enterprise,26,3011.79,36.5,-26.9,6,0,0,0.5,2,0,0,68.7,4.5,0
C2646,38,Basic,13,489.21,60.5,-16.0,9,2,1,4.7,8,1,0,98.0,3.4,0
C2647,59,Standard,33,865.33,54.3,-34.7,8,1,1,3.5,0,0,0,39.1,3.4,0
C2648,53,Standard,61,884.56,37.9,14.2,10,1,0,4.6,9,0,1,98.0,4.4,0
C2649,58,Basic,52,557.32,30.7,-19.6,8,1,0,0.5,0,0,3,85.7,4.2,0
C2650,55,Basic,47,462.2,39.7,-81.4,8,2,0,4.9,2,0,0,29.8,4.9,1
C2651,51,Enterprise,14,2929.38,38.5,56.6,6,3,2,1.4,0,0,0,46.8,2.6,0
C2652,34,Premium,8,1440.27,36.1,-19.3,7,3,2,1.0,5,0,0,78.6,3.3,0
C2653,54,Enterprise,12,2997.59,42.2,-19.4,6,1,1,3.4,0,2,0,38.3,3.2,0
C2654,42,Enterprise,23,3065.83,35.1,36.8,11,0,0,0.5,7,0,1,69.3,3.5,0
C2655,55,Basic,43,587.19,45.8,-35.2,6,2,0,1.0,9,0,0,79.6,3.6,0
C2656,29,Standard,4,925.01,51.8,23.4,9,1,0,2.8,2,1,1,98.0,4.0,0
C2657,40,Standard,50,859.75,34.1,-19.7,7,2,1,5.3,17,0,0,80.4,2.8,1
C2658,70,Standard,33,864.0,41.2,-38.1,13,4,3,7.1,2,1,0,74.2,4.6,0
C2659,59,Standard,72,934.03,24.6,37.6,5,2,1,1.9,2,1,0,77.8,4.4,0
C2660,39,Standard,42,952.27,45.2,18.1,8,1,1,13.1,2,1,1,59.3,3.4,0
C2661,38,Standard,6,873.32,46.2,18.0,7,1,0,5.2,3,1,1,68.8,2.3,1
C2662,44,Standard,2,955.98,35.4,4.2,5,1,1,1.8,10,1,0,53.2,5.0,1
C2663,74,Basic,2,489.82,49.0,10.0,9,2,1,1.7,0,0,0,84.3,3.7,0
C2664,48,Standard,6,927.57,29.5,-35.8,7,1,1,2.0,2,0,0,49.9,3.9,0
C2665,23,Standard,19,944.82,48.0,-2.2,6,3,2,4.8,1,0,1,63.9,4.5,0
C2666,44,Standard,32,839.73,24.9,-28.2,4,1,0,1.3,0,0,0,87.9,3.9,0
C2667,57,Basic,45,517.06,50.9,-39.7,4,2,2,0.5,5,2,0,62.5,2.1,1
C2668,51,Premium,19,1556.15,45.7,5.3,11,3,2,2.9,0,1,1,77.9,3.6,0
C2669,29,Basic,1,476.57,32.1,24.0,5,0,0,3.4,0,1,0,53.7,3.8,0
C2670,62,Standard,4,856.74,49.0,-14.6,6,2,0,9.9,14,2,1,62.6,4.0,1
C2671,74,Premium,2,1518.79,34.8,-10.3,9,0,0,0.5,4,0,0,60.2,2.2,0
C2672,70,Standard,9,904.34,44.0,-33.5,1,2,1,2.7,5,0,0,41.0,3.0,1
C2673,24,Basic,13,485.91,65.0,-4.8,3,3,2,0.9,3,0,0,44.2,3.0,0
C2674,27,Standard,1,898.91,62.8,14.0,4,1,1,4.9,0,0,0,85.0,3.4,0
C2675,62,Standard,8,832.19,50.2,14.8,8,1,0,1.5,3,1,1,75.1,3.4,0
C2676,34,Premium,3,1515.18,59.0,8.6,6,0,0,3.6,5,1,1,57.3,5.0,0
C2677,43,Premium,20,1562.7,25.7,-20.5,6,1,0,0.7,4,0,1,61.6,5.0,0
C2678,38,Standard,12,870.41,58.9,-21.3,7,1,1,3.0,4,1,0,74.2,4.4,0
C2679,45,Standard,13,865.86,40.6,14.9,9,0,0,0.5,0,0,1,57.9,2.1,1
C2680,63,Basic,11,505.9,43.7,15.3,10,1,1,6.4,4,0,2,57.4,4.0,0
C2681,19,Basic,62,612.84,39.8,-9.3,7,2,0,3.1,0,0,0,84.0,4.0,0
C2682,71,Standard,4,943.0,43.2,-15.7,7,0,0,0.9,9,1,2,73.5,5.0,0
C2683,60,Standard,14,895.23,38.9,24.2,12,1,1,1.4,7,0,1,37.9,3.4,0
C2684,18,Standard,26,900.58,71.2,-14.0,13,4,1,0.6,0,0,1,60.1,3.3,0
C2685,68,Basic,16,546.95,38.8,13.6,5,3,3,3.9,0,2,1,47.1,3.7,1
C2686,70,Basic,52,462.62,40.4,-8.4,7,2,2,1.6,3,0,0,53.8,2.5,0
C2687,53,Standard,9,923.47,32.7,-31.2,4,0,0,10.8,0,0,1,69.6,4.0,0
C2688,68,Basic,12,454.3,52.2,35.3,6,2,1,7.9,9,0,1,40.9,3.1,1
C2689,43,Premium,1,1536.0,55.0,-2.0,7,2,1,5.9,9,3,0,98.0,4.2,0
C2690,46,Basic,18,487.24,49.3,-22.8,9,1,0,1.1,0,0,1,70.5,4.5,0
C2691,38,Standard,6,907.03,40.1,-39.8,2,1,0,1.2,10,0,0,83.1,3.6,0
C2692,28,Enterprise,3,2984.64,44.8,-37.3,4,2,0,1.8,4,1,1,68.2,2.3,1
C2693,57,Basic,15,526.95,35.4,-14.3,5,1,0,8.8,2,1,0,47.9,3.0,1
C2694,28,Standard,15,892.01,59.8,43.1,9,0,0,2.2,2,0,0,78.0,2.7,0
C2695,53,Basic,1,585.32,52.0,-19.6,7,4,0,0.5,1,0,0,39.7,4.3,1
C2696,66,Standard,23,955.75,36.4,31.2,6,0,0,0.9,3,0,1,58.2,5.0,0
C2697,56,Standard,19,846.83,41.1,-8.3,2,2,1,0.5,3,0,0,73.4,4.4,0
C2698,57,Standard,4,906.66,37.6,-34.5,6,1,0,0.5,0,0,0,50.2,3.1,0
C2699,52,Standard,12,928.41,39.6,-16.8,8,1,1,9.0,2,1,0,41.9,2.5,1
C2700,71,Premium,25,1480.67,30.6,-37.0,6,1,1,3.4,0,2,1,50.8,3.6,1
C2701,51,Basic,15,547.5,46.4,-26.4,3,3,0,0.5,5,2,0,56.8,3.6,1
C2702,72,Basic,10,542.79,40.9,-27.1,8,0,0,3.1,6,0,0,39.5,3.7,1
C2703,64,Premium,7,1495.66,49.5,-52.6,10,2,1,12.4,7,1,0,81.2,4.7,1
C2704,41,Standard,18,938.25,29.5,32.8,2,1,1,0.5,0,0,0,75.6,2.6,0
C2705,71,Premium,55,1402.57,48.6,0.3,7,2,0,4.8,4,0,0,80.0,4.1,0
C2706,39,Standard,22,953.3,61.1,-22.2,4,1,1,0.7,8,1,1,62.8,5.0,0
C2707,22,Premium,1,1534.46,50.1,0.5,5,2,2,1.7,1,0,0,48.5,2.9,1
C2708,73,Standard,12,855.49,67.1,-25.9,6,1,1,0.5,6,1,0,61.5,3.9,0
C2709,50,Premium,44,1509.08,37.4,-71.8,15,1,0,0.5,0,0,0,71.3,4.1,0
C2710,53,Enterprise,1,2917.95,23.9,68.9,6,0,0,0.5,4,0,0,69.4,3.7,0
C2711,64,Standard,72,868.46,41.2,-0.3,4,1,0,3.0,1,0,0,44.6,5.0,0
C2712,37,Basic,59,542.83,56.6,-19.7,6,0,0,8.1,0,0,0,95.6,3.4,0
C2713,36,Basic,1,498.49,37.3,-53.3,15,2,1,0.5,2,0,0,38.4,4.9,1
C2714,52,Basic,54,496.27,46.0,-42.4,6,3,1,0.5,1,0,0,47.8,4.8,1
C2715,69,Basic,9,500.81,51.2,36.4,13,3,2,0.6,3,1,0,44.4,2.7,1
C2716,60,Basic,37,496.14,60.6,32.5,9,1,0,12.7,7,1,0,83.8,4.2,0
C2717,34,Standard,10,938.5,51.3,13.8,9,1,0,0.7,1,1,1,64.8,4.3,0
C2718,62,Standard,11,874.24,51.0,-32.9,7,1,0,2.2,10,1,0,26.4,4.9,1
C2719,60,Standard,20,915.77,49.9,32.7,7,0,0,0.5,1,0,1,54.0,3.1,0
C2720,51,Standard,29,853.22,57.5,6.2,8,1,0,6.7,6,0,0,63.7,3.9,0
C2721,26,Basic,1,528.64,34.7,11.4,4,0,0,10.3,4,0,0,57.3,4.3,0
C2722,43,Basic,17,486.15,31.9,6.2,10,0,0,4.9,2,1,0,15.3,3.2,0
C2723,19,Basic,4,497.36,40.7,-42.7,9,1,0,2.9,2,0,0,84.2,4.7,0
C2724,70,Standard,8,884.51,57.2,-35.0,10,0,0,1.0,9,0,1,68.0,1.9,1
C2725,26,Basic,8,489.57,48.2,-17.8,8,3,3,0.7,4,0,0,88.8,3.5,0
C2726,26,Basic,12,458.81,66.3,11.1,7,2,2,2.5,1,0,1,47.0,2.7,1
C2727,57,Standard,8,912.17,40.6,-39.5,7,3,1,1.2,3,0,0,97.0,3.0,0
C2728,34,Premium,2,1521.19,38.2,-9.4,12,0,0,3.9,3,0,1,73.7,4.2,0
C2729,18,Basic,3,445.77,29.8,-9.4,8,0,0,1.1,8,1,0,40.5,5.0,0
C2730,42,Standard,1,875.14,52.8,14.8,7,1,1,0.7,0,1,0,70.2,4.1,0
C2731,60,Standard,12,900.2,63.3,11.9,8,3,3,3.0,2,0,0,98.0,2.9,0
C2732,57,Premium,61,1475.05,53.1,-30.3,9,3,3,5.0,2,0,0,21.6,2.6,1
C2733,59,Enterprise,2,2990.09,43.6,31.2,7,2,1,0.5,0,1,2,62.6,3.7,0
C2734,42,Basic,58,563.64,34.7,-34.1,12,1,1,3.4,0,0,0,89.7,4.0,0
C2735,56,Basic,26,458.27,52.9,22.3,5,0,0,5.9,0,2,0,73.4,3.2,0
C2736,52,Premium,20,1406.51,34.9,-18.8,9,1,0,0.5,16,0,1,49.3,4.3,0
C2737,20,Standard,20,875.05,49.2,-0.9,2,0,0,0.9,0,0,0,81.0,5.0,0
C2738,67,Standard,35,885.87,44.0,0.6,21,1,0,1.2,0,0,1,70.3,3.4,0
C2739,54,Standard,2,879.4,24.7,-0.1,6,0,0,0.5,0,0,1,44.9,3.2,0
C2740,61,Standard,14,909.75,41.9,11.9,12,1,1,4.0,17,0,0,50.5,3.6,1
C2741,61,Enterprise,23,2957.88,43.9,4.8,7,1,1,1.9,5,0,0,82.6,2.7,0
C2742,68,Enterprise,17,2951.99,36.5,14.6,7,1,1,3.6,2,0,0,61.5,3.2,0
C2743,47,Premium,35,1472.02,41.0,6.6,4,4,1,1.8,17,1,0,54.6,4.1,1
C2744,55,Basic,1,472.85,42.8,-36.6,4,3,2,0.7,3,0,0,68.9,2.8,1
C2745,51,Premium,23,1583.83,52.6,1.7,11,0,0,2.5,6,2,0,77.4,4.5,0
C2746,29,Basic,15,561.1,45.9,-19.1,10,2,0,4.5,0,1,0,98.0,4.5,0
C2747,36,Basic,9,432.22,35.8,-32.7,7,1,1,0.6,11,0,0,63.2,3.0,1
C2748,54,Premium,8,1421.81,59.0,-12.2,4,0,0,1.5,12,1,0,98.0,4.6,0
C2749,61,Basic,19,495.57,38.4,-0.4,8,1,1,4.6,7,0,1,73.7,3.4,0
C2750,66,Basic,44,575.46,38.4,1.2,8,2,2,3.7,0,0,1,72.7,5.0,0
C2751,34,Basic,13,525.64,66.3,21.4,7,0,0,20.0,0,1,0,49.2,4.0,0
C2752,27,Premium,34,1497.68,45.4,27.7,6,0,0,0.7,9,0,0,67.3,2.6,0
C2753,74,Standard,10,880.76,20.2,3.4,4,0,0,1.5,1,0,0,48.5,3.0,0
C2754,72,Standard,2,942.09,55.1,7.9,4,3,3,0.8,1,1,0,65.1,3.2,1
C2755,66,Basic,1,506.12,43.6,-2.6,6,3,0,1.0,2,1,0,64.0,3.5,1
C2756,64,Premium,1,1568.27,35.7,14.2,8,1,1,0.8,1,1,1,58.3,4.0,1
C2757,29,Premium,9,1431.49,42.9,7.2,9,1,0,15.8,3,0,2,71.4,3.2,0
C2758,33,Basic,8,515.95,42.9,-6.4,6,1,1,3.6,2,2,1,63.4,4.4,1
C2759,41,Standard,25,876.47,33.6,48.8,12,0,0,0.5,5,0,1,61.8,3.9,0
C2760,36,Basic,27,515.57,40.5,-18.7,6,0,0,2.6,0,0,1,56.4,4.9,0
C2761,25,Enterprise,1,3009.03,38.9,31.4,9,1,1,0.5,0,0,1,96.2,3.1,0
C2762,48,Standard,4,919.39,44.4,-38.9,4,2,1,1.7,9,0,1,78.9,4.7,1
C2763,38,Enterprise,6,3038.1,57.6,15.3,5,2,2,3.6,0,0,0,87.1,4.6,0
C2764,34,Basic,15,554.59,39.9,30.9,9,2,2,0.5,2,0,1,65.4,3.4,0
C2765,40,Premium,3,1577.07,47.5,-52.7,4,0,0,0.5,0,0,0,73.8,5.0,0
C2766,54,Premium,2,1499.63,50.8,-1.5,6,0,0,1.0,6,1,0,68.3,4.6,0
C2767,71,Standard,57,877.31,63.6,12.9,10,1,0,3.8,2,0,0,49.2,3.2,0
C2768,33,Enterprise,32,2949.97,46.2,1.3,7,1,0,9.0,5,0,1,79.3,3.3,0
C2769,23,Standard,3,916.4,43.2,4.5,7,1,0,1.1,7,0,2,26.2,2.5,1
C2770,25,Basic,10,532.4,33.5,-1.6,11,2,1,11.0,5,0,1,69.7,2.8,0
C2771,42,Standard,8,845.06,46.5,-32.4,11,2,1,2.8,2,1,3,43.7,4.1,0
C2772,35,Premium,31,1544.79,57.3,54.2,6,3,1,2.4,2,1,0,11.5,3.4,0
C2773,42,Standard,14,894.95,41.3,-17.6,5,0,0,0.5,4,1,0,70.8,2.9,0
C2774,29,Basic,2,448.77,75.1,5.9,6,0,0,10.9,5,0,2,68.8,4.7,0
C2775,32,Standard,26,865.07,41.4,-21.2,14,1,1,5.5,1,0,0,63.5,2.1,0
C2776,43,Basic,10,461.27,38.6,-61.9,8,0,0,0.5,6,0,1,95.4,3.8,1
C2777,58,Standard,6,861.98,41.0,-28.1,8,1,1,5.5,0,0,0,60.3,3.6,0
C2778,62,Standard,9,921.8,44.5,-41.2,9,0,0,2.8,9,0,0,63.0,3.1,0
C2779,43,Premium,13,1533.55,45.3,22.3,4,1,0,0.5,3,0,0,64.9,4.6,0
C2780,64,Basic,8,566.97,43.1,-20.2,10,2,2,4.2,3,0,0,74.2,3.5,1
C2781,49,Standard,5,871.07,31.6,-17.9,2,0,0,3.8,3,1,0,71.1,4.9,1
C2782,27,Basic,10,512.72,38.1,-31.6,6,2,0,4.0,0,0,0,51.1,4.4,0
C2783,33,Basic,1,473.12,47.4,-2.6,6,1,0,7.3,11,0,2,89.9,2.7,0
C2784,24,Premium,29,1499.8,46.4,-22.9,8,1,1,5.0,5,1,0,63.9,4.6,0
C2785,34,Enterprise,3,2939.78,49.8,19.8,9,3,1,8.5,5,0,0,58.2,4.3,0
C2786,40,Standard,1,854.07,54.7,2.6,8,2,2,1.7,4,0,2,73.4,4.7,0
C2787,43,Premium,21,1531.12,29.1,-19.3,12,0,0,2.9,3,0,1,98.0,3.7,0
C2788,38,Premium,29,1439.66,35.8,16.3,8,2,0,14.9,3,0,0,39.6,3.0,0
C2789,39,Premium,33,1523.59,48.6,-4.8,7,0,0,3.1,10,0,0,68.1,3.7,0
C2790,24,Basic,13,471.95,59.1,-4.5,8,0,0,1.9,1,0,1,65.2,3.5,0
C2791,31,Enterprise,4,2921.98,62.9,-41.6,8,1,0,2.2,3,0,0,82.1,4.1,0
C2792,32,Standard,26,797.46,57.8,-6.8,5,0,0,4.7,1,0,0,59.1,5.0,0
C2793,70,Basic,24,557.54,54.8,3.0,7,0,0,1.6,0,0,0,60.7,2.5,0
C2794,24,Basic,5,422.78,42.8,28.3,9,0,0,0.5,0,1,0,64.7,3.7,0
C2795,26,Standard,46,896.43,50.5,-23.8,4,0,0,8.6,0,0,1,70.5,3.6,0
C2796,68,Basic,2,513.16,36.6,52.0,8,1,0,2.3,1,0,0,78.1,3.0,0
C2797,65,Basic,72,446.47,44.2,8.9,4,5,3,2.6,1,1,0,78.2,5.0,0
C2798,25,Basic,39,476.86,52.2,-43.0,6,2,0,1.6,0,1,0,91.7,3.3,0
C2799,67,Premium,23,1518.15,52.0,-26.1,8,1,0,8.8,2,0,0,47.0,3.5,1
C2800,40,Premium,55,1510.73,36.0,30.5,4,1,0,0.7,0,0,0,42.0,3.1,0
C2801,46,Basic,25,480.58,32.7,26.1,5,1,1,1.7,0,0,0,52.8,2.9,0
C2802,35,Premium,4,1508.48,25.7,-4.5,15,1,0,1.7,1,0,0,85.0,2.1,0
C2803,48,Premium,11,1494.91,69.0,-1.3,7,0,0,2.4,4,1,1,97.9,4.1,0
C2804,47,Premium,1,1460.18,28.8,-34.1,8,4,3,12.2,0,1,0,71.5,3.1,1
C2805,69,Basic,9,547.02,48.6,28.0,8,2,0,0.8,4,1,0,77.5,4.5,0
C2806,56,Standard,27,907.3,41.1,-29.7,3,1,1,3.5,0,1,0,72.4,1.8,1
C2807,52,Enterprise,9,2925.32,44.7,16.1,6,1,0,2.9,9,0,0,75.5,4.0,0
C2808,35,Standard,8,919.87,35.6,28.8,5,0,0,1.1,0,0,0,82.1,3.3,0
C2809,59,Basic,18,474.38,49.8,-3.8,6,1,0,1.9,0,1,1,74.1,3.0,0
C2810,56,Standard,41,887.42,49.5,19.2,6,1,1,1.9,1,0,0,56.9,5.0,0
C2811,34,Standard,1,899.33,62.9,41.2,7,1,1,0.9,4,0,1,60.2,2.2,0
C2812,31,Standard,9,867.28,53.9,1.7,10,2,2,2.3,6,2,0,58.1,3.5,0
C2813,48,Basic,3,571.12,45.0,-9.4,5,0,0,0.7,3,0,0,78.4,4.1,0
C2814,41,Basic,23,439.27,43.9,-6.7,8,1,0,0.8,5,0,0,31.0,3.7,1
C2815,52,Premium,2,1501.27,47.7,-23.6,6,1,0,6.6,8,0,0,66.9,3.8,0
C2816,61,Premium,21,1514.25,55.2,-24.1,10,3,1,9.5,3,1,0,76.5,3.6,1
C2817,62,Basic,6,500.65,34.1,6.1,10,2,1,1.7,1,1,0,83.1,2.9,0
C2818,51,Enterprise,4,2991.36,36.7,-9.1,10,0,0,0.5,0,0,0,96.9,2.6,0
C2819,20,Basic,55,483.92,28.6,3.2,12,1,0,7.7,3,1,1,60.5,1.6,0
C2820,54,Standard,1,866.87,42.0,-42.2,8,2,0,5.5,7,0,3,55.6,4.4,1
C2821,60,Premium,11,1466.16,31.2,-7.3,2,1,0,1.9,0,0,0,94.6,3.4,0
C2822,57,Premium,1,1545.34,44.8,20.8,8,0,0,3.4,30,0,2,33.7,3.3,1
C2823,43,Enterprise,13,2981.33,61.2,-33.0,13,1,0,8.6,0,0,0,72.2,3.7,1
C2824,72,Basic,13,584.29,37.2,-4.6,8,0,0,15.4,0,0,1,93.0,3.5,0
C2825,40,Premium,7,1525.76,56.9,-51.4,5,0,0,2.2,4,0,0,97.6,3.8,0
C2826,61,Basic,2,392.29,52.2,-37.6,14,0,0,2.2,1,0,1,55.9,4.7,0
C2827,56,Premium,9,1534.33,41.1,15.2,7,1,0,7.2,4,0,0,68.7,1.9,0
C2828,32,Premium,22,1496.87,53.6,-12.7,8,0,0,4.8,0,1,1,98.0,5.0,0
C2829,73,Standard,30,843.4,49.4,40.6,11,1,1,5.6,0,0,1,34.7,3.6,0
C2830,66,Basic,15,551.17,24.6,5.8,5,2,0,3.4,2,0,0,94.0,4.7,0
C2831,21,Premium,17,1481.56,63.2,8.3,7,1,0,1.6,11,0,0,12.5,4.5,0
C2832,46,Basic,4,478.16,51.3,-31.9,5,2,0,0.7,1,1,0,77.8,4.5,1
C2833,39,Basic,6,514.01,50.9,-14.6,7,2,0,10.7,0,1,0,43.3,5.0,0
C2834,42,Premium,3,1544.71,33.7,-23.3,3,1,1,0.6,5,0,1,78.4,3.8,1
C2835,30,Standard,5,903.54,44.8,-31.6,10,3,3,2.1,10,0,1,43.9,5.0,1
C2836,35,Premium,5,1500.67,65.4,11.6,10,2,0,2.3,1,0,0,56.4,3.4,0
C2837,50,Standard,14,871.13,43.8,16.6,5,0,0,7.7,2,0,0,50.0,3.5,0
C2838,33,Basic,16,544.03,35.2,5.0,9,2,2,4.3,12,0,2,82.7,3.2,0
C2839,62,Premium,57,1503.92,48.7,-25.7,8,3,0,1.0,5,1,1,80.2,4.5,0
C2840,59,Standard,4,889.98,46.3,3.3,6,0,0,0.8,4,2,0,98.0,3.4,0
C2841,61,Basic,20,485.02,44.7,-52.8,5,0,0,10.3,0,1,1,31.3,2.7,1
C2842,19,Premium,33,1540.07,45.6,28.1,4,1,0,0.5,3,0,0,49.9,5.0,0
C2843,72,Standard,16,888.51,45.5,-37.5,5,0,0,7.9,7,2,0,71.3,4.0,0
C2844,52,Standard,5,940.18,59.7,-33.0,7,1,1,0.9,5,0,2,98.0,4.0,0
C2845,59,Standard,6,880.14,40.0,-2.1,3,1,0,0.5,0,0,0,56.4,3.3,0
C2846,51,Premium,1,1527.89,59.5,0.1,3,0,0,1.2,4,3,2,92.0,3.7,0
C2847,47,Premium,7,1507.28,33.0,-6.8,10,2,2,2.8,6,0,0,92.4,3.5,0
C2848,72,Premium,27,1460.97,52.2,-32.8,8,0,0,6.9,1,1,0,72.9,4.3,0
C2849,30,Basic,1,495.52,51.3,23.3,4,2,0,4.0,5,0,2,69.5,4.5,0
C2850,30,Premium,4,1411.38,37.6,-47.1,11,3,1,5.2,4,0,1,54.2,3.5,0
C2851,35,Standard,24,869.24,37.6,-42.1,4,4,3,8.6,1,0,0,36.4,2.8,1
C2852,49,Standard,30,835.89,55.0,-7.7,10,1,0,0.5,5,0,0,65.1,5.0,0
C2853,49,Standard,12,978.9,40.9,-36.6,8,1,0,3.7,4,3,0,51.8,5.0,1
C2854,52,Premium,23,1436.36,54.8,25.6,7,0,0,1.7,1,1,1,64.6,1.6,1
C2855,56,Premium,9,1602.43,47.8,-34.5,9,1,0,3.3,3,0,0,49.9,3.4,1
C2856,63,Basic,3,519.57,39.5,33.9,6,0,0,0.5,2,1,0,71.4,3.2,0
C2857,69,Standard,10,878.25,53.5,20.9,3,0,0,0.6,0,2,0,47.2,4.0,0
C2858,46,Premium,17,1531.25,67.0,25.9,2,1,1,4.4,4,0,0,79.7,4.6,0
C2859,66,Basic,59,473.22,64.6,42.2,3,3,3,7.5,0,0,0,54.0,5.0,0
C2860,46,Enterprise,1,2942.62,38.9,-3.0,7,2,1,2.4,1,0,0,65.7,2.2,1
C2861,70,Standard,14,902.16,27.2,-30.3,10,1,0,0.8,12,0,0,53.8,4.8,0
C2862,61,Standard,7,927.0,60.3,-7.6,11,0,0,4.7,1,1,0,71.0,3.6,0
C2863,74,Basic,14,550.14,52.5,-19.2,3,1,0,0.5,1,0,1,43.7,5.0,0
C2864,33,Basic,1,518.91,47.4,-22.7,5,0,0,4.6,12,1,0,67.9,4.1,0
C2865,73,Enterprise,7,2977.83,43.5,-1.2,5,0,0,5.8,5,1,0,77.2,4.1,0
C2866,61,Basic,34,554.45,61.2,-12.8,6,0,0,0.5,4,0,0,85.2,3.4,0
C2867,64,Premium,16,1545.52,45.7,-23.8,4,0,0,1.8,6,0,1,66.7,5.0,0
C2868,74,Standard,11,909.76,45.7,-11.1,4,1,0,0.5,0,0,0,76.4,3.1,0
C2869,27,Basic,6,547.43,47.1,8.7,7,3,3,6.0,8,2,0,93.3,3.8,0
C2870,47,Basic,7,586.39,51.0,18.9,8,2,0,6.0,1,0,0,49.4,4.7,0
C2871,42,Standard,9,877.26,68.3,-45.1,9,1,0,8.9,0,0,0,36.1,3.6,0
C2872,56,Enterprise,36,2963.01,43.8,-12.6,11,2,2,0.5,7,3,0,95.0,4.7,0
C2873,37,Standard,68,876.09,22.4,-8.5,8,0,0,4.5,1,0,0,44.8,1.3,0
C2874,22,Standard,11,845.01,81.8,-34.6,6,2,0,7.7,1,1,0,60.4,3.3,1
C2875,18,Basic,9,522.65,47.0,-8.0,3,1,0,2.0,6,0,1,43.2,4.3,0
C2876,47,Standard,37,834.6,43.3,-1.3,5,4,3,1.4,0,0,0,63.6,3.0,1
C2877,66,Standard,11,949.6,55.7,8.0,7,0,0,4.4,0,1,1,59.1,5.0,0
C2878,20,Premium,16,1472.11,79.7,-3.1,7,1,1,1.8,6,2,0,59.4,4.0,0
C2879,62,Standard,5,953.35,36.6,-27.0,7,1,0,2.1,2,1,1,31.3,3.6,0
C2880,31,Standard,27,796.72,35.7,45.3,10,4,0,4.5,7,0,2,11.5,4.1,0
C2881,73,Basic,15,483.59,35.8,15.7,4,1,0,2.1,6,0,0,68.3,2.9,1
C2882,47,Enterprise,33,2947.28,55.3,8.8,9,1,1,6.1,3,1,0,55.4,4.6,0
C2883,67,Basic,30,553.13,48.1,20.1,14,1,0,4.3,5,0,1,62.5,2.9,0
C2884,21,Basic,4,566.16,69.5,1.1,10,1,1,10.3,0,0,0,42.7,4.9,0
C2885,35,Standard,25,805.24,27.2,27.2,11,2,0,2.7,0,0,1,54.7,4.2,0
C2886,54,Standard,32,933.63,59.0,-3.6,1,2,0,3.8,7,0,0,67.5,4.3,0
C2887,42,Standard,8,941.75,42.1,-5.0,7,1,0,0.5,1,0,3,79.8,2.8,0
C2888,65,Standard,3,912.03,39.0,10.9,8,1,0,5.2,0,0,0,67.0,1.5,1
C2889,18,Premium,1,1522.53,38.3,34.4,6,2,2,3.4,12,0,0,67.8,3.1,0
C2890,70,Basic,11,519.64,38.4,32.8,9,1,1,2.3,4,0,0,89.0,2.6,0
C2891,63,Premium,8,1533.78,29.7,9.8,9,0,0,12.5,7,0,2,71.8,2.7,0
C2892,32,Standard,16,855.3,40.3,7.9,7,0,0,1.8,9,0,0,53.6,3.7,0
C2893,26,Standard,4,947.02,57.1,12.4,2,2,1,0.5,3,1,0,89.2,5.0,0
C2894,32,Standard,39,907.37,46.0,19.6,6,1,1,1.1,2,1,0,86.5,5.0,0
C2895,66,Basic,5,504.97,44.7,27.5,13,2,1,8.5,0,0,0,64.4,2.1,0
C2896,74,Premium,5,1521.66,33.1,-10.9,4,0,0,0.8,0,0,0,45.3,3.9,0
C2897,41,Standard,13,848.17,34.4,28.0,10,2,0,11.8,2,0,0,56.6,5.0,0
C2898,21,Basic,13,436.86,52.7,3.6,10,2,1,4.0,0,1,1,98.0,3.4,0
C2899,29,Standard,4,894.16,43.1,11.3,10,0,0,0.8,6,2,2,90.7,4.4,0
C2900,54,Enterprise,6,3060.74,66.5,29.5,14,0,0,0.5,3,0,1,98.0,4.8,0
C2901,54,Standard,3,851.58,32.0,13.7,5,0,0,2.2,10,1,0,44.5,2.4,1
C2902,60,Enterprise,25,3006.01,71.7,17.9,10,1,1,2.4,3,1,0,60.7,2.9,0
C2903,23,Basic,29,470.33,32.8,-14.7,5,0,0,1.5,14,0,1,74.1,3.4,0
C2904,56,Basic,12,464.96,48.7,32.5,4,2,2,0.5,1,0,1,85.1,4.9,0
C2905,73,Basic,25,519.03,24.3,12.4,6,4,2,9.1,1,0,0,56.2,4.7,0
C2906,63,Standard,26,929.38,44.1,-1.8,10,1,0,3.2,2,1,1,67.8,3.1,0
C2907,41,Basic,2,467.5,36.0,22.5,7,4,2,2.3,1,1,0,51.0,4.9,1
C2908,28,Basic,67,554.49,43.5,59.7,3,1,1,1.5,6,0,0,77.5,4.8,0
C2909,30,Enterprise,34,3015.9,43.3,-34.2,2,0,0,4.0,3,0,0,85.5,4.0,1
C2910,51,Premium,4,1489.33,33.1,-25.1,6,1,1,2.6,2,0,0,85.7,4.7,0
C2911,42,Premium,4,1512.9,33.9,62.1,0,3,1,6.6,2,1,0,66.3,4.8,0
C2912,24,Basic,2,580.45,51.6,5.7,7,1,1,2.8,6,1,0,49.1,3.4,0
C2913,69,Basic,2,529.14,43.9,-0.2,6,1,0,2.6,1,0,1,82.2,3.1,0
C2914,21,Basic,27,471.05,40.1,-7.9,6,0,0,0.8,1,0,1,78.0,4.2,0
C2915,25,Premium,12,1498.25,43.4,25.2,7,0,0,0.5,10,1,0,58.4,4.4,0
C2916,37,Enterprise,30,3004.25,42.9,60.3,5,1,1,0.8,2,0,0,63.8,4.8,0
C2917,46,Standard,27,925.61,33.6,-21.6,14,2,0,0.6,21,0,0,46.1,5.0,1
C2918,71,Basic,18,508.58,24.0,-7.4,6,1,0,4.5,2,0,0,85.4,4.7,0
C2919,70,Standard,23,974.81,24.0,-13.8,9,2,2,1.0,2,0,2,78.0,4.4,0
C2920,68,Basic,1,489.93,36.7,13.3,10,2,0,3.9,3,0,0,53.5,2.4,0
C2921,62,Standard,7,829.8,60.7,25.6,5,2,2,3.0,7,0,1,62.1,3.2,0
C2922,63,Standard,20,907.58,58.9,35.5,5,0,0,1.0,5,1,0,22.5,3.6,0
C2923,27,Premium,1,1481.35,57.0,14.2,6,1,0,3.3,5,0,0,79.1,3.4,0
C2924,60,Basic,1,438.84,51.8,58.0,8,3,2,4.2,15,0,1,61.0,4.7,0
C2925,51,Basic,38,470.86,74.0,-19.4,11,0,0,0.5,6,0,2,30.8,2.4,1
C2926,74,Enterprise,23,2984.66,51.6,-25.9,12,1,0,2.9,2,0,1,44.8,4.6,0
C2927,43,Basic,6,544.59,44.7,31.7,7,0,0,5.2,4,1,0,59.8,2.5,0
C2928,58,Basic,23,439.67,28.1,-1.9,4,0,0,0.5,7,1,0,39.1,3.1,1
C2929,66,Basic,31,512.99,47.1,-39.4,6,1,0,1.7,0,1,1,98.0,3.3,1
C2930,20,Basic,7,587.82,39.6,-12.9,6,1,0,1.2,1,0,1,64.2,2.7,0
C2931,73,Standard,1,892.01,43.6,1.4,7,2,0,3.6,3,1,0,48.8,3.3,0
C2932,23,Premium,53,1490.83,58.6,-21.2,7,1,1,5.0,1,0,1,79.1,2.9,0
C2933,22,Basic,8,527.79,53.3,-30.4,9,1,1,11.7,0,1,0,67.8,2.8,0
C2934,22,Standard,2,919.89,51.0,-10.2,6,2,1,2.4,11,2,0,74.6,4.9,1
C2935,71,Standard,13,955.7,40.5,-31.6,10,1,1,4.4,3,0,0,69.3,3.3,0
C2936,64,Standard,29,892.32,48.9,10.9,11,1,1,2.6,4,0,1,58.6,3.8,0
C2937,40,Premium,5,1527.09,81.0,-53.6,7,0,0,1.6,5,0,0,84.1,3.5,0
C2938,66,Premium,6,1527.72,59.9,-2.7,4,1,1,0.8,0,1,0,84.9,3.3,0
C2939,26,Basic,5,485.58,38.3,8.0,8,0,0,7.7,0,0,0,75.8,3.8,0
C2940,52,Premium,72,1494.44,44.9,-7.3,9,0,0,3.1,9,0,1,86.9,3.7,0
C2941,37,Standard,4,898.55,47.7,22.3,10,1,0,3.6,6,1,0,69.0,1.8,0
C2942,66,Enterprise,17,2949.49,42.9,-39.3,6,1,1,3.4,0,0,0,90.0,5.0,0
C2943,59,Standard,51,883.45,74.0,-22.5,6,2,1,0.9,6,0,0,74.9,3.3,1
C2944,52,Enterprise,3,3058.85,44.1,-13.3,6,0,0,1.4,9,0,0,46.9,5.0,0
C2945,67,Premium,70,1540.51,47.7,12.8,7,1,0,6.5,0,1,0,64.0,3.1,0
C2946,35,Basic,58,475.8,57.6,0.5,10,1,0,2.1,0,0,0,54.0,2.7,0
C2947,34,Standard,43,898.37,43.2,48.6,6,0,0,0.5,7,0,0,71.8,4.1,0
C2948,41,Enterprise,4,3037.86,32.3,-25.1,7,2,1,2.0,3,1,1,64.7,3.9,0
C2949,20,Premium,20,1516.74,36.6,-39.9,6,2,2,0.9,18,0,2,67.9,4.3,1
C2950,49,Basic,28,531.0,36.5,39.7,7,2,1,6.9,4,0,0,41.3,3.9,0
C2951,52,Premium,72,1520.37,43.6,-40.8,10,2,0,2.5,2,1,0,70.2,3.4,0
C2952,55,Basic,3,507.62,46.4,12.1,7,3,2,18.0,1,0,1,75.6,3.3,0
C2953,30,Basic,29,492.36,29.8,-29.5,6,1,0,0.5,4,1,0,91.7,3.7,0
C2954,73,Standard,8,851.2,64.1,-56.7,4,3,1,2.8,0,0,1,88.4,5.0,0
C2955,64,Basic,3,526.69,43.5,-14.4,5,1,1,0.5,2,0,1,98.0,2.5,1
C2956,42,Premium,10,1490.13,49.0,17.5,9,0,0,1.2,1,1,1,35.7,2.6,1
C2957,26,Basic,31,433.08,40.2,-35.5,9,0,0,0.9,3,0,0,56.2,4.6,0
C2958,21,Premium,12,1477.17,48.3,9.4,10,2,1,1.2,1,0,2,59.4,3.3,0
C2959,31,Basic,15,533.09,41.9,14.1,7,3,0,13.8,0,0,0,72.4,3.2,0
C2960,54,Basic,72,422.35,40.8,-36.8,1,1,0,1.1,0,1,0,89.6,3.6,0
C2961,51,Basic,10,457.82,29.2,-10.7,6,3,2,0.6,1,1,0,45.3,3.8,1
C2962,28,Basic,19,504.49,68.8,34.4,7,0,0,10.6,7,0,0,58.6,2.7,0
C2963,58,Basic,9,555.23,49.7,11.3,6,1,0,3.4,2,1,0,66.2,3.8,0
C2964,73,Basic,9,539.0,36.2,-11.5,11,3,1,1.2,8,0,0,69.3,3.7,0
C2965,20,Standard,23,959.07,33.3,5.4,9,0,0,3.8,5,0,2,77.9,4.1,0
C2966,45,Basic,55,507.31,37.8,-22.1,4,5,0,5.4,5,0,0,57.5,4.5,0
C2967,46,Standard,15,890.63,36.0,22.8,7,1,0,0.5,5,0,0,62.4,2.8,0
C2968,26,Standard,29,932.73,24.9,22.8,10,2,1,0.9,2,0,1,61.3,3.1,0
C2969,20,Premium,1,1463.03,60.6,-2.0,10,2,2,3.0,1,0,0,76.7,5.0,0
C2970,42,Enterprise,4,2959.9,55.0,0.8,3,2,0,2.5,0,0,1,59.8,2.4,1
C2971,51,Standard,13,852.8,41.7,-30.0,0,1,1,1.9,2,1,0,55.8,4.2,1
C2972,29,Basic,1,542.56,52.5,-38.8,6,2,2,0.5,1,0,1,37.3,3.5,1
C2973,59,Basic,5,465.62,53.3,-14.4,6,2,2,10.6,4,0,0,88.9,1.9,1
C2974,26,Enterprise,14,3039.02,39.4,-7.2,10,2,0,4.4,1,0,0,75.2,3.5,0
C2975,32,Basic,1,504.94,61.0,21.6,11,0,0,18.7,0,0,0,87.6,3.4,0
C2976,57,Basic,6,543.07,33.9,18.1,1,1,0,7.3,1,0,0,85.3,2.1,0
C2977,42,Basic,14,454.78,32.7,-0.4,9,1,0,3.0,8,0,0,74.9,2.8,0
C2978,22,Basic,17,473.98,58.6,24.8,10,2,1,1.5,4,1,1,92.6,4.0,0
C2979,28,Basic,52,517.16,47.5,-28.6,2,0,0,0.6,1,0,1,88.2,3.4,0
C2980,51,Premium,20,1481.76,35.8,21.9,9,1,0,0.8,0,0,1,65.5,4.7,0
C2981,41,Basic,10,399.27,44.1,-24.8,12,1,0,7.1,3,0,0,61.6,5.0,0
C2982,32,Standard,53,844.11,43.1,26.0,7,1,1,6.9,10,0,1,97.9,3.5,0
C2983,55,Basic,30,454.47,41.8,-5.3,10,2,2,6.9,3,0,0,59.6,3.1,0
C2984,25,Basic,4,457.43,35.8,-55.0,7,2,0,6.9,8,0,2,70.9,4.1,1
C2985,22,Enterprise,2,3026.27,35.7,13.3,10,2,2,0.7,4,0,1,50.1,3.6,0
C2986,65,Basic,22,512.48,55.8,15.2,5,3,3,6.7,0,0,1,49.0,3.7,1
C2987,43,Premium,16,1505.49,40.8,-16.4,4,2,0,0.5,4,0,0,62.0,4.5,0
C2988,35,Standard,31,979.35,56.9,-14.3,8,0,0,1.9,3,0,0,58.4,4.7,0
C2989,23,Basic,26,546.01,28.1,-9.0,3,1,1,17.2,1,0,0,76.5,4.7,0
C2990,54,Enterprise,19,3031.07,53.6,-53.1,7,2,2,4.2,12,0,0,36.4,3.2,1
C2991,65,Basic,72,439.19,33.3,-64.1,10,1,1,3.6,1,0,0,84.8,4.2,0
C2992,30,Premium,15,1501.38,68.9,27.5,7,2,0,0.9,0,2,1,98.0,1.8,1
C2993,45,Basic,2,510.95,50.9,-25.6,9,2,2,4.7,1,0,1,57.6,4.8,1
C2994,22,Premium,35,1482.39,34.1,41.4,8,1,0,2.8,2,0,1,67.1,2.7,0
C2995,30,Basic,5,567.26,53.5,29.3,6,3,3,2.3,8,0,0,69.5,4.3,0
C2996,34,Standard,30,901.05,31.6,34.2,6,2,1,0.9,0,0,1,67.0,4.5,0
C2997,67,Premium,62,1449.87,42.1,-21.3,4,0,0,0.5,6,0,0,39.9,3.7,0
C2998,57,Enterprise,23,2959.1,25.4,-45.2,11,2,2,0.9,1,0,0,80.0,4.3,0
C2999,62,Enterprise,18,3090.29,29.1,-32.2,6,0,0,2.5,3,0,0,84.1,4.0,0
C3000,49,Premium,12,1482.2,38.2,-16.2,3,1,0,11.7,1,2,1,51.3,3.6,1
C3001,46,Premium,9,1415.86,56.3,-64.3,6,0,0,1.0,1,0,1,60.0,3.8,0
C3002,68,Basic,8,475.03,29.1,-16.9,10,0,0,4.0,2,0,0,49.7,4.0,0
C3003,20,Basic,20,425.94,56.1,-10.0,7,0,0,0.7,1,0,0,55.4,3.3,0
C3004,73,Basic,27,535.69,27.2,-37.4,4,1,0,1.8,1,0,1,55.0,3.0,1
C3005,57,Standard,22,820.81,56.0,-31.0,4,3,3,1.1,0,1,0,47.6,2.8,1
C3006,51,Standard,4,842.91,39.1,-10.5,7,1,0,1.5,0,2,1,36.9,3.6,1
C3007,57,Standard,13,899.16,35.2,3.9,8,2,1,0.9,1,0,1,54.3,5.0,0
C3008,44,Basic,31,543.38,62.5,-27.3,2,2,1,12.7,3,1,0,56.0,3.0,0
C3009,30,Standard,12,896.22,95.3,2.3,6,2,1,1.4,1,1,0,71.5,5.0,0
C3010,62,Basic,15,448.69,42.2,-1.6,5,0,0,7.2,5,0,0,49.9,3.9,0
C3011,50,Basic,29,506.3,49.3,-3.8,5,0,0,1.4,6,0,2,61.9,2.7,0
C3012,23,Standard,21,880.29,38.7,-21.3,8,0,0,2.5,0,1,1,63.5,2.6,0
C3013,41,Premium,10,1544.31,59.3,-38.3,8,2,0,8.6,14,0,1,35.4,5.0,1
C3014,36,Premium,45,1533.19,50.1,37.4,8,1,1,0.9,1,0,1,72.9,4.4,0
C3015,33,Standard,3,877.51,51.4,10.8,4,1,0,2.2,0,1,0,80.8,3.0,1
C3016,57,Basic,72,530.19,43.4,20.1,4,3,3,10.4,2,0,0,34.8,2.7,0
C3017,45,Standard,2,909.85,48.2,-7.1,7,0,0,6.7,0,1,1,53.2,4.2,0
C3018,50,Basic,1,553.67,43.4,-9.1,6,0,0,2.7,6,0,0,71.0,3.3,0
C3019,65,Standard,44,928.49,42.7,7.3,1,0,0,1.0,0,1,1,68.5,2.8,0
C3020,58,Standard,5,920.88,55.8,-50.9,6,1,0,2.8,2,0,0,33.8,4.3,1
C3021,30,Basic,26,552.12,50.5,-32.9,9,1,0,6.3,0,0,0,70.7,3.8,0
C3022,60,Basic,33,499.62,38.4,-24.9,11,1,1,4.0,9,0,1,91.9,2.7,0
C3023,62,Enterprise,39,2968.08,55.8,-16.4,10,3,2,2.5,1,0,0,70.6,3.5,0
C3024,42,Enterprise,72,3007.03,49.4,-27.0,5,1,1,1.0,3,1,1,52.4,4.7,0
C3025,70,Standard,6,884.78,49.0,3.3,6,0,0,3.5,5,0,1,61.2,2.7,0
C3026,59,Basic,24,523.17,42.9,-3.0,7,2,0,1.2,0,1,0,56.4,4.3,0
C3027,53,Basic,2,501.48,32.2,29.8,7,1,1,0.5,1,1,0,98.0,3.4,0
C3028,44,Standard,10,915.12,54.6,56.8,7,2,1,1.7,1,0,0,72.4,3.8,0
C3029,55,Enterprise,37,2950.84,61.2,-36.6,6,1,0,0.8,3,2,1,51.2,3.5,1
C3030,24,Basic,9,519.33,35.9,-1.3,4,1,1,7.8,5,0,2,54.8,4.1,0
C3031,22,Premium,17,1447.59,39.4,-1.4,13,2,2,0.5,0,1,0,54.6,3.0,0
C3032,60,Basic,14,537.47,35.9,-5.4,7,3,2,1.4,2,0,2,92.4,4.6,0
C3033,62,Enterprise,20,3037.53,30.0,-32.1,10,0,0,0.8,0,0,1,72.5,3.3,0
C3034,74,Standard,72,912.92,66.6,-27.9,5,0,0,0.6,6,1,1,41.4,4.6,0
C3035,68,Premium,1,1511.4,39.2,1.0,8,0,0,2.4,6,1,0,93.8,4.0,0
C3036,48,Basic,17,490.05,55.5,-28.6,5,0,0,13.9,1,0,1,39.5,4.2,0
C3037,40,Standard,39,874.87,58.5,-1.0,5,1,1,1.7,1,0,2,40.8,3.2,0
C3038,59,Basic,13,498.4,33.7,-11.1,12,0,0,2.3,3,0,1,41.5,3.0,0
C3039,27,Basic,1,578.31,64.3,-1.5,9,1,0,3.5,23,1,1,46.1,3.1,1
C3040,49,Enterprise,16,3008.17,40.3,-28.8,8,0,0,4.1,15,0,0,96.3,3.3,0
C3041,60,Enterprise,8,2945.17,53.8,-1.1,8,2,0,2.1,1,0,1,98.0,4.3,0
C3042,70,Premium,3,1430.67,58.7,-27.0,5,0,0,0.5,7,0,0,52.3,3.8,0
C3043,47,Standard,37,841.48,39.0,-1.0,9,1,1,6.4,1,0,0,84.0,5.0,0
C3044,56,Premium,14,1483.9,33.4,28.5,4,1,1,2.8,2,0,0,70.0,2.4,0
C3045,48,Basic,54,549.63,36.8,1.5,8,2,1,2.2,0,0,0,52.4,4.0,0
C3046,35,Basic,32,458.06,55.3,3.0,7,4,2,6.4,11,0,1,72.4,2.8,0
C3047,53,Basic,23,555.87,68.6,15.4,3,1,0,3.2,5,1,1,56.0,3.5,0
C3048,19,Standard,1,906.18,42.1,-40.1,6,0,0,0.8,8,0,1,79.6,3.5,0
C3049,31,Standard,11,918.34,39.6,38.0,7,1,1,1.9,3,1,1,85.3,4.4,0
C3050,30,Basic,4,517.24,82.0,-31.4,6,2,2,4.1,0,0,0,48.1,2.5,0
C3051,46,Standard,48,922.63,52.2,17.0,6,1,1,14.9,2,1,0,63.8,3.9,0
C3052,29,Premium,3,1482.55,31.4,13.7,10,1,1,3.3,1,1,0,70.8,3.7,0
C3053,56,Standard,6,805.62,35.4,-27.6,6,1,0,0.8,2,0,0,74.5,3.8,0
C3054,19,Basic,14,475.47,28.9,20.2,7,1,1,0.5,0,1,0,58.4,3.2,0
C3055,49,Basic,6,463.48,47.5,7.4,8,0,0,1.3,2,1,0,67.8,2.8,0
C3056,30,Basic,4,511.42,43.3,42.2,10,0,0,2.0,0,2,1,86.8,2.5,0
C3057,63,Basic,18,507.77,40.9,-0.2,8,1,0,3.4,0,3,0,48.8,3.6,0
C3058,44,Standard,1,888.1,31.1,-7.7,2,1,1,0.8,8,0,0,45.2,3.0,1
C3059,66,Standard,1,969.22,35.7,-17.9,9,1,1,0.5,1,3,0,71.8,4.6,1
C3060,58,Standard,9,873.37,43.4,-48.6,6,1,0,0.9,2,0,0,64.8,4.8,0
C3061,34,Standard,25,809.97,43.7,-13.0,9,2,1,2.7,1,0,0,59.8,3.7,0
C3062,57,Premium,16,1503.78,52.2,-11.9,6,1,1,0.5,3,1,0,50.1,4.6,0
C3063,48,Basic,10,546.57,26.7,1.6,6,1,1,0.6,0,1,0,67.1,2.3,1
C3064,51,Standard,16,910.49,54.7,-40.6,5,1,0,7.9,11,1,3,54.6,2.1,1
C3065,41,Premium,9,1484.73,36.9,-11.0,6,2,1,0.5,3,0,0,67.0,3.4,0
C3066,62,Basic,55,508.62,47.7,9.4,5,4,3,4.2,1,0,0,98.0,5.0,0
C3067,52,Basic,1,572.56,64.5,11.9,12,1,1,0.5,7,0,0,63.3,2.8,0
C3068,65,Premium,22,1463.99,42.6,-51.5,8,0,0,3.1,2,0,1,60.7,4.1,0
C3069,23,Basic,44,500.23,63.2,12.7,7,2,0,6.1,0,1,0,54.5,4.5,0
C3070,36,Standard,32,925.8,78.7,-11.2,10,1,0,2.7,9,1,0,13.9,2.8,1
C3071,47,Basic,4,509.16,44.5,-9.6,1,2,1,1.0,1,1,2,86.6,5.0,1
C3072,24,Standard,7,889.09,74.4,-64.1,11,0,0,0.5,3,0,0,53.6,3.3,1
C3073,27,Basic,25,481.95,35.5,32.3,5,0,0,0.5,11,0,2,88.9,4.7,0
C3074,58,Basic,1,487.59,48.3,-0.6,6,2,1,6.0,1,0,1,74.1,3.6,0
C3075,49,Standard,33,920.28,40.8,-43.3,9,0,0,3.5,0,0,1,98.0,4.8,0
C3076,51,Basic,25,517.95,45.1,4.4,10,0,0,2.1,8,0,1,74.0,4.1,0
C3077,45,Standard,26,982.79,41.2,3.6,6,4,3,2.5,2,0,1,42.2,3.5,1
C3078,32,Basic,2,437.53,26.2,25.6,11,2,0,2.6,4,0,0,24.7,4.5,0
C3079,47,Basic,25,569.32,47.4,-12.7,6,1,1,1.6,0,1,0,67.2,5.0,0
C3080,54,Basic,22,490.82,37.9,-4.7,12,2,0,6.2,4,1,1,58.6,3.2,0
C3081,46,Basic,35,495.38,55.5,-21.1,2,3,3,17.7,3,1,0,60.3,3.9,1
C3082,39,Enterprise,1,3033.35,60.4,9.9,10,1,0,2.5,1,1,0,50.7,3.3,0
C3083,21,Basic,1,533.1,35.3,-24.6,5,0,0,2.4,7,1,2,96.4,5.0,0
C3084,37,Standard,9,945.26,30.6,-27.3,4,4,0,9.1,2,0,0,61.3,3.6,0
C3085,49,Basic,3,553.99,35.4,-6.7,7,2,2,3.8,2,0,0,78.1,4.7,1
C3086,53,Basic,16,497.41,33.5,-35.6,2,1,0,3.6,0,0,0,80.9,4.4,0
C3087,67,Enterprise,49,3054.51,36.9,35.1,8,0,0,0.5,1,0,0,66.0,3.1,0
C3088,21,Basic,9,473.83,42.4,43.2,5,0,0,2.4,1,0,0,69.6,2.8,0
C3089,44,Enterprise,37,2986.79,54.2,-16.3,7,1,1,3.2,2,0,2,51.3,3.1,1
C3090,34,Basic,1,491.72,62.5,-39.7,8,0,0,6.0,2,0,1,58.0,4.6,0
C3091,29,Premium,3,1477.93,57.1,3.4,3,2,0,4.6,18,0,1,69.7,4.5,0
C3092,39,Standard,1,901.39,70.7,-17.1,3,3,3,16.3,3,0,1,51.2,4.5,1
C3093,34,Premium,7,1534.86,31.7,24.4,7,4,0,0.5,2,1,1,83.4,3.5,0
C3094,27,Standard,47,925.05,43.0,-24.7,8,0,0,2.8,4,1,0,56.6,5.0,0
C3095,71,Standard,2,874.47,35.4,8.6,4,2,2,0.5,5,0,2,74.7,3.8,0
C3096,18,Basic,18,471.18,56.2,-2.2,4,0,0,5.7,15,0,0,88.8,2.5,0
C3097,39,Basic,12,464.79,46.5,-21.9,7,3,3,3.0,25,0,0,47.7,4.4,1
C3098,43,Enterprise,55,3002.55,36.0,1.0,11,1,0,1.1,7,2,0,63.5,3.4,0
C3099,73,Basic,2,435.77,54.2,17.0,8,2,1,2.0,0,0,0,39.7,4.6,0
C3100,35,Standard,4,863.38,56.0,-2.8,4,5,1,9.4,0,0,2,66.2,4.6,0
C3101,67,Premium,1,1480.65,40.9,-2.6,9,3,0,5.3,1,1,2,55.4,3.6,0
C3102,31,Basic,11,541.21,51.4,-26.8,6,1,0,2.7,8,1,0,63.9,2.1,1
C3103,64,Enterprise,6,2993.71,44.5,23.6,4,3,2,5.7,5,0,0,98.0,3.0,0
C3104,46,Premium,40,1539.23,40.6,21.1,9,2,1,0.5,3,0,1,55.0,5.0,0
C3105,29,Standard,18,906.5,40.9,-15.3,4,1,1,8.0,0,1,0,85.1,4.2,0
C3106,53,Premium,19,1480.03,37.4,-8.1,4,1,0,4.9,14,0,0,55.4,5.0,0
C3107,52,Basic,15,481.67,46.6,30.4,6,0,0,5.6,9,1,1,88.2,3.2,0
C3108,69,Basic,1,452.36,43.0,-33.3,6,0,0,2.7,9,0,0,60.6,3.9,1
C3109,29,Standard,11,995.13,50.5,10.1,7,2,2,4.2,2,0,0,80.4,3.5,0
C3110,24,Basic,72,543.42,22.8,-19.0,4,4,2,3.6,1,1,0,51.2,4.0,1
C3111,46,Premium,36,1523.15,51.0,39.5,7,2,2,5.9,4,0,0,72.6,3.6,0
C3112,28,Enterprise,44,2946.87,18.8,-3.4,12,1,0,4.3,4,0,1,71.4,3.6,0
C3113,50,Standard,34,880.93,50.8,26.5,6,1,0,2.4,10,0,0,74.8,4.0,0
C3114,23,Basic,2,459.99,45.0,-24.0,7,2,2,0.5,3,0,0,75.8,4.8,0
C3115,64,Enterprise,5,3004.1,25.0,-36.2,6,3,0,17.9,8,0,0,52.3,3.5,1
C3116,32,Standard,1,861.91,44.7,-10.9,11,1,1,1.5,1,0,1,71.0,4.3,0
C3117,49,Standard,7,872.19,51.9,1.6,7,2,1,5.0,0,0,1,40.8,4.6,1
C3118,68,Standard,2,862.95,44.5,-17.8,6,2,1,3.3,2,0,0,52.8,3.2,0
C3119,28,Enterprise,12,2989.41,43.1,14.0,8,1,1,13.3,0,0,2,79.6,3.7,0
C3120,40,Standard,22,901.86,39.4,-10.2,8,1,0,11.6,6,0,0,62.6,3.7,1
C3121,43,Premium,41,1490.47,46.7,-57.0,4,1,1,2.0,6,0,0,51.7,5.0,1
C3122,51,Premium,27,1560.32,49.5,8.8,7,1,0,6.7,6,0,1,68.7,2.7,0
C3123,63,Basic,55,531.44,42.1,-27.1,6,2,2,0.5,2,0,0,79.3,3.1,0
C3124,51,Standard,1,867.68,43.5,-14.0,3,2,0,0.8,8,0,0,56.8,4.2,1
C3125,46,Premium,1,1512.02,34.6,33.8,5,1,1,3.0,2,1,0,56.0,1.9,0
C3126,21,Standard,21,870.97,54.8,39.3,6,0,0,0.8,3,0,1,71.9,4.0,0
C3127,34,Premium,6,1483.2,35.0,-19.4,11,2,0,0.5,0,0,1,70.1,3.0,0
C3128,52,Enterprise,5,3018.17,47.1,9.4,10,0,0,0.8,0,0,0,48.4,3.7,0
C3129,30,Standard,8,925.63,43.3,-18.8,7,2,0,1.4,3,0,1,30.1,4.5,1
C3130,58,Premium,6,1475.5,35.3,-12.2,5,4,3,14.2,4,0,0,82.3,5.0,0
C3131,56,Premium,14,1454.81,57.8,-20.1,9,2,0,0.5,10,0,0,61.5,2.6,0
C3132,32,Premium,11,1502.51,27.2,-48.1,8,0,0,0.5,7,0,1,62.4,3.9,0
C3133,72,Standard,14,916.38,40.8,-2.6,9,0,0,0.5,5,0,0,71.4,3.4,0
C3134,46,Basic,22,473.47,45.1,2.2,6,1,0,1.0,4,0,1,54.7,3.3,0
C3135,46,Standard,9,931.66,65.1,-21.8,6,3,0,0.5,2,0,1,67.5,3.3,0
C3136,28,Standard,5,924.57,51.3,22.2,7,0,0,0.5,2,1,1,81.3,4.9,0
C3137,69,Standard,3,872.89,30.0,-15.9,6,0,0,2.1,6,0,0,68.4,2.5,0
C3138,49,Premium,8,1544.21,28.1,-20.9,6,0,0,5.7,0,0,1,66.0,2.6,0
C3139,19,Standard,27,945.43,61.7,8.2,6,3,2,0.5,5,1,2,49.3,3.8,1
C3140,64,Standard,28,981.71,61.0,-43.6,4,3,3,0.5,3,1,0,63.9,3.8,1
C3141,31,Basic,21,567.47,52.8,17.7,10,3,0,5.8,1,1,0,52.7,5.0,0
C3142,37,Premium,5,1462.9,36.6,-15.1,13,1,1,1.4,2,1,1,38.9,4.0,0
C3143,39,Standard,17,936.0,36.9,19.7,5,5,2,2.4,6,0,0,52.0,4.2,0
C3144,28,Basic,16,534.19,28.4,27.2,1,1,0,5.3,0,1,0,72.3,4.2,0
C3145,44,Basic,13,485.06,54.7,11.0,5,1,1,1.8,3,0,0,54.8,2.0,0
C3146,20,Premium,15,1517.2,32.3,-25.3,8,1,0,0.5,2,0,0,67.3,2.9,0
C3147,34,Standard,13,823.9,47.8,-36.3,6,1,1,1.9,1,0,1,48.6,4.2,0
C3148,61,Basic,16,422.78,44.4,-40.9,7,2,2,7.6,8,0,2,62.8,3.3,1
C3149,73,Enterprise,25,2930.41,39.9,22.6,9,2,2,0.5,2,2,0,17.0,2.8,1
C3150,45,Premium,2,1514.57,37.9,-8.4,10,1,0,3.9,17,1,1,64.0,4.2,1
C3151,46,Enterprise,27,3016.46,48.0,-20.0,11,2,0,2.4,4,1,0,86.3,5.0,0
C3152,38,Standard,2,888.04,62.1,-8.3,5,2,0,2.7,1,0,1,56.8,3.7,1
C3153,64,Standard,1,967.85,49.6,22.0,7,1,1,6.2,1,0,0,33.3,3.9,0
C3154,33,Premium,72,1538.48,42.9,14.5,8,1,1,5.4,4,1,0,67.3,2.7,0
C3155,54,Standard,62,835.07,54.6,6.0,10,2,2,14.7,1,0,0,66.6,3.7,0
C3156,37,Premium,1,1492.12,64.7,10.9,14,1,0,0.6,3,0,0,89.5,3.4,0
C3157,23,Basic,11,461.41,36.0,-0.5,12,0,0,1.0,3,0,0,64.9,3.3,0
C3158,36,Standard,4,915.56,46.3,2.6,9,3,1,4.8,0,0,0,73.1,3.1,0
C3159,74,Basic,13,497.78,34.4,0.5,7,1,1,6.4,4,0,2,38.8,3.2,0
C3160,22,Basic,35,463.68,62.8,-5.0,9,2,2,6.0,3,0,1,98.0,4.9,0
C3161,20,Basic,60,566.78,50.2,13.8,8,1,1,2.1,6,2,0,57.0,3.5,0
C3162,18,Basic,20,501.3,44.4,4.0,9,1,0,0.5,11,0,0,70.3,4.3,0
C3163,55,Enterprise,8,2982.36,39.8,-27.0,3,0,0,1.6,2,0,0,68.2,4.7,0
C3164,32,Basic,18,488.87,49.9,8.2,4,3,3,1.2,5,2,2,86.4,3.4,1
C3165,51,Standard,7,963.75,77.8,1.2,2,0,0,2.5,2,1,0,53.7,3.3,0
C3166,52,Premium,48,1535.45,74.5,10.3,4,1,0,0.6,1,0,0,83.4,3.8,0
C3167,66,Standard,40,892.51,38.4,-7.6,4,1,0,3.6,9,1,1,76.1,4.4,0
C3168,42,Basic,16,459.32,23.6,15.3,5,0,0,11.8,3,0,0,77.8,5.0,0
C3169,41,Premium,7,1465.55,47.1,-6.5,2,2,0,4.7,0,0,0,49.0,3.8,0
C3170,29,Standard,6,879.71,41.7,13.1,9,1,0,14.5,10,0,1,76.5,2.4,0
C3171,35,Premium,1,1519.29,36.3,-16.4,6,1,1,4.4,2,0,1,59.5,3.8,1
C3172,32,Premium,33,1529.26,54.5,-14.7,10,0,0,4.7,4,1,1,45.0,3.6,0
C3173,61,Enterprise,11,2969.98,49.8,10.1,8,0,0,2.7,12,1,0,58.9,4.3,0
C3174,33,Standard,7,931.03,37.6,-13.3,12,1,1,10.3,3,0,1,87.2,2.6,0
C3175,44,Basic,12,462.66,66.9,50.1,6,3,1,1.6,3,0,0,68.4,2.8,0
C3176,25,Standard,34,874.53,69.3,9.2,8,1,0,5.1,0,0,1,87.8,3.2,0
C3177,63,Basic,2,441.02,35.7,-4.4,1,5,1,0.5,6,3,1,97.7,4.2,1
C3178,42,Premium,38,1439.83,41.7,15.5,14,2,1,5.8,2,0,1,61.0,4.6,0
C3179,34,Basic,45,462.22,66.7,-17.0,4,1,1,1.2,2,0,0,75.6,3.6,0
C3180,46,Basic,58,497.97,35.8,18.1,8,0,0,0.5,0,1,2,56.2,4.6,0
C3181,70,Premium,10,1459.24,45.3,17.4,4,1,0,4.5,2,1,2,55.8,5.0,0
C3182,25,Standard,4,958.92,48.5,26.3,4,0,0,2.6,11,0,0,64.8,4.3,0
C3183,32,Standard,9,861.7,51.6,-16.0,6,1,1,1.2,1,0,1,67.1,3.3,0
C3184,44,Standard,8,906.36,69.9,-35.6,4,5,3,4.9,1,2,1,73.0,3.7,1
C3185,63,Premium,3,1551.81,61.0,-20.3,7,0,0,1.9,3,0,1,80.3,2.7,0
C3186,67,Basic,18,502.7,42.3,-12.0,3,0,0,3.7,2,0,2,61.2,3.1,0
C3187,69,Premium,12,1484.44,48.0,36.7,3,1,0,20.0,2,0,0,72.4,3.8,0
C3188,24,Basic,40,504.88,49.7,49.9,10,1,1,0.5,0,0,0,35.7,2.8,0
C3189,20,Premium,1,1476.53,33.9,3.6,6,0,0,6.6,9,0,1,54.6,3.1,0
C3190,46,Premium,20,1458.97,32.0,-4.8,9,0,0,2.9,3,0,1,79.1,2.8,0
C3191,61,Basic,28,523.51,40.1,-13.7,4,2,1,1.6,3,0,1,77.7,3.4,0
C3192,70,Standard,28,875.68,47.7,15.6,12,0,0,10.6,0,1,0,35.7,3.5,0
C3193,41,Basic,43,536.47,42.6,49.7,3,0,0,9.8,2,0,0,66.1,5.0,0
C3194,20,Premium,26,1530.85,21.6,39.6,11,1,0,0.5,3,0,0,63.2,2.3,0
C3195,37,Standard,52,905.65,34.8,23.4,7,2,2,4.2,10,0,2,68.3,4.1,0
C3196,63,Standard,8,937.84,75.4,23.1,10,3,3,3.2,3,0,1,63.6,4.0,0
C3197,32,Basic,13,477.24,75.2,15.8,4,2,0,4.0,12,0,0,69.8,5.0,0
C3198,42,Basic,1,530.35,51.2,-6.2,14,2,1,10.4,4,1,0,62.7,2.6,1
C3199,47,Basic,1,530.14,65.9,-23.4,6,1,1,16.3,0,0,2,60.8,5.0,0
C3200,31,Basic,5,486.94,62.2,-5.5,9,2,0,1.0,0,0,0,48.5,3.6,0
C3201,24,Standard,2,881.81,60.0,5.6,9,1,0,1.2,3,0,0,41.9,3.6,0
C3202,34,Premium,6,1512.16,45.8,-41.3,9,0,0,4.6,11,0,0,79.5,3.9,0
C3203,61,Standard,3,977.73,34.0,-8.8,7,2,2,4.2,1,0,0,67.5,3.1,1
C3204,37,Standard,1,889.71,53.7,-25.6,9,3,0,0.6,8,0,0,54.5,2.9,1
C3205,53,Enterprise,48,2980.97,46.5,20.3,9,0,0,10.4,0,0,0,59.5,2.5,0
C3206,26,Premium,1,1546.14,32.1,-18.7,7,0,0,5.7,5,0,1,64.9,4.4,0
C3207,55,Enterprise,26,3001.73,47.7,3.2,3,1,0,1.4,2,0,0,77.8,5.0,0
C3208,65,Standard,3,933.64,43.7,-22.5,6,1,0,3.0,0,0,1,77.5,3.3,0
C3209,74,Basic,48,557.99,37.0,34.9,2,1,0,4.5,1,0,1,77.3,3.9,0
C3210,39,Basic,44,422.72,41.0,-47.5,9,0,0,7.5,2,0,0,48.6,4.1,0
C3211,71,Premium,21,1497.5,65.5,6.9,5,0,0,15.9,2,1,0,59.0,3.0,0
C3212,70,Basic,22,489.81,37.3,-36.9,2,3,2,4.3,0,1,0,74.5,5.0,1
C3213,70,Basic,1,460.51,41.9,-17.7,13,2,2,3.1,3,0,1,51.5,2.8,1
C3214,19,Standard,72,822.25,42.4,0.2,7,1,0,11.0,7,1,2,13.2,3.6,1
C3215,41,Standard,42,835.34,37.0,1.4,7,4,2,2.5,4,0,0,33.6,3.3,1
C3216,25,Standard,45,903.17,25.0,0.7,6,2,0,0.9,6,0,0,49.5,3.6,0
C3217,28,Basic,21,477.64,53.1,-1.2,6,2,0,0.5,1,0,0,65.5,5.0,0
C3218,30,Standard,8,866.93,48.6,-21.0,5,1,0,0.6,7,0,0,68.8,3.1,1
C3219,34,Standard,44,902.78,32.6,-9.1,9,1,1,3.1,0,0,0,54.6,4.3,0
C3220,25,Enterprise,6,2971.31,48.6,-4.2,6,3,1,3.9,7,0,0,70.7,5.0,0
C3221,38,Premium,16,1550.61,66.6,-0.1,9,2,1,5.2,0,1,0,82.4,5.0,0
C3222,35,Enterprise,2,2974.16,55.3,-6.6,8,0,0,1.3,4,2,3,65.4,3.7,0
C3223,47,Premium,51,1559.21,47.7,13.2,6,3,1,1.6,0,0,1,46.9,5.0,0
C3224,35,Standard,3,897.8,42.4,-2.7,4,2,2,5.6,2,1,2,82.5,2.5,1
C3225,63,Basic,5,472.92,42.8,0.0,10,2,0,0.6,2,0,1,59.2,4.7,0
C3226,64,Standard,16,870.02,67.2,-14.6,6,1,1,6.9,12,0,0,92.0,4.1,0
C3227,48,Standard,28,959.55,34.5,-31.3,6,1,1,1.2,1,0,1,71.9,2.3,1
C3228,55,Standard,19,926.83,35.1,-1.1,11,1,1,2.2,4,1,0,60.2,4.0,0
C3229,49,Standard,5,868.62,29.0,25.2,10,0,0,0.9,2,0,2,48.4,3.8,0
C3230,28,Standard,1,903.76,51.0,6.1,5,4,0,0.5,1,0,2,75.5,2.7,1
C3231,62,Basic,28,404.65,71.4,-25.4,6,0,0,4.9,4,0,0,94.5,3.9,0
C3232,42,Standard,72,845.74,61.4,15.4,8,1,1,5.5,0,1,1,53.3,4.1,0
C3233,50,Basic,33,468.99,39.4,-13.4,7,2,2,1.4,5,0,1,73.7,4.8,0
C3234,55,Premium,12,1468.01,46.0,12.9,8,1,0,8.1,3,0,0,72.6,4.7,0
C3235,58,Basic,46,547.52,39.0,-14.2,6,1,1,4.0,5,0,1,64.6,5.0,0
C3236,25,Basic,10,422.43,51.2,3.8,4,2,0,2.6,5,0,1,44.9,4.5,1
C3237,28,Standard,14,841.89,36.9,-18.0,6,4,2,6.6,2,1,0,78.0,3.6,1
C3238,39,Standard,12,917.1,32.0,-17.3,10,3,1,7.4,2,0,1,84.7,2.3,0
C3239,68,Standard,11,908.21,53.0,-44.2,4,0,0,3.2,7,0,1,76.6,3.0,1
C3240,41,Basic,29,485.01,59.3,7.8,8,1,0,3.1,9,0,1,41.0,3.9,0
C3241,58,Standard,14,981.1,50.8,4.3,11,1,1,4.0,2,0,0,63.5,4.0,0
C3242,34,Basic,7,523.7,69.7,5.7,6,0,0,2.9,10,0,1,71.9,4.2,0
C3243,29,Enterprise,5,3047.91,36.7,1.9,6,2,1,3.0,10,1,0,54.9,4.9,1
C3244,74,Enterprise,1,2996.97,50.5,-24.1,5,1,1,3.2,0,0,0,68.9,3.7,1
C3245,63,Standard,17,877.26,33.6,19.1,10,2,0,1.4,2,0,0,88.2,4.3,0
C3246,49,Basic,5,477.71,39.9,19.8,6,0,0,4.9,6,0,1,71.1,5.0,0
C3247,32,Premium,3,1536.11,39.5,-24.7,6,1,1,1.6,0,0,0,90.3,3.8,0
C3248,33,Basic,21,529.91,50.6,8.3,5,1,0,3.7,1,2,1,47.7,3.5,0
C3249,71,Standard,22,890.26,29.0,16.9,8,1,1,4.5,3,0,1,89.1,3.5,0
C3250,39,Basic,27,517.86,53.4,-16.8,9,3,3,2.8,0,0,1,63.2,3.7,0
C3251,45,Enterprise,14,3037.5,50.3,-12.4,6,2,0,0.9,1,1,1,68.4,4.6,0
C3252,37,Basic,44,476.44,58.8,8.4,5,1,0,3.0,2,0,0,48.8,3.2,0
C3253,50,Standard,55,885.26,47.2,-42.8,3,0,0,5.9,6,0,0,48.8,3.8,0
C3254,27,Premium,32,1516.87,48.3,-32.2,5,0,0,0.5,0,0,0,48.1,4.1,0
C3255,57,Standard,20,827.45,46.1,-29.7,7,1,1,3.8,5,0,0,86.1,3.6,0
C3256,49,Basic,7,517.62,33.1,-49.9,9,2,0,0.5,11,1,2,76.5,3.4,1
C3257,67,Enterprise,72,2954.0,53.2,22.1,8,2,0,3.7,0,0,0,51.1,3.3,0
C3258,50,Standard,6,936.67,65.4,-54.7,6,1,1,1.1,1,1,0,98.0,3.2,0
C3259,19,Standard,4,984.91,46.3,3.6,7,2,2,7.7,6,0,1,67.7,3.5,1
C3260,50,Basic,11,471.11,56.5,15.3,8,1,1,1.8,0,0,2,63.4,3.9,0
C3261,50,Standard,1,845.01,60.1,-12.3,8,3,0,1.7,2,0,0,74.9,2.9,0
C3262,58,Standard,72,891.8,32.2,-21.7,11,4,0,6.7,2,0,0,53.3,1.7,0
C3263,30,Basic,17,488.39,41.8,0.8,12,1,1,11.6,2,1,1,60.3,3.8,0
C3264,47,Basic,16,525.43,43.0,-5.0,4,0,0,0.5,2,1,1,44.2,5.0,0
C3265,50,Premium,21,1508.36,42.4,20.1,9,1,1,2.4,3,0,0,45.6,4.1,0
C3266,30,Basic,13,487.15,43.3,-70.7,8,0,0,2.9,6,1,0,46.9,2.8,1
C3267,69,Basic,1,502.62,48.1,-28.0,4,0,0,9.1,2,0,0,81.3,3.9,0
C3268,43,Standard,18,854.11,55.6,9.0,12,1,1,3.2,0,0,0,55.3,2.3,0
C3269,39,Premium,25,1532.17,37.3,-3.7,5,2,2,3.0,6,0,0,51.8,3.0,0
C3270,56,Basic,10,563.72,44.7,13.8,14,0,0,4.7,15,0,0,52.1,3.1,0
C3271,19,Standard,28,851.1,26.5,1.6,8,1,0,5.5,0,0,1,86.5,3.8,0
C3272,55,Basic,5,435.83,46.0,-8.4,8,2,0,2.2,1,0,1,41.0,5.0,1
C3273,56,Basic,5,482.92,42.9,-12.6,8,0,0,0.6,15,0,1,27.0,3.5,1
C3274,43,Basic,3,450.14,49.8,53.1,8,2,1,6.8,1,0,0,92.3,5.0,0
C3275,63,Premium,9,1447.95,60.9,33.4,4,2,1,0.6,2,0,0,63.8,4.1,0
C3276,67,Basic,37,442.92,48.8,7.4,10,0,0,13.7,0,1,2,63.6,2.1,0
C3277,32,Basic,35,491.26,52.0,-3.0,5,0,0,1.6,1,0,1,88.5,3.8,0
C3278,51,Standard,9,882.54,31.6,8.5,4,1,0,10.6,1,0,1,73.7,4.2,0
C3279,59,Premium,17,1513.93,41.9,15.7,12,2,0,4.2,12,0,1,71.5,4.2,0
C3280,72,Basic,25,476.48,43.1,5.5,10,1,0,7.0,0,0,0,68.9,3.8,0
C3281,61,Standard,5,850.33,34.3,-23.8,7,1,1,10.0,1,0,0,67.6,2.8,0
C3282,66,Basic,3,498.32,29.0,39.6,6,2,0,3.9,0,1,0,65.3,2.2,0
C3283,57,Standard,71,856.66,37.4,1.2,4,1,1,5.3,4,0,0,50.1,4.5,0
C3284,28,Standard,19,919.49,41.0,45.3,7,1,0,0.8,17,1,0,66.3,5.0,0
C3285,20,Standard,72,832.35,40.6,-0.3,11,2,1,1.7,0,1,0,68.7,5.0,0
C3286,23,Basic,8,412.4,55.8,-11.1,6,1,0,1.8,3,2,1,67.9,4.0,1
C3287,26,Basic,24,434.61,37.0,29.6,7,0,0,0.7,0,2,0,44.2,4.3,0
C3288,23,Basic,5,482.27,59.7,2.5,14,0,0,2.9,1,0,0,61.9,4.7,0
C3289,26,Standard,6,887.51,23.8,-1.7,9,2,0,4.8,3,0,1,51.7,3.5,1
C3290,56,Basic,14,504.48,59.3,-35.0,4,0,0,1.0,11,0,0,55.4,2.4,1
C3291,48,Premium,7,1476.41,56.3,11.5,5,2,1,4.5,2,1,2,62.5,3.2,1
C3292,49,Enterprise,3,2965.14,22.3,-17.3,8,1,0,6.1,2,0,2,61.4,4.9,0
C3293,58,Enterprise,6,3056.33,51.4,-16.2,8,0,0,0.5,0,0,0,70.7,5.0,0
C3294,67,Premium,1,1545.76,46.7,-17.3,3,1,0,6.4,3,0,0,87.1,3.0,0
C3295,29,Standard,24,938.45,36.8,6.0,7,3,2,0.9,2,0,0,82.0,4.0,0
C3296,25,Premium,13,1511.36,66.5,-43.4,10,0,0,0.5,1,0,0,64.3,3.7,0
C3297,25,Basic,1,514.54,39.0,-10.3,6,1,1,5.7,5,1,0,57.1,4.5,1
C3298,67,Standard,3,866.79,53.4,19.5,3,1,0,5.4,1,0,0,27.6,2.0,0
C3299,45,Standard,2,904.77,41.9,-36.1,13,1,1,0.5,9,0,0,49.0,3.7,1
C3300,37,Standard,18,861.41,55.9,-0.7,7,0,0,0.5,8,0,1,74.3,3.6,0
C3301,64,Premium,1,1456.87,39.9,-20.8,7,1,0,8.9,2,1,0,85.8,3.3,0
C3302,24,Basic,28,434.3,39.5,-15.1,5,1,1,8.2,9,2,1,68.2,4.5,0
C3303,28,Basic,1,515.24,51.4,36.4,8,0,0,2.6,13,0,0,49.1,3.8,0
C3304,37,Enterprise,5,3005.55,40.4,-46.3,8,0,0,6.7,0,0,0,55.1,4.0,1
C3305,33,Basic,44,486.88,39.9,14.1,8,1,1,1.2,7,0,0,62.3,3.2,0
C3306,21,Standard,25,881.65,45.0,-16.9,7,6,3,0.6,2,0,1,68.2,3.0,1
C3307,23,Enterprise,1,2925.8,47.5,-18.2,8,0,0,13.1,21,2,0,69.6,3.0,1
C3308,39,Standard,34,909.26,47.7,-32.8,5,2,0,3.0,1,2,0,73.5,3.4,0
C3309,43,Standard,13,886.38,52.9,13.8,7,3,1,1.2,7,0,1,50.2,2.5,0
C3310,20,Basic,37,534.84,48.1,-9.8,7,2,1,2.5,0,1,0,49.6,4.0,0
C3311,58,Basic,18,504.85,47.4,-12.9,5,1,1,3.2,10,0,1,76.2,4.2,0
C3312,59,Premium,22,1527.23,30.5,-2.3,10,0,0,1.4,5,0,0,89.8,4.0,0
C3313,31,Standard,72,898.71,57.0,-9.3,11,1,0,5.1,1,0,1,58.3,3.7,0
C3314,28,Standard,5,906.27,43.0,-55.0,11,2,1,0.5,4,0,0,85.9,3.5,1
C3315,35,Basic,19,536.25,28.9,-17.3,5,2,1,1.0,2,1,1,72.0,4.3,0
C3316,71,Basic,12,491.3,58.0,17.4,8,2,0,1.3,7,1,1,95.7,3.5,0
C3317,29,Enterprise,1,3017.87,38.3,-42.7,2,1,1,4.5,0,0,0,98.0,3.7,0
C3318,40,Standard,1,881.26,33.1,-32.2,11,1,1,5.6,2,1,0,70.9,4.4,1
C3319,29,Standard,2,893.76,52.0,-15.7,8,1,0,3.4,4,0,0,69.1,4.1,0
C3320,30,Basic,20,562.74,43.5,-23.1,11,1,1,1.4,2,0,1,78.2,3.8,0
C3321,42,Standard,16,924.62,50.3,-5.7,9,1,0,1.1,2,1,1,70.9,2.5,0
C3322,62,Enterprise,16,2977.34,39.5,-32.3,8,2,2,1.8,1,1,1,65.5,1.6,1
C3323,68,Standard,1,915.92,28.3,-14.7,6,1,1,2.0,2,0,2,58.4,4.2,0
C3324,36,Basic,12,447.8,36.9,-6.2,4,5,3,3.2,10,0,2,37.5,4.2,1
C3325,72,Standard,51,890.15,60.5,11.2,8,0,0,4.0,1,0,1,75.7,4.2,0
C3326,63,Premium,10,1460.86,31.9,26.1,9,2,1,1.7,17,0,1,63.6,3.1,0
C3327,53,Standard,19,917.08,56.8,-11.5,7,0,0,0.5,2,0,0,44.1,5.0,0
C3328,62,Premium,30,1491.44,50.1,42.2,6,2,2,2.0,3,0,0,96.7,4.4,0
C3329,25,Standard,30,910.34,46.2,-9.6,4,1,0,1.6,0,0,0,41.5,4.1,0
C3330,46,Premium,14,1529.97,52.1,15.7,11,0,0,0.5,0,1,2,58.9,3.8,0
C3331,72,Standard,39,880.59,59.7,43.3,6,0,0,0.8,1,0,0,87.5,2.7,0
C3332,70,Basic,9,482.02,59.3,-1.5,3,0,0,1.9,1,2,0,62.1,5.0,0
C3333,72,Basic,43,497.52,41.0,-39.3,5,1,1,2.8,5,0,1,59.5,3.6,0
C3334,49,Basic,5,464.58,39.8,-2.7,7,2,0,2.8,3,1,2,67.6,2.0,1
C3335,68,Enterprise,6,2998.55,53.1,-20.3,10,0,0,0.8,0,0,0,61.7,2.7,0
C3336,61,Premium,1,1500.66,37.9,-11.9,9,2,2,0.9,3,0,0,37.7,3.6,1
C3337,35,Standard,31,908.16,32.0,44.6,13,0,0,4.3,0,0,1,67.1,2.7,0
C3338,23,Basic,10,515.78,36.7,-35.6,3,0,0,1.5,8,0,0,73.2,3.4,1
C3339,35,Basic,5,434.88,28.8,2.5,6,4,2,0.7,5,1,1,62.5,3.1,1
C3340,36,Premium,5,1447.6,40.7,-26.9,9,4,0,2.1,1,0,0,55.5,4.5,0
C3341,39,Standard,46,852.31,52.4,-12.7,7,0,0,2.4,0,1,0,65.2,4.6,0
C3342,54,Basic,35,502.7,44.1,13.6,6,0,0,0.8,6,1,0,81.3,4.4,0
C3343,49,Standard,16,887.62,37.5,3.0,4,4,0,2.2,1,1,0,68.7,3.8,1
C3344,73,Basic,19,408.29,41.1,-10.6,9,2,1,4.8,1,1,0,49.9,5.0,1
C3345,58,Basic,12,576.88,48.6,-21.2,5,1,1,0.7,2,0,1,85.5,4.7,0
C3346,20,Standard,9,819.44,44.8,2.9,6,0,0,1.6,3,0,0,79.4,4.9,0
C3347,45,Basic,49,500.22,37.6,37.7,7,2,0,0.5,0,0,0,87.6,3.2,0
C3348,27,Enterprise,2,3021.53,54.1,-27.5,8,1,1,0.8,6,0,0,46.6,3.9,1
C3349,68,Basic,10,470.21,46.8,42.8,7,4,2,2.0,0,1,2,69.1,3.4,0
C3350,52,Basic,8,524.6,44.2,25.0,4,2,1,12.8,0,0,0,28.9,4.3,1
C3351,46,Basic,13,458.67,67.3,29.2,7,0,0,4.2,1,0,0,91.6,3.0,0
C3352,71,Premium,12,1505.84,46.3,2.7,7,1,1,9.4,7,0,0,49.2,3.3,0
C3353,32,Standard,14,811.78,33.1,24.3,3,1,1,0.5,5,0,0,57.9,4.8,0
C3354,50,Standard,3,945.93,25.0,-30.2,9,4,0,10.0,3,0,1,74.6,4.0,0
C3355,24,Basic,14,499.04,24.2,-21.7,12,1,0,2.5,1,0,0,51.0,3.5,0
C3356,29,Basic,5,435.21,45.7,14.1,5,1,0,1.2,3,0,0,51.8,3.7,0
C3357,66,Standard,4,924.15,49.2,2.4,4,0,0,6.5,0,0,0,59.6,4.5,0
C3358,47,Premium,1,1564.29,63.0,-8.7,9,1,0,3.2,8,0,1,58.5,3.5,0
C3359,38,Premium,28,1461.94,61.1,-67.6,7,1,0,0.5,4,2,0,80.2,4.2,1
C3360,48,Basic,11,490.59,43.2,-15.9,9,3,2,2.7,4,1,1,78.7,5.0,0
C3361,41,Standard,19,878.41,41.6,-34.4,2,1,1,3.6,16,1,1,93.0,4.0,1
C3362,37,Enterprise,26,2968.19,38.2,7.3,3,1,1,0.5,3,0,0,98.0,2.8,0
C3363,54,Standard,22,863.98,57.4,-9.8,9,0,0,2.8,0,0,0,70.3,4.6,0
C3364,21,Premium,12,1473.14,43.7,-20.7,4,2,2,1.6,1,0,1,92.2,3.4,0
C3365,45,Basic,9,475.3,36.5,61.1,7,1,1,2.1,0,0,1,63.9,2.3,0
C3366,61,Enterprise,9,2984.74,43.7,21.0,8,0,0,0.5,11,0,0,45.0,1.6,0
C3367,37,Premium,20,1481.84,42.4,21.4,6,2,0,2.4,0,0,0,40.3,4.0,0
C3368,41,Enterprise,13,3029.45,40.9,50.1,3,1,1,14.6,0,0,1,39.3,4.8,1
C3369,67,Standard,37,925.88,37.8,15.1,5,2,0,4.7,1,1,0,54.9,4.3,0
C3370,66,Standard,41,837.66,59.9,-24.3,7,2,2,9.2,0,0,0,62.6,4.5,0
C3371,68,Enterprise,3,2975.26,42.6,-27.2,1,2,2,1.1,3,0,0,30.4,4.4,1
C3372,49,Basic,2,549.02,38.5,19.1,8,0,0,1.7,1,0,1,84.8,3.9,0
C3373,58,Basic,19,510.76,35.9,-56.5,4,3,2,3.7,7,0,0,54.5,4.4,1
C3374,53,Premium,7,1512.38,49.8,-6.9,8,0,0,4.7,0,0,0,42.3,4.4,0
C3375,70,Premium,1,1508.56,53.4,-59.3,3,1,0,1.3,0,0,1,66.9,4.0,0
C3376,51,Enterprise,43,2988.53,40.5,-2.5,6,0,0,1.5,3,1,0,88.9,4.7,0
C3377,53,Basic,5,497.36,38.5,16.4,7,1,1,0.5,0,0,0,72.7,4.5,0
C3378,19,Premium,52,1482.84,58.0,2.0,7,2,0,4.0,0,0,0,32.4,4.2,0
C3379,32,Premium,25,1533.23,71.6,18.5,8,0,0,1.5,0,0,0,44.1,3.0,0
C3380,51,Basic,28,483.21,34.7,44.1,13,3,3,0.5,2,0,0,67.7,2.9,0
C3381,53,Standard,4,894.48,42.1,-8.6,6,1,1,3.5,3,0,0,85.5,2.9,0
C3382,23,Basic,5,528.41,44.6,65.2,10,0,0,0.5,1,0,1,76.8,4.7,0
C3383,56,Basic,14,485.89,48.2,0.3,7,2,1,10.5,2,1,2,25.5,4.8,1
C3384,59,Enterprise,3,2996.17,44.0,18.7,6,0,0,3.6,2,2,0,83.7,3.6,0
C3385,68,Standard,7,884.67,18.6,-20.3,3,0,0,3.3,2,0,0,75.4,4.2,0
C3386,68,Premium,7,1495.43,50.3,35.5,5,0,0,3.6,1,1,1,98.0,3.6,0
C3387,71,Enterprise,3,2986.03,18.7,21.0,7,2,1,1.3,0,0,0,61.1,2.9,0
C3388,29,Standard,4,877.57,37.7,31.8,5,1,0,0.9,1,0,0,52.2,4.2,0
C3389,20,Premium,31,1470.68,19.7,-3.6,4,1,0,2.7,2,0,1,78.1,3.2,0
C3390,62,Standard,3,892.1,35.1,-36.4,7,3,0,10.1,12,1,2,57.0,2.6,1
C3391,35,Premium,1,1539.73,59.9,6.5,9,2,2,1.2,5,0,1,47.5,3.9,1
C3392,57,Basic,19,523.95,35.5,-47.4,10,0,0,4.4,7,1,0,92.2,4.6,1
C3393,38,Enterprise,72,2935.83,37.2,-13.4,14,1,0,12.7,1,0,0,82.9,3.9,0
C3394,32,Basic,8,481.83,48.9,-0.2,8,2,0,2.8,3,0,0,42.0,3.5,1
C3395,50,Basic,2,473.47,50.3,54.4,10,2,2,2.1,5,0,0,57.1,3.5,0
C3396,52,Premium,16,1436.51,28.1,3.0,15,1,0,4.8,0,0,0,78.1,3.5,1
C3397,43,Standard,47,910.01,52.4,-1.5,10,1,0,0.5,2,0,1,59.5,4.8,0
C3398,25,Standard,30,895.16,48.9,-6.6,9,0,0,0.5,1,0,0,41.0,3.4,0
C3399,53,Standard,19,979.92,34.6,-38.6,5,0,0,1.5,3,0,0,93.3,3.8,0
C3400,65,Premium,7,1485.64,48.3,-2.9,4,2,0,6.4,1,0,0,74.9,2.9,0
C3401,47,Basic,15,467.95,38.9,-2.4,9,0,0,0.5,1,0,0,87.4,3.0,0
C3402,40,Basic,1,464.08,53.5,-29.2,10,0,0,3.1,7,0,1,67.0,3.5,1
C3403,59,Basic,22,480.94,59.3,-34.7,6,1,0,0.5,6,0,0,70.1,3.9,0
C3404,61,Standard,25,922.61,54.1,-17.0,7,2,2,2.4,2,0,0,55.9,2.6,0
C3405,31,Basic,67,527.19,62.1,-3.4,7,0,0,0.5,0,0,0,53.2,3.1,0
C3406,31,Standard,6,1016.05,45.9,-16.4,10,0,0,3.3,1,1,0,87.7,3.1,0
C3407,19,Standard,1,850.74,33.3,-31.3,7,1,0,1.3,5,0,1,69.4,2.8,0
C3408,72,Basic,15,502.45,43.6,2.2,8,2,1,1.6,5,0,1,53.1,4.1,0
C3409,54,Standard,24,871.63,42.2,8.5,4,3,0,0.5,1,0,0,78.1,2.6,0
C3410,22,Premium,31,1513.02,43.8,-2.0,4,0,0,5.2,11,0,0,34.4,3.3,1
C3411,55,Basic,4,554.33,41.0,-19.1,7,1,1,3.2,2,0,0,48.2,2.4,1
C3412,62,Standard,6,933.48,52.3,9.9,7,2,2,3.0,8,1,0,68.3,3.2,0
C3413,58,Standard,14,850.7,42.3,-9.8,7,3,0,3.8,3,0,1,95.7,2.6,0
C3414,71,Standard,8,926.39,45.5,-34.7,9,3,1,3.8,0,0,0,57.9,4.4,1
C3415,64,Premium,39,1414.47,30.6,20.9,5,2,2,1.5,0,0,0,31.4,3.5,1
C3416,31,Standard,12,803.8,44.4,3.8,8,1,1,1.1,0,0,0,78.2,3.6,0
C3417,73,Standard,32,889.04,33.3,-8.0,2,1,0,1.2,5,1,1,84.7,3.9,0
C3418,56,Basic,17,523.43,30.7,-44.3,8,0,0,5.8,7,1,0,43.8,3.7,1
C3419,42,Standard,29,912.93,55.8,-23.6,4,2,0,0.7,2,0,1,87.0,3.3,1
C3420,37,Standard,8,975.23,53.8,45.5,6,1,0,2.3,7,0,2,96.4,4.1,0
C3421,19,Basic,35,503.37,57.5,-42.7,10,1,0,3.4,1,0,0,45.2,3.5,0
C3422,56,Standard,6,894.73,52.3,-11.3,7,0,0,2.5,0,0,2,50.3,5.0,0
C3423,23,Enterprise,15,3045.21,60.2,-5.4,7,2,0,2.8,1,2,0,60.6,3.7,0
C3424,34,Standard,4,884.03,34.3,3.0,4,0,0,6.4,0,2,0,49.2,2.0,1
C3425,42,Standard,12,914.55,28.8,-42.4,8,2,0,1.4,8,0,0,70.0,3.3,1
C3426,74,Enterprise,7,3016.96,34.2,-0.6,7,0,0,1.5,1,0,0,73.7,3.3,0
C3427,45,Premium,6,1460.13,51.8,-47.2,3,1,1,0.6,5,0,0,93.9,5.0,0
C3428,19,Standard,68,914.5,42.3,-2.6,15,2,2,4.9,0,0,0,79.2,4.0,0
C3429,52,Premium,3,1586.4,46.7,-21.3,5,0,0,0.8,5,1,0,29.2,3.0,1
C3430,54,Premium,30,1544.47,65.5,-26.6,4,0,0,2.6,0,0,1,69.0,2.3,0
C3431,22,Standard,72,865.43,36.9,15.9,12,0,0,6.7,11,1,0,22.0,3.6,0
C3432,18,Standard,1,992.55,32.8,-10.9,6,1,0,0.5,4,0,0,63.9,5.0,0
C3433,57,Standard,24,926.57,61.4,6.8,7,0,0,0.6,4,0,1,53.9,3.6,0
C3434,29,Enterprise,5,3015.97,44.1,7.7,3,2,0,0.7,4,0,1,73.9,4.7,0
C3435,73,Standard,1,895.11,41.3,26.7,7,2,2,0.5,1,0,1,47.8,3.4,0
C3436,53,Basic,10,526.31,57.4,-35.2,10,1,0,10.1,2,1,0,62.8,3.5,0
C3437,62,Premium,54,1503.47,55.3,18.0,5,3,3,4.7,9,0,1,73.2,4.0,0
C3438,40,Standard,1,899.79,74.3,-4.6,9,1,1,2.1,0,0,0,55.2,5.0,0
C3439,64,Basic,17,493.68,51.8,-14.5,4,1,0,1.2,3,0,0,73.5,5.0,0
C3440,48,Standard,13,937.95,37.0,-33.7,4,2,0,0.5,1,1,0,48.2,5.0,1
C3441,28,Standard,41,933.52,35.1,10.2,10,0,0,0.5,5,2,1,24.3,3.4,1
C3442,27,Premium,1,1493.02,37.3,-28.1,11,1,0,3.7,2,1,1,65.8,3.8,1
C3443,20,Basic,22,438.24,60.2,7.9,9,0,0,2.5,1,0,0,62.7,4.8,0
C3444,71,Premium,22,1500.44,52.5,43.2,3,0,0,3.1,3,0,2,53.1,2.0,0
C3445,31,Standard,22,870.28,34.8,19.5,7,4,3,0.6,0,0,0,47.2,3.6,0
C3446,33,Basic,57,480.06,55.6,29.8,10,0,0,3.1,3,1,0,68.2,4.2,0
C3447,27,Enterprise,34,2994.01,41.7,-23.0,7,0,0,0.8,6,0,0,73.7,3.9,0
C3448,46,Standard,1,856.59,44.3,14.1,9,1,1,0.5,13,0,1,75.2,2.8,0
C3449,27,Basic,12,434.59,58.3,-33.6,6,0,0,7.2,7,1,1,30.3,4.8,1
C3450,29,Standard,10,910.68,46.7,-10.8,5,1,1,6.1,3,1,0,57.6,2.8,1
C3451,47,Premium,7,1500.07,63.5,38.5,7,1,0,3.1,3,0,0,47.5,5.0,0
C3452,58,Basic,12,498.54,26.8,-20.2,11,2,2,8.6,1,0,0,75.4,5.0,0
C3453,18,Basic,9,519.43,60.1,22.8,8,4,1,5.2,2,1,1,63.5,4.2,1
C3454,22,Basic,11,472.62,47.5,20.4,11,0,0,1.1,3,0,0,62.8,3.9,0
C3455,37,Basic,72,512.3,57.5,21.9,5,1,1,8.6,0,2,0,83.1,4.3,0
C3456,25,Premium,1,1552.5,26.8,-36.7,7,1,1,1.7,5,0,1,47.6,5.0,1
C3457,60,Standard,51,888.81,32.6,8.1,6,1,1,14.3,1,0,0,70.3,3.5,0
C3458,29,Basic,13,574.98,57.0,-8.9,7,1,1,4.2,0,0,0,30.0,4.2,0
C3459,18,Basic,19,501.0,30.9,22.2,10,0,0,0.8,0,1,0,50.9,4.3,0
C3460,74,Basic,35,464.9,39.1,-46.4,6,0,0,1.8,1,1,0,86.5,5.0,0
C3461,71,Enterprise,8,3032.99,44.1,4.2,7,1,0,3.8,1,1,0,42.8,4.0,0
C3462,37,Basic,11,494.5,53.1,0.7,5,0,0,5.4,3,0,0,53.8,3.1,0
C3463,45,Enterprise,10,3041.1,56.6,-54.8,12,2,1,3.0,2,1,0,62.5,4.3,1
C3464,74,Standard,9,915.53,48.8,-27.1,5,1,0,4.7,5,0,0,53.3,3.2,1
C3465,60,Basic,51,485.89,63.4,-50.8,9,2,2,2.3,0,0,1,42.4,4.9,1
C3466,54,Premium,35,1559.84,50.4,-23.2,3,1,0,1.2,0,0,0,40.6,4.6,0
C3467,64,Standard,2,879.03,39.9,8.7,7,2,0,4.3,1,0,3,98.0,1.9,0
C3468,54,Premium,2,1412.38,55.7,-0.1,13,1,0,6.1,0,0,2,70.8,2.9,0
C3469,29,Enterprise,11,3034.22,39.7,-0.8,4,1,0,1.3,0,1,0,94.0,3.9,0
C3470,54,Basic,2,513.0,49.4,-31.0,7,3,3,2.0,5,0,1,64.0,3.7,1
C3471,66,Basic,19,550.35,41.3,23.0,6,1,0,1.4,6,0,2,69.3,3.6,0
C3472,66,Premium,3,1463.73,25.2,-5.5,9,1,1,0.6,3,0,0,81.9,3.0,0
C3473,73,Basic,14,489.11,51.5,-4.2,9,0,0,5.1,3,0,0,59.8,4.2,0
C3474,61,Basic,1,484.6,43.6,18.5,5,1,1,2.5,3,0,1,29.2,5.0,0
C3475,73,Basic,7,536.35,33.7,-29.8,2,2,1,0.6,6,0,0,88.6,4.0,0
C3476,45,Basic,22,525.03,81.6,0.7,6,1,0,1.5,7,0,1,72.6,4.1,0
C3477,64,Premium,13,1507.59,52.1,5.6,8,3,2,4.7,1,1,0,53.7,5.0,0
C3478,32,Basic,72,507.85,51.0,-18.6,7,1,0,1.7,2,0,2,86.0,3.8,0
C3479,23,Standard,41,852.96,27.0,11.3,6,2,0,0.5,6,2,1,92.1,4.0,0
C3480,61,Standard,8,929.75,40.5,6.9,12,1,1,0.5,0,0,0,58.2,4.5,0
C3481,37,Standard,1,930.56,42.4,-7.5,6,1,1,20.0,11,0,0,98.0,4.5,0
C3482,67,Basic,37,590.64,45.7,-8.3,9,1,0,2.0,7,1,1,46.7,3.0,1
C3483,31,Premium,48,1517.83,34.1,8.1,10,1,1,3.5,2,0,1,57.2,3.8,0
C3484,19,Basic,34,524.3,40.4,14.7,11,2,1,3.4,2,0,0,40.1,3.0,0
C3485,26,Premium,2,1518.1,41.0,-3.4,7,1,1,0.6,2,0,0,98.0,4.6,0
C3486,54,Premium,72,1471.13,41.3,23.0,5,1,1,1.8,1,0,1,83.7,3.2,0
C3487,37,Standard,5,948.98,40.0,11.5,13,1,0,4.4,1,0,2,73.6,3.3,0
C3488,43,Standard,25,896.77,64.9,-49.7,4,1,1,1.9,1,0,1,60.8,4.0,0
C3489,46,Standard,47,891.28,52.1,-40.1,10,3,0,3.1,2,0,0,63.3,5.0,0
C3490,18,Standard,5,893.61,33.4,24.6,6,0,0,1.6,8,0,0,78.5,3.2,0
C3491,72,Premium,47,1496.36,47.1,-11.2,11,1,1,1.1,1,1,1,41.7,4.2,0
C3492,52,Premium,7,1479.54,33.4,-0.9,4,0,0,0.5,3,1,1,60.5,3.7,0
C3493,23,Basic,72,507.61,45.8,23.5,4,0,0,1.9,0,0,0,61.9,5.0,0
C3494,54,Standard,6,895.14,39.6,-5.2,6,2,1,1.8,1,0,1,59.8,1.4,1
C3495,70,Enterprise,61,2991.73,46.5,-4.1,16,0,0,2.2,2,0,1,60.8,3.6,0
C3496,22,Enterprise,1,3018.59,43.0,-26.7,5,1,1,0.5,2,0,1,82.3,4.4,1
C3497,50,Standard,24,902.03,27.4,4.2,11,0,0,2.5,2,2,0,68.2,3.6,0
C3498,66,Standard,15,876.83,46.4,9.7,6,1,0,0.5,4,0,2,78.5,3.2,0
C3499,68,Basic,12,468.46,39.0,-19.4,4,0,0,2.4,7,1,2,71.7,2.5,1
C3500,31,Enterprise,5,3002.94,48.2,-28.1,7,2,1,1.5,3,1,2,54.8,3.8,1
C3501,29,Basic,24,469.13,50.7,60.7,6,0,0,0.5,1,0,0,45.1,3.3,0
C3502,59,Standard,4,866.26,33.6,-7.3,6,1,1,0.6,5,1,1,77.9,3.7,0
C3503,37,Basic,16,466.82,42.7,-22.1,8,2,1,1.0,4,0,1,67.3,3.9,0
C3504,70,Basic,5,509.2,25.9,12.7,4,3,0,0.9,4,0,0,63.3,4.3,0
C3505,67,Standard,62,946.74,49.8,-6.3,3,0,0,3.2,6,1,0,82.1,2.1,0
C3506,41,Enterprise,1,3012.91,48.0,-32.1,11,4,1,0.5,0,1,0,29.2,3.8,1
C3507,60,Basic,4,534.47,28.5,7.1,5,1,1,2.1,1,1,1,71.4,3.0,0
C3508,51,Standard,5,896.21,29.4,-26.3,7,1,1,5.9,0,1,0,56.9,5.0,0
C3509,42,Basic,10,504.69,36.2,34.4,6,1,0,1.2,5,0,0,40.7,3.5,0
C3510,67,Basic,5,565.12,42.8,7.4,7,0,0,3.2,3,0,0,57.9,5.0,0
C3511,46,Standard,13,932.15,45.4,-11.9,5,2,1,8.9,18,0,0,66.2,2.5,0
C3512,74,Standard,41,936.48,45.4,-2.3,8,0,0,5.4,4,0,0,80.3,2.0,0
C3513,56,Basic,24,488.43,31.3,17.6,10,2,1,6.2,0,0,0,50.2,3.9,0
C3514,48,Basic,17,498.79,43.0,-0.4,5,2,1,2.0,1,0,1,44.3,4.8,0
C3515,73,Basic,1,515.23,25.4,48.1,4,0,0,0.5,10,0,0,28.2,3.7,0
C3516,64,Basic,23,474.74,44.8,23.4,2,0,0,2.3,15,1,1,89.2,3.1,0
C3517,60,Enterprise,3,2904.47,47.8,7.2,10,1,0,0.5,1,0,0,66.5,3.2,0
C3518,67,Enterprise,30,3014.86,35.7,-28.4,7,4,3,2.4,2,1,1,55.6,4.5,1
C3519,40,Basic,5,537.45,73.6,-8.7,7,3,1,2.4,1,0,1,52.5,2.9,0
C3520,61,Standard,10,901.21,32.6,7.0,7,0,0,5.9,0,0,0,20.7,4.5,0
C3521,55,Enterprise,8,2975.16,52.8,-25.6,8,0,0,2.8,1,1,1,35.2,4.0,1
C3522,37,Basic,39,485.77,32.9,27.3,9,1,0,0.5,2,0,0,54.8,5.0,0
C3523,40,Premium,2,1417.87,35.0,-29.4,2,0,0,2.1,4,0,0,93.0,5.0,0
C3524,62,Enterprise,16,2985.67,45.3,-20.9,4,1,0,4.6,2,0,0,32.2,3.6,1
C3525,69,Basic,3,454.4,86.0,-19.1,6,0,0,0.5,7,0,0,70.5,5.0,0
C3526,33,Basic,24,471.01,56.0,13.6,10,0,0,2.4,11,0,1,48.1,3.6,0
C3527,67,Enterprise,47,2952.37,31.1,-25.1,7,2,0,2.5,1,0,0,51.6,3.7,1
C3528,59,Standard,11,847.76,50.6,-50.0,10,1,1,9.4,2,0,0,67.9,4.1,0
C3529,72,Basic,13,458.84,53.6,22.2,9,2,0,5.3,5,1,0,56.6,3.8,0
C3530,25,Basic,52,524.31,44.8,-16.1,6,1,1,1.0,6,1,1,72.5,3.4,0
C3531,67,Standard,14,878.61,54.1,-31.7,8,3,2,5.8,0,0,0,58.7,4.0,1
C3532,38,Standard,13,854.68,59.2,-23.9,6,2,1,2.0,4,0,0,43.7,2.2,1
C3533,18,Premium,17,1529.16,34.4,37.9,6,1,0,2.4,6,0,0,68.6,4.8,0
C3534,72,Enterprise,23,3004.16,45.7,-21.4,12,0,0,1.6,5,0,1,63.7,5.0,0
C3535,25,Basic,2,404.45,37.2,-8.1,6,1,1,0.5,4,1,0,88.8,2.7,0
C3536,46,Standard,34,938.82,35.8,-16.2,6,5,0,16.1,11,0,1,55.9,5.0,0
C3537,49,Standard,11,901.88,31.6,-35.8,11,1,0,0.5,5,0,0,88.2,1.3,1
C3538,55,Standard,1,929.81,72.2,-23.6,4,3,0,0.5,2,0,0,76.0,5.0,0
C3539,22,Basic,30,489.99,46.2,-37.5,8,3,2,0.5,8,0,0,34.3,3.7,1
C3540,64,Enterprise,9,3063.19,55.7,18.9,9,1,0,1.1,2,1,0,39.3,2.4,1
C3541,39,Premium,2,1483.72,46.5,-2.5,3,1,1,2.8,6,0,0,51.2,3.5,0
C3542,64,Standard,20,793.57,51.1,57.1,7,0,0,5.2,3,1,0,82.7,4.5,0
C3543,51,Standard,42,863.43,32.4,-22.7,7,1,1,5.1,3,0,0,67.5,3.0,0
C3544,18,Basic,43,519.09,29.6,-26.5,4,2,0,2.4,5,0,0,75.1,4.1,0
C3545,72,Standard,63,905.36,23.9,33.3,3,2,2,6.5,4,1,0,80.9,4.6,0
C3546,72,Standard,40,894.1,47.6,21.4,4,1,0,0.5,3,0,0,84.9,3.3,0
C3547,43,Standard,1,859.54,26.6,4.6,11,1,1,0.5,8,1,0,98.0,3.6,0
C3548,60,Enterprise,9,2999.74,29.4,-32.8,9,3,3,3.6,5,1,0,80.4,4.5,0
C3549,27,Standard,34,898.42,47.4,38.6,6,0,0,2.2,3,0,1,47.0,3.7,0
C3550,47,Standard,9,898.01,51.4,-6.8,8,0,0,2.5,4,0,1,66.9,2.6,1
C3551,67,Premium,18,1520.51,77.6,-15.8,9,1,0,0.9,1,0,0,65.3,3.8,0
C3552,35,Basic,18,506.27,27.4,23.6,3,1,1,6.4,30,0,1,50.3,1.2,1
C3553,34,Standard,9,888.91,33.3,-5.6,7,0,0,2.4,2,0,0,56.4,2.2,0
C3554,43,Basic,46,458.9,36.3,-34.1,9,1,1,0.8,2,1,1,45.5,4.9,0
C3555,25,Standard,13,953.4,78.3,-4.0,8,1,1,0.5,1,1,1,56.5,4.0,0
C3556,64,Premium,12,1578.26,45.5,-24.5,8,0,0,18.8,1,1,1,30.3,5.0,1
C3557,57,Standard,72,968.77,25.0,-80.2,9,0,0,4.5,13,0,0,45.5,4.1,0
C3558,66,Premium,13,1526.96,64.9,-27.0,6,1,1,2.7,14,0,0,60.2,2.8,1
C3559,29,Standard,3,832.0,38.9,-18.2,8,1,1,2.9,11,0,0,63.0,4.0,0
C3560,44,Basic,14,427.11,35.9,-33.9,5,1,0,0.5,1,1,1,49.0,3.3,0
C3561,25,Premium,33,1477.06,28.9,9.4,3,1,1,4.5,3,0,0,56.4,4.0,1
C3562,42,Basic,29,496.81,28.0,-24.4,12,2,0,8.8,0,2,0,98.0,3.8,0
C3563,63,Basic,31,495.17,45.1,7.0,8,0,0,8.0,5,1,1,60.2,3.0,1
C3564,21,Standard,24,906.75,50.8,-35.8,9,0,0,5.4,1,0,0,98.0,3.6,0
C3565,50,Basic,5,443.3,38.0,17.7,7,2,0,3.7,4,1,0,70.3,4.3,0
C3566,18,Basic,39,563.3,29.5,-36.9,7,0,0,1.1,5,2,0,83.2,4.9,0
C3567,36,Standard,44,959.21,30.9,-63.5,10,1,1,1.5,22,0,0,72.8,3.7,1
C3568,48,Standard,4,846.55,48.6,25.9,4,0,0,6.2,6,1,2,59.3,3.1,0
C3569,33,Standard,2,824.54,64.4,-26.4,13,2,0,4.4,3,0,1,58.7,3.6,1
C3570,31,Enterprise,72,2995.41,77.2,38.9,9,2,2,16.3,2,0,0,82.5,3.3,0
C3571,70,Standard,40,949.48,40.9,9.1,13,1,1,0.5,0,0,0,75.2,5.0,0
C3572,65,Premium,44,1497.71,40.7,14.8,7,2,0,1.5,11,0,0,53.6,3.9,0
C3573,22,Basic,43,509.4,53.9,21.1,7,0,0,7.4,0,1,0,63.0,4.2,0
C3574,58,Standard,15,881.41,43.9,-2.2,7,2,0,0.5,0,0,0,53.0,3.6,0
C3575,43,Premium,20,1504.85,29.2,-1.9,4,5,1,1.4,1,0,0,98.0,1.0,0
C3576,45,Standard,15,936.78,41.6,27.0,7,0,0,12.8,1,0,0,52.7,3.6,0
C3577,19,Premium,1,1515.48,46.7,-2.2,11,0,0,2.8,2,0,0,49.9,4.1,0
C3578,67,Standard,27,922.02,45.0,-23.2,7,0,0,1.3,10,1,0,41.2,3.0,1
C3579,23,Basic,14,432.47,40.5,9.6,6,0,0,9.3,12,1,1,71.7,4.3,1
C3580,26,Standard,20,984.53,53.8,-57.8,7,2,0,1.5,1,0,1,63.3,3.6,1
C3581,50,Standard,13,832.95,45.8,28.0,7,2,0,0.5,9,1,0,62.0,3.6,0
C3582,58,Premium,13,1505.26,23.7,28.5,12,1,1,3.0,9,2,0,58.3,4.7,0
C3583,42,Basic,3,492.98,40.1,25.0,7,0,0,4.4,2,0,0,78.5,3.9,0
C3584,65,Enterprise,6,2994.72,44.5,24.0,5,4,1,0.5,3,0,0,93.4,5.0,0
C3585,30,Enterprise,3,3033.79,25.2,-7.1,5,1,0,3.4,0,0,2,93.0,5.0,0
C3586,26,Basic,4,470.69,44.7,-7.7,4,0,0,1.6,0,1,0,67.6,3.7,0
C3587,70,Basic,72,481.69,57.5,-35.7,5,2,1,0.5,0,2,0,97.8,4.3,0
C3588,30,Premium,3,1453.14,28.0,38.7,8,0,0,3.5,2,0,0,52.9,4.9,0
C3589,48,Enterprise,6,3043.89,36.7,-17.1,11,1,1,1.1,2,1,1,98.0,3.5,0
C3590,58,Standard,17,909.64,45.0,3.5,7,1,1,0.7,0,0,0,73.6,4.1,0
C3591,28,Basic,18,524.49,51.8,1.4,5,0,0,0.5,0,0,0,93.7,2.4,0
C3592,21,Standard,3,931.48,42.7,-38.5,4,2,2,1.8,2,2,0,64.6,2.7,1
C3593,51,Standard,31,978.66,32.1,-48.6,6,2,1,3.4,6,0,1,83.1,3.4,0
C3594,55,Basic,30,571.68,62.3,-4.9,10,1,1,13.0,3,0,2,27.3,4.9,0
C3595,63,Premium,5,1511.92,65.7,-16.3,3,1,1,1.4,4,0,1,92.0,4.3,0
C3596,21,Basic,6,505.32,37.8,-7.2,9,2,1,3.3,2,0,0,52.6,3.5,0
C3597,55,Basic,55,477.71,37.2,21.6,11,2,2,0.5,1,1,0,78.1,4.8,0
C3598,36,Standard,34,928.77,44.5,0.6,10,2,0,9.6,9,0,0,61.1,5.0,0
C3599,23,Standard,23,927.28,38.1,14.0,6,1,0,4.7,7,0,0,92.5,4.4,0
C3600,51,Basic,1,469.82,44.6,6.1,5,2,0,4.4,0,0,1,71.7,3.5,0
C3601,35,Standard,10,927.79,51.8,-12.9,7,3,0,2.8,6,1,0,63.4,3.4,1
C3602,30,Basic,16,539.33,47.1,-30.0,6,2,2,2.9,1,0,1,57.2,4.1,1
C3603,58,Basic,4,454.13,42.4,1.6,7,4,0,2.1,0,2,0,96.8,3.7,0
C3604,40,Basic,11,506.6,34.4,-2.9,4,1,1,0.5,6,0,0,48.6,4.4,0
C3605,36,Enterprise,18,2996.37,65.9,17.9,6,0,0,0.5,0,0,0,96.3,3.3,0
C3606,62,Standard,7,898.78,50.7,-8.8,8,0,0,0.7,1,0,1,67.9,4.4,0
C3607,28,Standard,30,860.89,53.7,-12.4,4,0,0,0.7,5,0,0,44.2,3.5,1
C3608,18,Standard,36,825.94,66.8,-10.7,8,2,1,0.5,2,0,0,33.6,4.0,1
C3609,41,Enterprise,7,2968.78,30.5,-28.0,7,1,1,2.4,4,1,0,34.3,3.7,1
C3610,71,Basic,36,463.18,42.4,31.2,12,0,0,2.5,0,0,2,48.4,2.9,0
C3611,24,Standard,2,913.13,61.8,23.5,6,3,1,3.2,1,0,1,63.5,2.1,0
C3612,42,Premium,36,1513.78,63.3,-35.3,7,1,0,5.4,1,0,0,50.4,2.3,0
C3613,38,Standard,3,911.5,42.0,15.1,12,2,0,9.6,1,0,0,61.1,3.7,0
C3614,32,Basic,1,443.13,71.4,-51.1,10,0,0,10.4,1,0,3,84.2,4.5,0
C3615,18,Standard,20,854.22,47.5,19.6,9,0,0,8.0,1,0,1,57.2,4.4,0
C3616,29,Basic,12,474.33,54.4,-22.4,7,2,1,4.7,11,0,0,50.5,2.4,1
C3617,24,Standard,47,899.93,45.7,4.0,7,1,0,3.9,7,0,0,50.6,4.0,0
C3618,32,Premium,9,1485.6,51.1,-53.2,8,1,0,0.5,6,0,0,80.2,4.2,0
C3619,38,Basic,6,511.43,33.3,-35.0,7,3,3,3.7,0,0,0,80.3,3.5,1
C3620,36,Premium,13,1538.02,57.9,6.7,4,1,0,0.6,1,2,1,69.1,4.8,0
C3621,46,Basic,12,459.03,38.0,-22.5,6,1,1,4.8,0,0,1,53.4,4.8,0
C3622,42,Premium,8,1460.55,79.8,-26.0,5,0,0,0.6,1,0,0,43.9,2.9,0
C3623,50,Standard,23,904.41,34.7,29.9,6,1,0,4.0,0,1,1,47.5,2.4,0
C3624,66,Basic,28,495.72,43.8,50.3,7,1,1,0.5,0,0,0,63.6,3.3,0
C3625,49,Basic,38,528.73,40.8,18.4,7,3,2,1.3,3,0,0,79.0,3.8,0
C3626,66,Enterprise,72,2999.3,30.6,-32.3,8,2,0,1.6,5,0,0,36.5,3.7,1
C3627,52,Basic,6,568.62,63.9,39.1,6,0,0,1.3,2,0,1,64.8,4.2,0
C3628,61,Basic,25,435.49,37.1,-44.0,5,1,1,1.3,1,1,0,59.4,4.0,0
C3629,55,Basic,10,532.61,46.3,-12.6,8,2,1,2.7,0,1,0,42.0,4.3,0
C3630,43,Standard,22,906.97,35.6,-3.6,5,1,1,6.1,7,1,0,83.2,3.2,1
C3631,28,Standard,12,842.88,58.3,43.1,7,0,0,7.2,4,1,1,58.0,3.7,0
C3632,52,Basic,72,416.28,42.4,17.8,6,2,2,0.5,0,0,0,76.7,4.1,0
C3633,25,Basic,26,454.0,47.7,-16.6,10,1,1,0.7,1,1,1,42.1,5.0,0
C3634,63,Basic,60,547.36,43.8,-28.6,8,0,0,1.3,6,0,0,69.4,5.0,0
C3635,31,Basic,36,542.81,49.3,20.1,5,1,0,4.0,5,1,0,57.9,3.9,0
C3636,27,Standard,46,893.85,62.8,-18.3,5,0,0,1.8,4,1,1,45.4,1.9,1
C3637,19,Premium,33,1484.51,43.9,0.4,13,1,0,2.3,0,0,1,69.6,4.6,0
C3638,63,Basic,12,464.76,51.8,-39.2,8,1,0,5.4,4,0,1,55.0,2.2,1
C3639,26,Standard,5,891.5,42.8,9.2,5,2,1,3.6,3,1,0,63.0,1.5,0
C3640,20,Standard,9,880.03,33.9,7.2,1,0,0,3.1,3,1,0,75.6,4.6,0
C3641,38,Enterprise,1,3067.4,47.8,-36.0,11,2,0,3.0,6,0,0,58.1,4.0,1
C3642,43,Enterprise,14,2949.54,35.0,20.8,10,1,0,0.8,0,2,0,79.7,2.7,0
C3643,25,Premium,14,1514.7,41.9,8.9,3,2,0,0.5,0,0,0,51.0,4.2,0
C3644,65,Basic,14,569.28,28.6,13.5,7,0,0,1.4,1,1,2,43.6,3.1,0
C3645,19,Basic,72,529.98,46.7,-14.5,6,3,0,5.1,0,1,2,53.1,4.5,1
C3646,23,Basic,48,454.03,43.2,-0.5,10,1,0,6.7,5,1,1,51.9,5.0,0
C3647,45,Basic,3,437.31,46.2,-3.4,9,0,0,5.6,0,0,0,79.1,3.0,0
C3648,70,Standard,9,909.98,46.5,-8.7,10,2,2,0.6,1,0,0,72.3,1.7,0
C3649,46,Premium,11,1505.02,50.3,-0.7,9,2,0,8.8,9,0,0,89.1,2.4,1
C3650,43,Premium,8,1548.3,52.3,26.4,6,1,0,1.7,9,2,0,33.7,3.9,0
C3651,42,Premium,32,1520.94,78.2,21.9,4,4,0,6.4,1,0,3,73.7,4.5,0
C3652,29,Standard,14,879.61,66.3,-34.5,5,1,1,3.4,3,1,1,53.5,3.4,1
C3653,22,Standard,16,876.89,51.9,19.6,6,2,1,5.5,0,1,0,47.6,2.6,0
C3654,51,Basic,38,446.75,41.4,24.8,8,1,1,0.5,0,0,0,61.2,2.3,0
C3655,65,Basic,32,504.17,41.6,-8.8,6,1,1,2.0,5,1,1,64.7,5.0,0
C3656,54,Premium,2,1442.82,24.7,7.7,2,1,1,3.3,0,0,1,82.4,2.3,1
C3657,32,Basic,25,535.4,34.9,7.4,7,1,1,1.6,7,0,0,52.1,1.7,1
C3658,61,Standard,11,922.57,42.9,-26.2,4,3,0,5.5,1,0,0,57.3,2.5,1
C3659,53,Basic,6,521.3,47.7,-14.5,3,1,1,4.5,0,1,0,74.6,3.7,0
C3660,32,Standard,1,846.13,87.4,13.8,5,1,0,1.7,2,0,0,51.3,5.0,0
C3661,60,Premium,13,1493.0,49.9,-17.4,6,2,0,2.0,14,0,1,70.8,3.5,1
C3662,65,Basic,8,483.43,52.5,19.4,5,1,0,2.4,5,0,0,80.2,3.5,0
C3663,40,Premium,5,1503.11,33.6,27.6,6,1,0,2.8,5,1,0,41.4,4.2,0
C3664,23,Basic,23,520.14,38.8,23.6,8,3,1,1.2,2,0,0,50.9,2.9,1
C3665,63,Standard,29,878.46,42.9,44.5,9,1,0,0.9,2,2,0,30.5,3.6,0
C3666,67,Premium,5,1479.96,30.8,-7.3,6,3,2,0.5,7,0,0,62.8,2.5,1
C3667,61,Standard,1,926.2,49.6,-0.6,7,3,0,0.5,0,0,1,59.6,5.0,0
C3668,60,Enterprise,37,2953.82,37.2,3.0,11,1,1,2.2,0,0,1,65.0,4.2,0
C3669,62,Basic,1,469.13,32.5,-6.5,6,1,1,3.8,4,0,0,69.0,3.9,0
C3670,38,Standard,55,899.23,55.6,8.6,4,3,3,3.8,1,1,0,82.3,2.6,0
C3671,40,Standard,19,934.99,43.0,-47.8,9,1,0,2.1,29,0,0,8.4,3.7,1
C3672,60,Enterprise,7,2960.25,48.4,0.1,10,2,0,3.4,20,0,0,36.2,4.3,1
C3673,72,Basic,5,570.59,32.7,-39.4,5,1,0,11.2,4,0,2,69.9,3.8,1
C3674,33,Premium,1,1444.97,54.0,-29.1,11,0,0,14.1,2,0,2,92.9,3.8,0
C3675,64,Standard,5,961.01,50.9,13.3,9,1,1,6.5,0,0,1,86.0,2.5,0
C3676,70,Basic,2,546.98,45.7,-10.0,5,1,1,8.6,3,0,1,75.0,1.5,1
C3677,32,Standard,18,841.8,53.6,12.4,11,1,1,0.5,0,0,0,68.0,3.1,0
C3678,42,Basic,3,433.71,38.8,-10.5,7,1,1,1.1,9,0,2,85.5,5.0,0
C3679,53,Standard,15,927.79,40.8,22.7,6,2,0,10.8,0,1,0,96.1,3.8,0
C3680,28,Premium,17,1483.9,40.4,-11.0,9,1,1,0.5,0,0,1,79.2,5.0,0
C3681,68,Standard,7,858.72,29.1,-53.9,12,0,0,7.3,5,1,0,81.6,3.1,0
C3682,32,Standard,1,971.47,42.5,0.6,7,2,1,2.0,0,0,0,63.9,3.5,0
C3683,21,Standard,1,851.24,44.7,-59.2,9,3,1,12.9,3,0,0,79.3,3.8,1
C3684,38,Basic,1,469.92,38.1,-41.3,8,0,0,4.4,6,0,1,66.5,3.8,0
C3685,30,Basic,26,474.66,43.0,-27.1,10,1,0,1.4,0,0,0,55.6,3.5,0
C3686,39,Standard,7,787.02,43.7,-30.2,7,3,0,0.5,0,0,0,85.9,4.8,0
C3687,36,Basic,31,502.65,52.8,-18.6,7,1,1,1.0,0,0,0,87.4,3.3,0
C3688,51,Basic,11,462.54,53.5,-31.1,12,1,1,4.3,3,1,1,81.9,3.4,0
C3689,31,Standard,12,931.42,64.1,-40.1,2,1,0,1.4,6,0,0,98.0,3.3,0
C3690,21,Basic,14,536.65,38.9,33.5,5,0,0,10.4,7,0,0,59.8,4.8,0
C3691,65,Basic,24,508.27,59.2,-22.0,8,2,0,2.7,0,0,0,50.6,4.2,1
C3692,70,Standard,6,908.72,56.5,-60.8,5,1,1,2.6,2,2,1,47.3,2.1,1
C3693,69,Basic,2,505.54,31.8,-14.0,5,2,1,5.8,8,0,0,60.2,2.5,1
C3694,63,Enterprise,16,2970.98,57.6,-33.1,5,0,0,5.6,0,0,1,98.0,4.2,0
C3695,44,Premium,7,1474.41,31.8,-27.1,4,0,0,4.1,0,0,0,53.6,4.4,0
C3696,46,Premium,11,1551.93,46.0,12.8,1,0,0,10.6,0,2,1,61.9,2.7,0
C3697,64,Basic,20,528.41,60.3,-16.2,3,1,0,3.0,10,0,0,87.4,2.7,0
C3698,45,Premium,13,1507.24,25.4,-33.8,7,1,0,8.1,2,0,0,74.4,3.4,1
C3699,52,Premium,19,1523.0,51.4,6.2,6,2,2,2.2,0,1,0,98.0,5.0,0
C3700,25,Premium,15,1496.56,32.7,23.7,6,2,1,5.0,22,0,0,69.9,3.3,1
C3701,33,Basic,26,506.4,64.5,8.4,2,1,0,0.9,12,0,0,98.0,1.4,0
C3702,59,Standard,24,922.78,56.0,-66.3,3,1,0,6.7,2,0,0,74.1,4.5,0
C3703,53,Premium,15,1416.03,30.2,-32.9,8,2,1,1.5,0,0,2,32.4,2.7,1
C3704,47,Standard,22,935.25,39.5,-3.8,6,1,0,4.5,5,0,0,46.0,1.9,0
C3705,35,Standard,41,932.37,61.6,-11.1,10,1,1,1.4,0,1,0,43.1,3.4,0
C3706,19,Standard,11,867.77,48.7,-13.2,7,0,0,10.7,3,2,2,61.5,3.6,1
C3707,66,Standard,10,948.76,53.3,-29.6,3,0,0,0.7,5,0,1,74.2,3.0,0
C3708,30,Basic,28,410.31,40.8,-40.1,11,0,0,2.6,0,2,0,76.0,4.4,0
C3709,21,Standard,17,913.12,56.7,45.2,5,4,0,1.8,11,0,0,76.3,4.5,0
C3710,43,Basic,1,500.6,68.7,-4.3,8,1,0,2.7,21,0,1,72.1,4.1,1
C3711,42,Standard,44,886.62,33.9,11.1,5,1,1,0.9,1,0,0,68.6,4.7,0
C3712,47,Basic,1,499.77,40.2,-4.8,10,1,0,2.5,13,1,0,69.7,4.5,0
C3713,28,Standard,27,922.31,48.7,-3.8,10,0,0,0.5,1,0,1,54.3,4.7,0
C3714,24,Basic,28,426.78,42.8,-6.6,9,0,0,0.9,6,0,0,65.5,3.2,0
C3715,48,Standard,61,939.04,48.5,-33.0,7,1,1,3.9,5,0,0,65.3,4.3,0
C3716,61,Premium,1,1482.59,51.0,-42.9,7,2,2,2.2,0,0,1,92.5,3.0,1
C3717,27,Basic,18,539.62,42.8,4.7,8,1,1,2.4,1,0,0,65.4,4.3,0
C3718,56,Basic,11,524.74,38.4,-0.3,3,2,0,9.4,1,0,1,70.6,2.6,0
C3719,30,Basic,8,481.76,46.0,18.5,10,0,0,0.8,0,1,1,98.0,5.0,0
C3720,48,Premium,1,1495.83,31.4,13.4,10,0,0,2.8,11,0,1,78.0,2.3,1
C3721,24,Standard,16,898.18,37.3,-25.2,3,3,3,2.7,0,1,0,61.2,4.3,1
C3722,73,Standard,13,963.25,41.2,23.3,10,0,0,2.1,10,1,0,61.2,4.4,0
C3723,66,Basic,2,453.38,45.0,14.1,7,0,0,6.2,2,2,1,98.0,5.0,0
C3724,59,Standard,18,881.48,63.2,12.3,7,2,1,2.9,0,0,0,72.3,4.0,0
C3725,59,Premium,26,1435.71,28.0,51.2,8,1,1,6.0,2,0,0,63.7,2.9,0
C3726,73,Premium,29,1503.96,45.4,46.1,10,1,1,6.9,3,1,0,55.3,4.9,0
C3727,53,Standard,47,874.06,53.2,12.2,6,1,1,0.5,2,1,0,45.5,3.6,0
C3728,37,Basic,10,478.91,42.2,9.1,10,0,0,9.7,1,0,1,63.6,2.7,0
C3729,21,Basic,61,558.39,38.8,22.0,4,1,0,5.0,6,1,0,67.6,3.0,0
C3730,71,Basic,40,466.07,43.7,-19.6,3,1,0,2.3,12,2,1,49.4,5.0,1
C3731,24,Basic,7,492.62,39.0,-19.2,8,0,0,6.0,0,0,0,66.5,3.2,0
C3732,71,Basic,3,480.66,34.3,11.8,8,6,0,0.9,3,0,1,59.6,4.6,0
C3733,18,Basic,11,483.17,36.3,-26.4,7,1,1,6.0,1,2,0,50.0,4.4,0
C3734,61,Standard,10,1009.87,36.5,9.8,8,2,2,2.8,5,0,0,59.7,3.6,0
C3735,73,Enterprise,17,2929.6,78.0,-1.1,7,0,0,2.1,4,0,1,67.5,3.2,0
C3736,62,Standard,17,924.76,47.3,-26.4,4,2,2,3.0,0,0,0,84.9,3.3,0
C3737,59,Premium,27,1596.09,43.1,-4.4,10,0,0,4.4,4,0,1,84.7,3.4,0
C3738,64,Premium,14,1542.16,34.8,27.6,9,3,2,1.1,5,1,0,76.8,3.4,0
C3739,30,Basic,2,500.88,66.2,-2.9,9,0,0,0.5,5,0,0,35.9,3.7,0
C3740,72,Premium,39,1452.09,52.4,-2.8,7,3,1,8.3,8,0,1,71.1,3.4,1
C3741,39,Basic,7,551.19,54.1,3.2,6,1,0,10.5,11,1,0,81.7,5.0,0
C3742,71,Standard,71,936.49,63.6,6.5,9,1,1,3.4,1,0,0,55.4,4.2,0
C3743,38,Basic,2,437.81,39.1,-13.3,10,2,1,2.5,4,0,0,92.4,3.9,0
C3744,39,Enterprise,63,2986.19,64.0,3.8,8,2,1,0.5,3,0,1,73.5,3.2,0
C3745,45,Basic,1,450.76,48.4,-31.2,4,3,0,1.9,6,0,0,69.2,4.1,1
C3746,26,Basic,5,384.62,58.6,-25.0,10,0,0,1.5,0,0,2,50.1,5.0,0
C3747,43,Enterprise,1,2949.83,44.9,-21.8,1,2,1,1.7,2,0,0,38.1,4.5,1
C3748,26,Basic,24,503.22,39.3,6.7,5,3,1,4.4,1,0,0,61.8,2.7,1
C3749,32,Standard,37,922.21,53.9,-1.0,3,1,1,1.6,4,0,0,39.8,4.9,0
C3750,27,Premium,11,1486.06,33.4,-8.4,3,3,0,5.5,2,0,0,82.3,2.4,0
C3751,41,Premium,52,1553.97,52.3,12.3,7,1,0,16.4,2,1,1,60.8,4.3,0
C3752,74,Enterprise,17,3040.18,22.2,4.5,8,4,3,2.8,1,0,0,40.0,5.0,1
C3753,59,Enterprise,19,2993.99,29.6,-12.2,7,0,0,1.1,6,0,0,41.3,4.0,0
C3754,25,Basic,37,488.9,35.9,-30.9,5,1,0,11.1,2,0,2,98.0,4.2,1
C3755,41,Premium,7,1514.31,42.6,-25.5,10,1,1,4.6,2,0,1,42.9,2.7,1
C3756,33,Standard,8,898.29,54.6,-41.7,8,1,0,0.9,8,0,1,55.0,3.9,0
C3757,66,Standard,47,841.97,37.0,-1.5,5,1,0,18.1,0,0,1,61.7,1.7,0
C3758,43,Basic,46,487.18,50.0,-26.6,5,1,1,0.5,1,0,0,80.8,2.8,1
C3759,44,Standard,72,925.62,43.0,-17.4,4,1,1,3.0,4,0,0,68.0,4.4,0
C3760,54,Enterprise,46,3051.59,57.7,-8.2,6,1,1,4.0,0,0,0,63.7,3.3,0
C3761,21,Enterprise,2,3037.41,34.9,21.1,11,1,0,0.7,3,0,0,84.4,4.9,0
C3762,67,Standard,34,912.37,40.9,18.2,5,1,0,0.5,2,2,1,64.6,4.6,0
C3763,41,Basic,10,557.29,60.9,-6.4,8,0,0,0.5,4,1,0,98.0,3.2,0
C3764,36,Standard,72,915.96,34.0,26.6,7,0,0,9.1,3,0,0,59.6,4.1,0
C3765,53,Premium,12,1495.46,51.8,-55.3,8,0,0,3.1,0,0,1,18.8,4.4,1
C3766,56,Premium,16,1558.15,26.9,41.9,9,1,1,0.7,0,1,0,28.0,4.2,0
C3767,27,Standard,15,927.81,62.4,12.3,8,2,2,3.3,1,1,2,55.8,5.0,0
C3768,42,Basic,7,551.08,36.0,-2.4,6,0,0,0.5,11,0,1,29.3,3.7,1
C3769,35,Standard,1,851.5,36.9,-27.3,2,0,0,1.6,0,0,1,74.0,5.0,0
C3770,36,Standard,45,864.59,31.2,-16.0,9,1,0,5.1,2,0,0,76.5,3.2,0
C3771,53,Enterprise,32,2966.3,50.8,10.2,6,2,2,0.5,11,0,0,78.6,4.4,0
C3772,27,Standard,3,906.27,46.2,10.8,7,1,0,3.2,0,0,0,48.1,4.1,0
C3773,50,Basic,29,571.97,34.5,11.7,6,1,1,1.3,1,1,1,50.7,2.6,0
C3774,72,Standard,19,853.44,44.0,-23.2,9,0,0,0.5,2,2,0,72.2,3.9,0
C3775,67,Basic,10,535.21,75.7,-28.2,3,2,1,6.1,0,0,3,45.1,3.6,1
C3776,22,Enterprise,5,2950.9,57.4,-0.1,14,1,1,2.8,0,2,0,74.5,2.2,0
C3777,64,Standard,39,983.7,60.8,14.2,6,0,0,5.5,1,0,1,76.0,5.0,0
C3778,66,Standard,24,835.13,36.6,-4.9,6,2,2,12.1,0,2,0,71.5,3.4,1
C3779,52,Standard,15,928.61,35.2,32.0,9,1,1,0.7,2,2,0,55.8,3.8,0
C3780,61,Standard,18,934.22,28.0,-4.2,7,0,0,0.5,0,0,0,46.9,3.4,0
C3781,51,Standard,1,923.8,48.1,-5.0,9,0,0,13.8,3,0,0,74.8,5.0,0
C3782,50,Premium,12,1463.91,41.2,11.8,10,0,0,0.9,2,0,1,77.0,4.7,0
C3783,72,Basic,4,456.75,62.1,25.5,8,0,0,1.9,3,0,0,36.8,4.6,0
C3784,38,Basic,4,549.9,60.9,-38.7,11,3,2,6.3,9,1,0,92.2,4.8,1
C3785,34,Basic,21,540.94,50.4,-33.0,5,1,0,0.9,1,0,0,37.2,4.4,0
C3786,39,Standard,48,940.39,32.1,-12.8,10,1,1,4.4,1,0,0,30.2,4.2,0
C3787,65,Basic,10,545.24,31.4,74.0,5,1,1,5.4,3,1,2,65.8,3.7,0
C3788,54,Standard,4,837.56,24.3,-11.5,7,0,0,2.4,1,5,0,79.5,3.1,1
C3789,32,Premium,20,1436.36,34.8,-8.0,10,0,0,2.3,0,2,2,23.8,3.6,1
C3790,52,Premium,40,1472.15,32.1,10.5,8,2,0,0.9,0,2,0,68.3,2.3,0
C3791,45,Standard,27,879.81,51.4,19.4,6,1,0,3.4,0,0,1,79.3,3.4,0
C3792,24,Standard,40,875.55,40.5,-0.8,6,2,1,0.8,1,0,1,98.0,3.0,0
C3793,49,Basic,15,510.1,38.3,24.1,13,1,1,1.1,5,1,1,73.8,4.8,0
C3794,28,Standard,27,943.61,43.0,-34.8,9,3,1,3.2,0,1,1,68.1,5.0,0
C3795,27,Premium,3,1487.24,44.8,-24.2,10,1,1,1.1,1,0,0,88.0,4.3,0
C3796,26,Basic,8,466.39,37.5,24.1,9,4,0,2.2,7,0,1,92.3,3.5,0
C3797,31,Standard,9,931.52,41.0,-4.7,6,2,0,10.5,2,0,0,88.6,3.9,0
C3798,30,Premium,14,1487.72,52.7,-36.6,8,1,1,3.2,0,0,1,59.7,2.6,0
C3799,74,Premium,52,1503.29,55.2,-38.1,6,2,1,4.9,1,1,0,37.7,4.4,1
C3800,42,Basic,41,485.7,31.9,-25.3,7,0,0,4.2,1,2,0,39.8,3.9,1
C3801,19,Standard,2,912.6,42.1,-4.9,5,1,1,10.7,0,1,0,43.0,4.2,0
C3802,52,Basic,3,458.44,64.0,6.7,4,2,1,0.5,13,0,0,87.9,3.6,0
C3803,24,Basic,8,528.05,64.4,-13.2,8,2,2,0.7,2,0,0,48.3,2.7,0
C3804,38,Enterprise,6,2997.69,62.2,4.6,4,4,0,4.1,2,0,0,18.2,3.8,1
C3805,35,Premium,19,1468.43,49.1,-15.9,7,2,0,6.6,15,0,0,32.8,5.0,1
C3806,20,Premium,46,1520.24,41.5,25.6,7,0,0,4.8,3,0,0,53.5,3.9,0
C3807,59,Basic,65,468.39,25.2,58.8,7,1,1,0.6,0,1,0,75.7,4.9,0
C3808,71,Premium,21,1470.16,33.7,-14.8,9,0,0,4.0,2,0,0,75.4,3.2,0
C3809,56,Standard,36,850.95,43.3,7.0,10,1,1,3.5,4,1,0,90.0,4.8,0
C3810,58,Basic,14,430.86,53.2,5.0,11,2,0,2.7,3,1,1,66.4,5.0,0
C3811,66,Standard,4,920.37,50.2,-1.5,5,4,3,2.9,7,1,1,23.7,5.0,0
C3812,28,Basic,14,545.62,31.5,11.3,9,0,0,3.3,13,1,0,74.8,3.0,0
C3813,56,Premium,16,1480.98,38.9,7.0,7,1,1,0.7,0,0,0,69.9,3.1,0
C3814,41,Standard,27,867.06,62.9,-16.8,9,2,2,1.4,1,0,0,90.9,1.9,0
C3815,63,Basic,4,426.51,42.0,27.9,5,0,0,3.3,9,0,1,65.4,4.1,0
C3816,36,Basic,9,412.07,18.4,0.0,5,1,1,0.5,8,0,1,44.7,3.4,1
C3817,21,Basic,9,528.07,50.4,-14.6,4,1,0,4.3,0,0,0,32.1,5.0,0
C3818,43,Basic,64,420.04,39.5,56.1,8,2,0,4.8,3,0,1,57.9,4.4,0
C3819,55,Standard,11,853.24,27.7,-7.9,7,1,1,0.5,1,0,0,56.9,2.9,0
C3820,59,Premium,28,1510.34,46.7,1.4,8,2,2,1.2,3,0,0,51.0,4.9,0
C3821,49,Basic,27,502.59,41.5,-0.6,6,0,0,0.9,0,0,0,84.1,4.0,0
C3822,56,Basic,6,511.99,42.5,-8.2,10,1,1,0.8,4,0,0,70.4,2.5,0
C3823,62,Standard,16,899.28,45.1,6.2,5,0,0,1.6,1,0,0,78.6,3.8,0
C3824,63,Premium,44,1484.72,34.4,-26.1,6,1,0,4.9,4,0,3,91.2,4.6,0
C3825,53,Basic,12,453.49,44.5,9.9,5,1,1,1.8,0,1,0,69.6,3.3,0
C3826,57,Basic,58,473.63,34.7,-49.0,6,3,1,2.7,13,0,0,31.1,4.0,1
C3827,54,Standard,4,887.44,50.5,-37.5,4,1,1,0.5,1,0,2,52.0,3.3,1
C3828,50,Basic,1,423.39,91.3,40.6,4,0,0,3.3,2,0,0,56.6,3.1,1
C3829,53,Basic,44,467.55,36.8,-36.4,4,1,1,20.0,1,0,0,96.9,4.2,0
C3830,20,Premium,37,1484.11,63.1,-54.0,13,1,1,4.6,3,1,0,59.8,3.5,1
C3831,26,Standard,72,871.44,43.3,-35.8,8,1,1,2.3,0,0,1,98.0,1.3,0
C3832,25,Standard,22,885.3,44.9,38.5,7,0,0,2.2,1,1,2,50.2,4.1,0
C3833,50,Premium,55,1525.75,42.0,-49.8,5,2,2,9.0,8,0,0,32.8,3.9,1
C3834,23,Standard,35,930.66,36.6,-28.9,7,1,0,1.8,2,0,0,76.0,3.7,0
C3835,58,Basic,37,559.45,38.7,-41.5,8,2,0,4.5,1,2,0,68.4,3.8,1
C3836,56,Standard,16,838.68,68.9,-11.9,9,1,0,3.3,9,0,1,71.0,2.6,1
C3837,21,Basic,9,482.17,34.4,-15.9,8,0,0,3.4,3,0,0,66.0,4.3,0
C3838,30,Basic,54,548.1,56.5,-17.0,9,0,0,0.5,2,0,0,97.4,3.6,0
C3839,66,Standard,11,829.17,40.0,41.4,10,0,0,3.8,11,1,0,59.7,4.0,0
C3840,19,Premium,15,1451.95,26.5,-35.0,6,1,1,3.6,4,0,2,41.4,5.0,0
C3841,22,Enterprise,11,2974.37,44.3,-7.6,6,1,0,4.7,4,0,0,53.4,4.3,1
C3842,61,Standard,16,980.77,76.4,3.5,5,5,0,4.0,1,1,0,54.7,2.5,1
C3843,44,Basic,12,460.02,54.0,-29.5,7,0,0,7.4,3,0,1,59.9,4.3,0
C3844,49,Basic,1,542.35,22.3,7.2,9,0,0,20.0,2,0,1,56.2,4.0,0
C3845,38,Premium,42,1497.88,52.6,-15.0,8,1,1,0.7,2,0,1,84.9,4.7,0
C3846,25,Standard,11,853.14,41.0,4.4,8,1,1,7.7,0,0,0,77.7,4.1,0
C3847,55,Standard,17,1010.99,32.4,-7.7,7,1,1,1.2,1,1,0,64.9,4.7,0
C3848,25,Premium,2,1506.79,39.6,-56.3,8,1,1,1.1,15,2,0,78.4,1.6,1
C3849,67,Premium,1,1514.05,32.8,27.7,5,1,0,0.9,6,0,0,73.3,4.0,0
C3850,20,Premium,5,1520.38,27.1,46.8,8,1,1,2.8,3,1,0,67.9,4.1,0
C3851,71,Basic,24,517.28,35.8,-9.4,7,2,1,2.6,2,0,1,86.8,3.2,0
C3852,61,Premium,2,1585.08,37.7,-27.4,3,0,0,6.7,0,1,0,82.7,3.0,1
C3853,20,Premium,47,1570.44,37.4,32.7,1,1,0,2.0,3,0,0,52.3,3.5,0
C3854,39,Basic,4,461.74,39.3,42.3,6,0,0,5.4,1,1,0,78.9,4.8,0
C3855,23,Standard,4,979.75,36.7,-9.2,11,2,1,12.8,3,0,0,71.3,4.0,0
C3856,19,Basic,4,470.99,43.8,-10.5,4,0,0,0.8,11,0,1,69.4,3.4,0
C3857,40,Enterprise,1,3011.89,62.7,-7.0,9,3,0,0.5,6,0,1,79.0,4.8,0
C3858,61,Basic,29,440.94,27.8,-46.9,2,1,1,1.5,12,0,1,57.3,2.7,1
C3859,19,Standard,41,940.46,48.3,-12.3,5,2,0,11.1,7,0,0,84.4,4.3,0
C3860,55,Basic,19,486.71,48.2,37.9,11,0,0,5.3,0,0,0,52.0,3.6,0
C3861,34,Premium,4,1453.02,33.0,-9.2,6,0,0,2.1,0,0,0,79.2,4.2,0
C3862,52,Basic,6,546.54,58.9,-31.0,10,2,0,0.5,4,1,2,59.6,2.4,1
C3863,51,Basic,12,556.45,28.1,7.4,5,1,1,1.2,4,0,0,81.2,5.0,0
C3864,40,Standard,61,957.8,52.7,-21.7,2,2,2,7.6,1,0,1,65.6,5.0,0
C3865,47,Enterprise,5,2938.08,45.1,-6.7,4,3,2,0.6,0,0,0,84.7,3.2,0
C3866,69,Basic,26,561.94,32.6,-36.7,5,2,0,3.7,5,1,0,66.0,2.8,1
C3867,25,Basic,11,486.98,63.1,-30.9,7,0,0,3.3,0,0,1,14.2,4.7,0
C3868,39,Premium,7,1581.06,27.6,13.4,4,1,1,1.3,4,0,1,71.9,4.4,1
C3869,61,Standard,12,924.0,59.6,-2.1,8,1,1,3.1,0,0,1,52.5,2.2,1
C3870,53,Enterprise,1,3009.05,36.8,-24.4,6,1,1,4.7,0,0,2,87.9,4.1,0
C3871,22,Basic,32,499.34,41.1,-2.0,8,2,2,0.5,3,1,0,58.2,5.0,1
C3872,30,Standard,5,898.45,32.2,-20.2,3,1,1,5.6,3,3,1,94.4,4.5,1
C3873,46,Basic,25,471.82,37.6,-24.6,6,3,3,2.2,4,0,1,50.0,4.4,1
C3874,48,Basic,1,456.28,54.7,24.1,9,0,0,0.9,0,1,1,40.7,5.0,0
C3875,64,Standard,62,884.49,47.7,14.6,5,4,2,2.7,2,0,0,90.4,3.0,0
C3876,74,Standard,4,946.64,67.4,-5.5,8,1,0,0.5,0,0,0,67.3,4.0,0
C3877,72,Premium,42,1443.14,33.6,-1.4,7,1,1,6.5,11,1,0,36.5,5.0,0
C3878,33,Basic,33,552.63,39.6,-5.2,5,0,0,17.0,7,0,0,60.2,2.9,0
C3879,59,Standard,68,904.74,48.6,7.2,7,2,1,4.0,3,0,0,84.0,3.2,0
C3880,47,Standard,12,930.26,48.7,-25.0,7,0,0,1.3,2,0,1,77.7,3.2,0
C3881,74,Enterprise,25,3032.33,40.5,16.6,8,2,0,7.8,1,0,3,68.0,5.0,0
C3882,72,Basic,9,536.13,31.2,3.8,5,0,0,1.3,6,0,1,89.8,4.5,0
C3883,33,Basic,4,499.9,60.3,-11.6,8,2,1,1.6,2,0,0,45.6,4.2,0
C3884,29,Standard,11,901.09,33.6,-17.2,8,0,0,8.9,0,3,0,88.5,2.6,1
C3885,34,Standard,3,934.76,37.2,16.0,6,2,1,3.4,3,2,0,63.0,2.7,1
C3886,33,Basic,72,457.35,95.9,-8.8,6,1,1,1.7,7,0,1,63.0,3.6,0
C3887,29,Enterprise,2,2951.22,40.5,-22.5,6,0,0,2.0,3,0,1,77.1,4.0,0
C3888,25,Basic,17,480.41,47.4,-14.6,8,0,0,4.0,0,0,1,69.7,3.5,0
C3889,37,Premium,19,1510.52,32.6,14.2,8,0,0,3.7,3,1,1,76.7,3.1,0
C3890,20,Basic,15,575.83,40.2,-45.3,10,1,1,1.6,5,0,1,77.9,3.4,0
C3891,33,Standard,21,900.92,53.8,-13.9,8,0,0,0.5,5,1,0,62.4,2.6,0
C3892,47,Enterprise,2,3079.01,64.3,21.8,4,0,0,1.9,3,0,0,68.9,4.9,0
C3893,62,Basic,16,519.62,35.6,-9.2,7,1,1,3.9,5,0,0,62.9,2.9,0
C3894,40,Enterprise,6,2980.86,27.3,1.8,6,0,0,1.1,0,1,0,53.3,4.3,0
C3895,45,Standard,56,944.88,48.2,22.2,7,0,0,7.5,1,0,0,89.0,3.8,0
C3896,68,Enterprise,28,2989.29,29.0,17.3,7,2,1,1.5,1,0,0,34.6,3.2,0
C3897,57,Standard,71,909.05,46.6,-16.0,11,1,1,0.8,1,1,3,95.0,4.1,0
C3898,71,Basic,1,445.55,41.4,-8.3,4,1,1,1.9,4,1,0,62.9,4.4,0
C3899,22,Basic,6,438.65,26.6,17.6,6,2,2,0.9,2,0,0,71.3,3.9,0
C3900,37,Basic,4,521.15,40.6,18.5,6,0,0,2.1,2,2,0,89.4,4.0,0
C3901,57,Basic,1,543.15,33.1,-7.2,8,0,0,0.5,3,1,1,71.0,2.5,1
C3902,73,Basic,5,576.83,67.9,-6.3,5,3,3,2.0,2,1,1,60.3,3.9,1
C3903,61,Basic,22,466.63,39.0,1.7,6,3,1,4.7,13,0,0,80.8,4.7,0
C3904,18,Standard,5,957.55,52.3,29.2,9,2,0,1.2,0,0,0,51.0,4.9,0
C3905,74,Premium,14,1551.58,44.6,21.7,7,3,0,14.5,1,1,0,98.0,4.5,0
C3906,47,Basic,43,479.35,50.4,12.3,4,0,0,0.7,16,0,0,72.4,4.0,0
C3907,38,Basic,23,554.52,62.2,-32.0,9,1,0,1.5,10,1,0,69.5,5.0,0
C3908,37,Standard,10,936.77,33.2,-11.9,4,0,0,2.4,7,0,0,43.6,3.7,0
C3909,23,Basic,9,544.69,35.1,-10.6,10,2,0,6.5,0,1,0,60.9,4.3,0
C3910,39,Basic,12,585.69,37.9,30.5,10,0,0,2.0,6,0,0,86.9,4.7,0
C3911,35,Basic,3,543.03,61.9,-11.0,6,4,1,4.7,0,0,0,43.9,4.6,0
C3912,25,Enterprise,20,2913.52,53.4,26.3,8,0,0,0.5,0,1,0,48.9,3.7,0
C3913,56,Premium,9,1511.9,41.8,-19.3,5,2,0,0.5,0,0,0,35.6,3.4,1
C3914,49,Standard,38,836.33,40.1,-17.3,11,1,0,0.5,3,0,1,61.8,4.4,0
C3915,50,Standard,28,905.06,38.4,7.0,6,2,2,0.5,4,1,1,62.6,2.8,1
C3916,70,Standard,18,902.75,48.1,34.2,5,3,3,0.8,1,0,0,12.9,3.6,0
C3917,33,Standard,9,875.65,61.0,-10.3,7,2,0,3.2,4,0,0,69.7,3.6,0
C3918,29,Standard,4,857.9,49.1,-69.1,7,0,0,5.5,2,0,1,60.7,3.1,1
C3919,55,Standard,29,877.79,43.9,-44.1,9,0,0,2.9,14,1,0,80.0,3.9,0
C3920,69,Basic,13,485.51,51.0,2.4,8,1,1,0.5,1,0,0,75.4,4.5,0
C3921,51,Basic,5,493.73,36.8,-41.9,6,0,0,4.3,4,1,0,65.5,4.1,0
C3922,31,Standard,4,903.22,64.1,-26.6,7,2,1,2.8,0,1,2,85.3,5.0,1
C3923,53,Premium,3,1522.41,64.0,-4.7,4,1,0,1.3,0,0,1,69.2,3.4,0
C3924,50,Standard,30,886.5,43.2,-66.2,6,0,0,0.7,3,0,0,81.9,3.3,0
C3925,40,Premium,5,1550.19,35.9,-14.5,6,1,1,0.5,1,0,0,63.5,3.4,0
C3926,67,Enterprise,14,2997.47,35.9,-34.1,8,2,2,2.4,9,1,1,74.5,3.3,1
C3927,62,Basic,12,535.98,39.8,-42.5,4,1,1,6.4,0,1,0,53.4,3.8,1
C3928,19,Standard,17,886.82,47.1,-25.1,11,3,1,0.5,11,0,0,86.5,3.9,0
C3929,58,Standard,41,1008.75,26.3,-31.7,9,2,2,0.5,0,0,1,77.7,5.0,0
C3930,38,Enterprise,40,3017.69,41.4,6.7,2,1,1,1.1,4,0,0,95.5,5.0,0
C3931,19,Enterprise,11,3064.41,54.2,24.9,6,4,2,1.7,7,2,1,41.6,5.0,1
C3932,44,Standard,1,871.24,39.2,-14.1,6,2,0,17.4,2,0,1,98.0,4.4,0
C3933,74,Basic,11,481.11,34.8,-19.9,9,1,1,2.7,4,0,0,49.6,3.4,1
C3934,26,Premium,18,1488.91,46.2,-15.4,10,0,0,6.2,1,0,0,31.4,3.4,0
C3935,18,Basic,16,597.92,41.6,-32.7,9,2,2,0.9,2,1,3,81.7,2.5,1
C3936,28,Premium,21,1490.49,50.9,-37.2,2,1,0,8.4,0,1,0,78.8,3.1,1
C3937,20,Enterprise,3,2966.06,31.4,-46.1,5,1,0,4.8,1,0,0,44.0,3.5,1
C3938,69,Standard,20,951.04,46.5,-38.2,11,2,0,1.4,8,0,0,67.0,4.9,1
C3939,40,Standard,4,901.35,55.3,35.8,8,1,0,4.9,4,0,0,85.2,4.2,0
C3940,43,Standard,27,890.28,23.0,-22.3,9,1,0,7.6,7,1,0,55.5,4.5,0
C3941,21,Standard,8,874.59,61.0,-78.5,7,4,3,1.6,2,1,0,60.4,4.3,1
C3942,35,Basic,24,518.55,47.0,-19.7,7,2,2,6.2,0,0,2,74.7,3.7,1
C3943,72,Premium,1,1541.51,35.7,-44.8,6,3,0,2.1,9,1,0,63.8,4.4,1
C3944,23,Enterprise,10,3030.52,61.9,-3.5,9,1,0,4.8,13,0,1,62.6,4.7,0
C3945,52,Enterprise,24,2979.83,23.1,-6.2,4,1,1,1.2,7,0,1,58.2,3.4,1
C3946,39,Basic,5,459.49,33.9,-3.6,8,1,1,4.1,3,2,0,86.6,5.0,0
C3947,60,Premium,31,1338.24,40.4,-6.0,8,2,2,7.3,2,2,0,72.2,3.6,0
C3948,32,Premium,19,1461.18,27.7,-14.3,5,1,1,2.3,9,0,1,50.9,3.0,1
C3949,39,Basic,17,484.11,42.7,-41.4,3,0,0,5.3,2,1,1,72.7,2.9,1
C3950,54,Basic,8,496.64,40.2,-6.9,5,1,0,2.8,3,0,0,84.4,3.8,0
C3951,69,Basic,13,488.17,31.7,20.5,6,0,0,6.6,2,1,0,74.5,4.4,0
C3952,59,Enterprise,18,3111.04,49.5,40.3,11,0,0,0.9,0,0,0,72.7,3.6,0
C3953,29,Standard,12,918.65,52.4,-10.9,9,2,2,0.5,8,0,0,81.9,4.1,0
C3954,64,Premium,23,1449.49,65.6,-8.2,4,0,0,3.9,5,0,3,45.1,2.9,0
C3955,66,Basic,11,525.22,40.7,7.5,7,1,1,5.3,2,0,2,75.6,4.2,0
C3956,59,Premium,4,1514.66,30.9,32.3,15,2,1,0.5,0,1,0,81.1,4.4,0
C3957,55,Basic,4,457.0,32.3,-17.2,11,2,2,3.8,0,1,0,63.5,3.5,0
C3958,35,Standard,1,910.55,58.8,12.3,8,0,0,0.8,4,1,0,65.2,2.6,0
C3959,62,Standard,7,920.21,44.6,-25.6,6,2,0,16.0,11,0,0,60.4,2.8,1
C3960,52,Basic,27,539.98,41.6,3.2,6,1,1,5.3,2,0,0,52.2,4.0,0
C3961,47,Premium,31,1427.97,56.0,19.3,10,2,2,0.6,2,0,1,56.9,4.5,0
C3962,41,Basic,4,524.92,36.4,-37.3,6,0,0,2.3,4,0,0,57.0,2.7,1
C3963,59,Standard,63,955.4,62.1,-18.1,4,2,0,5.4,7,0,0,61.6,4.0,0
C3964,47,Standard,13,974.51,37.7,18.9,8,1,1,2.6,6,0,2,47.6,2.5,0
C3965,31,Standard,49,849.96,54.5,10.4,4,4,2,13.5,5,0,0,57.7,5.0,0
C3966,23,Basic,24,493.16,44.0,20.9,8,1,0,2.0,1,0,1,98.0,4.6,0
C3967,20,Basic,25,497.04,45.4,16.2,9,0,0,7.6,0,0,0,83.9,4.9,0
C3968,33,Enterprise,1,3026.02,40.6,-13.5,10,0,0,0.5,0,1,1,89.5,4.4,0
C3969,24,Basic,4,492.41,61.9,50.0,7,0,0,2.8,13,1,0,50.8,4.2,1
C3970,69,Premium,1,1470.38,34.9,-1.6,6,2,0,18.7,2,1,0,96.2,1.6,1
C3971,31,Enterprise,25,3007.69,56.9,-81.4,6,1,0,4.0,0,1,1,82.3,4.3,1
C3972,26,Basic,8,485.5,33.2,-12.1,8,0,0,0.6,0,2,1,59.4,3.1,0
C3973,32,Basic,30,521.49,26.1,-16.7,6,1,1,3.8,0,0,2,56.3,4.7,0
C3974,38,Standard,8,866.62,49.1,14.9,8,0,0,1.9,1,0,0,49.8,3.0,0
C3975,52,Enterprise,34,2958.11,42.4,-16.3,5,0,0,4.3,7,0,0,78.5,2.7,0
C3976,19,Enterprise,2,3051.62,43.5,22.5,8,0,0,1.5,14,0,1,61.8,3.5,0
C3977,44,Standard,3,989.9,29.4,9.0,6,0,0,2.4,2,0,0,69.8,4.2,0
C3978,19,Premium,8,1571.89,42.4,-30.0,8,2,2,0.9,1,1,1,76.9,3.9,1
C3979,52,Basic,10,496.12,36.9,-8.5,5,1,1,0.6,0,1,0,98.0,3.9,0
C3980,35,Enterprise,8,3041.21,69.6,-24.4,9,2,0,1.2,1,1,0,64.1,3.3,1
C3981,31,Enterprise,28,2971.55,51.0,-0.4,4,1,0,5.2,3,2,1,64.8,4.6,0
C3982,37,Basic,2,519.33,44.3,-24.5,9,1,0,5.5,11,0,1,98.0,4.2,0
C3983,35,Basic,8,475.65,54.9,-3.1,10,4,3,2.7,2,0,2,90.0,4.9,0
C3984,27,Basic,36,549.26,39.8,-11.8,6,2,0,0.7,0,0,1,67.4,2.6,0
C3985,42,Basic,1,543.94,44.8,-8.8,7,1,1,5.8,11,0,0,66.4,3.5,0
C3986,19,Premium,57,1582.04,39.5,46.3,7,1,1,7.1,13,1,1,87.2,5.0,0
C3987,42,Standard,72,889.83,37.3,-14.0,6,1,0,0.5,9,1,0,42.9,4.8,0
C3988,71,Basic,1,562.16,46.9,-53.4,9,0,0,1.9,7,0,1,70.3,3.8,0
C3989,50,Basic,6,519.26,54.8,20.4,8,1,0,2.8,6,0,2,78.5,3.5,0
C3990,53,Enterprise,9,3002.02,43.1,20.2,9,5,2,5.7,0,0,0,25.8,3.5,1
C3991,48,Standard,29,912.48,34.7,-54.5,11,1,0,3.5,1,0,1,92.1,2.4,0
C3992,31,Standard,18,966.92,41.0,-22.5,16,0,0,1.9,5,0,0,58.8,2.5,0
C3993,18,Basic,20,493.72,37.0,5.9,6,0,0,2.2,8,1,1,52.7,2.1,1
C3994,63,Enterprise,28,2995.76,39.6,8.1,11,1,1,2.0,1,0,1,52.2,5.0,0
C3995,33,Premium,2,1416.37,37.7,-5.1,7,0,0,0.5,3,0,0,79.2,4.5,0
C3996,71,Basic,35,493.12,51.3,-4.6,9,2,0,5.4,0,0,0,49.5,3.4,1
C3997,63,Basic,24,509.57,74.3,-28.5,2,1,1,0.5,7,1,1,46.1,3.7,1
C3998,69,Basic,17,468.51,39.2,-65.0,6,3,1,4.1,1,0,0,66.3,2.8,1
C3999,20,Basic,44,458.69,44.2,46.2,11,0,0,0.6,0,0,0,43.3,2.8,0
C4000,52,Standard,24,824.95,37.7,-29.2,4,0,0,1.9,7,0,1,76.3,4.1,0
C4001,58,Enterprise,4,2975.61,36.0,-0.6,4,3,2,0.5,0,1,1,54.0,3.4,1
C4002,23,Standard,11,955.85,37.8,-9.0,5,1,0,3.1,2,0,0,49.3,3.9,0
C4003,42,Premium,13,1439.73,23.9,17.4,7,2,0,8.1,0,2,1,79.2,4.3,0
C4004,30,Standard,1,930.56,51.0,-2.1,6,1,0,3.3,2,0,0,60.6,5.0,0
C4005,70,Premium,61,1534.17,30.3,-1.2,7,3,1,1.7,10,0,0,41.7,4.5,0
C4006,51,Premium,2,1597.11,48.6,-70.9,4,1,1,9.7,4,0,0,65.6,3.7,1
C4007,25,Basic,23,540.53,43.4,-25.8,9,1,1,1.2,16,0,0,63.4,2.0,0
C4008,38,Standard,14,937.18,42.1,13.6,4,2,0,1.0,2,0,0,71.4,2.9,0
C4009,51,Standard,1,913.71,51.6,11.4,4,0,0,4.4,8,0,0,62.0,3.2,0
C4010,21,Basic,51,499.03,47.8,-28.8,5,2,0,11.0,9,1,2,75.1,2.9,1
C4011,42,Standard,38,933.09,50.8,-44.5,8,0,0,5.3,0,1,2,69.2,3.3,0
C4012,32,Standard,14,948.95,50.4,-1.8,11,0,0,1.7,15,0,2,52.3,3.3,0
C4013,21,Enterprise,5,3005.82,50.3,-77.7,7,0,0,1.1,8,0,0,67.9,3.2,1
C4014,62,Standard,2,950.68,45.6,-33.7,9,3,0,2.2,3,0,1,71.3,3.7,1
C4015,29,Premium,9,1614.33,63.7,39.0,9,0,0,4.7,3,0,2,63.9,3.4,0
C4016,49,Standard,5,901.83,45.3,31.1,11,0,0,1.2,1,0,1,65.2,5.0,0
C4017,49,Premium,14,1502.96,71.7,7.2,5,0,0,6.4,3,0,0,90.3,3.2,0
C4018,45,Standard,67,895.32,36.2,2.7,4,1,0,3.5,5,0,0,68.0,3.9,0
C4019,30,Premium,17,1504.35,32.3,-53.8,8,3,3,2.3,4,0,0,65.4,3.8,1
C4020,48,Standard,44,947.92,51.7,-23.5,4,0,0,0.5,1,1,0,70.3,4.1,0
C4021,31,Standard,21,902.48,24.1,-12.4,7,0,0,1.9,4,1,1,49.1,4.7,0
C4022,37,Standard,12,906.57,53.0,-23.0,7,0,0,1.0,0,2,0,73.3,3.9,0
C4023,35,Standard,38,889.01,28.6,-13.8,7,1,0,2.5,0,0,1,70.7,2.5,0
C4024,46,Basic,12,518.56,42.3,27.5,17,1,0,3.7,0,1,3,49.8,3.5,0
C4025,23,Basic,40,478.87,52.9,-18.5,9,1,1,1.3,5,0,1,73.6,3.5,0
C4026,49,Basic,6,449.95,29.5,-13.5,8,3,0,5.9,9,0,0,53.9,4.2,0
C4027,46,Premium,2,1516.91,41.1,13.5,5,2,1,7.1,0,0,0,47.5,3.1,0
C4028,60,Basic,38,578.18,54.1,-40.5,6,1,1,0.9,9,0,0,91.3,3.5,0
C4029,19,Basic,17,487.4,24.6,-26.0,12,0,0,0.5,1,0,0,44.7,3.3,0
C4030,40,Premium,43,1457.35,45.8,-23.4,10,0,0,0.7,3,0,1,91.5,4.6,0
C4031,36,Basic,55,575.63,37.7,-3.6,4,1,1,2.1,0,0,0,92.7,3.6,1
C4032,48,Standard,1,900.82,59.1,-13.6,13,1,1,3.9,2,1,1,85.6,4.0,1
C4033,68,Basic,13,536.78,39.3,-12.8,7,0,0,3.2,2,2,0,69.1,3.9,0
C4034,22,Enterprise,9,2969.84,74.7,-21.6,5,2,0,3.1,1,2,0,98.0,2.4,1
C4035,36,Premium,19,1499.39,44.2,-31.8,6,0,0,0.9,6,1,0,89.7,2.9,1
C4036,51,Premium,31,1555.02,42.8,10.2,6,3,3,0.6,3,3,0,37.6,5.0,1
C4037,27,Standard,6,904.23,37.0,-13.4,4,1,0,0.5,2,0,0,52.2,3.5,0
C4038,42,Premium,16,1504.73,39.7,10.5,10,0,0,2.0,6,0,0,64.5,2.3,0
C4039,19,Basic,24,439.46,52.0,-32.8,11,1,0,1.3,4,0,1,23.8,2.7,1
C4040,28,Basic,2,530.48,40.6,-21.6,11,2,0,2.8,0,1,0,61.8,5.0,1
C4041,67,Basic,33,467.56,36.6,-10.5,6,2,1,3.2,2,1,2,88.0,3.5,0
C4042,48,Standard,18,943.79,30.2,-8.2,8,2,1,1.2,6,0,0,70.2,4.0,0
C4043,73,Standard,59,907.1,38.6,13.9,4,1,0,2.8,4,2,0,53.6,4.7,0
C4044,32,Standard,8,910.65,51.2,-15.8,7,3,3,3.3,4,0,0,64.4,3.8,1
C4045,26,Basic,2,529.9,36.4,13.7,8,1,0,7.4,3,2,2,73.2,3.8,0
C4046,40,Standard,14,914.01,82.9,4.4,11,2,1,0.6,10,1,0,82.0,4.0,0
C4047,36,Premium,1,1567.74,61.9,-7.7,11,1,0,1.7,2,0,2,67.7,1.9,0
C4048,26,Standard,69,961.4,24.6,-28.8,5,0,0,1.3,3,0,1,66.7,3.9,0
C4049,52,Premium,1,1450.31,40.2,13.9,8,3,0,1.0,8,0,0,79.3,3.2,0
C4050,38,Basic,28,492.17,38.2,-28.2,4,2,2,1.9,3,0,0,64.0,3.1,1
C4051,26,Premium,14,1532.46,26.9,-5.5,4,5,1,10.0,2,0,0,58.9,4.0,0
C4052,45,Standard,9,861.3,38.6,-6.3,6,1,0,6.5,1,0,0,60.4,2.6,0
C4053,63,Basic,1,436.28,38.5,-10.2,6,1,0,2.6,13,1,1,34.7,4.2,1
C4054,68,Basic,19,468.59,52.7,-14.7,5,2,1,1.8,5,0,0,61.5,5.0,0
C4055,24,Standard,17,894.39,55.9,-25.6,5,4,1,2.0,0,1,0,84.2,3.8,1
C4056,33,Premium,6,1336.42,53.0,-45.4,6,0,0,1.0,0,0,0,74.4,2.8,0
C4057,33,Standard,48,854.44,61.4,30.1,6,1,0,3.8,0,0,1,94.1,3.6,0
C4058,50,Basic,7,427.86,44.0,-17.3,9,3,2,1.1,1,1,1,84.7,1.9,1
C4059,21,Premium,11,1544.87,44.0,-8.2,9,2,1,0.5,4,1,1,96.2,5.0,0
C4060,21,Standard,15,936.26,51.8,-8.4,9,3,2,1.4,3,0,0,78.1,5.0,0
C4061,56,Standard,2,910.14,38.7,22.4,4,1,1,2.3,1,0,0,67.8,4.0,0
C4062,57,Standard,53,903.0,46.3,43.3,3,1,0,4.6,0,0,2,58.2,2.6,0
C4063,34,Basic,9,520.79,45.7,-1.0,4,0,0,2.3,4,0,0,31.8,3.0,0
C4064,54,Standard,1,859.07,48.0,-8.9,6,2,2,0.5,0,0,2,66.4,5.0,0
C4065,56,Standard,9,949.12,56.8,-33.1,7,2,0,4.3,0,0,1,41.3,3.9,1
C4066,69,Enterprise,18,3002.72,35.2,-41.1,8,2,0,5.2,1,2,0,60.5,5.0,1
C4067,46,Standard,14,935.7,35.5,-49.3,10,2,2,0.5,0,0,1,13.0,2.2,1
C4068,69,Standard,23,934.06,72.4,-24.9,5,2,0,4.5,3,0,1,71.8,3.1,0
C4069,53,Standard,1,920.36,35.3,-57.3,4,0,0,3.7,5,0,0,56.4,3.7,1
C4070,55,Enterprise,6,3011.52,39.2,22.0,7,1,0,1.7,2,1,0,37.8,2.6,1
C4071,56,Premium,34,1508.54,49.3,5.6,8,0,0,5.6,0,1,1,63.4,2.8,0
C4072,67,Standard,1,896.48,25.5,-11.3,8,1,1,4.3,2,0,0,72.4,5.0,0
C4073,54,Premium,38,1518.32,37.7,22.7,7,0,0,2.9,2,0,0,90.7,4.4,0
C4074,69,Standard,1,907.25,32.1,-31.8,4,2,0,5.0,8,2,1,75.0,3.9,1
C4075,52,Standard,35,879.52,30.0,-25.5,7,0,0,2.0,3,0,1,56.9,3.4,0
C4076,24,Basic,8,523.39,56.5,-53.3,4,1,1,3.3,0,1,1,68.5,5.0,0
C4077,44,Standard,18,910.22,53.1,14.4,3,0,0,0.5,15,1,0,61.4,2.6,0
C4078,45,Basic,3,547.39,33.8,-25.3,7,3,2,2.1,0,0,1,57.0,4.2,1
C4079,39,Enterprise,1,2926.58,57.2,-4.6,10,0,0,3.3,3,0,1,49.7,3.9,1
C4080,31,Basic,4,500.45,58.3,20.1,7,2,2,0.5,1,1,0,80.2,3.5,0
C4081,24,Enterprise,2,2970.0,61.4,29.3,8,0,0,1.8,4,1,0,67.6,3.9,0
C4082,54,Standard,7,878.3,58.6,-5.7,8,1,1,2.7,0,1,1,86.2,4.0,0
C4083,39,Standard,14,921.39,46.6,4.6,6,2,1,1.6,2,1,0,70.1,3.3,0
C4084,22,Standard,17,841.56,38.9,-27.6,7,3,1,1.6,2,0,0,87.7,4.5,0
C4085,72,Basic,31,504.33,53.0,37.1,9,1,1,6.8,4,0,0,37.7,3.7,0
C4086,19,Standard,21,900.22,39.8,-9.2,7,2,1,11.7,3,1,0,62.0,3.1,1
C4087,44,Basic,18,457.0,47.1,-3.0,9,2,2,0.5,0,1,2,56.9,4.8,0
C4088,38,Standard,10,905.32,38.5,-15.2,9,1,0,8.5,4,1,1,46.0,1.7,1
C4089,71,Standard,12,868.54,42.8,25.0,9,1,1,1.7,2,1,0,56.1,2.7,0
C4090,55,Premium,10,1586.9,31.8,-0.0,7,2,1,1.0,0,2,0,53.5,5.0,0
C4091,32,Basic,36,547.08,52.1,14.0,6,1,0,0.6,2,1,1,63.5,3.4,0
C4092,38,Basic,5,501.69,47.9,3.8,10,2,0,4.8,1,0,0,61.1,4.2,0
C4093,27,Standard,1,881.73,29.1,-10.5,8,1,0,4.5,2,1,0,58.0,3.4,0
C4094,40,Enterprise,21,3019.16,39.8,18.2,7,1,0,0.5,9,0,1,57.7,4.0,0
C4095,73,Premium,4,1529.7,54.7,3.6,11,0,0,11.2,8,0,2,69.2,3.8,0
C4096,56,Standard,44,909.18,33.8,-29.0,6,1,0,0.5,0,0,1,43.3,5.0,0
C4097,22,Standard,39,858.39,34.1,-29.7,16,1,1,2.4,2,1,2,70.3,3.6,1
C4098,18,Basic,1,490.62,41.0,-1.3,7,2,0,3.6,0,0,0,60.6,4.7,0
C4099,30,Enterprise,2,3002.12,36.5,17.7,5,4,0,7.7,0,0,0,65.6,3.9,0
C4100,38,Standard,13,910.61,64.3,36.0,8,1,1,1.1,0,0,2,77.8,3.7,0
C4101,43,Basic,18,511.53,36.4,-49.4,5,2,2,1.1,13,0,0,16.8,4.4,1
C4102,67,Standard,6,928.23,37.8,-4.4,5,2,1,5.3,10,0,1,30.4,3.7,0
C4103,62,Basic,25,552.67,21.9,7.2,10,1,1,1.9,4,0,0,65.6,3.1,0
C4104,38,Enterprise,18,3039.5,40.6,2.4,7,1,0,0.8,1,0,1,96.9,2.3,0
C4105,70,Basic,7,522.61,52.8,20.2,13,2,2,0.5,0,0,0,53.8,3.3,0
C4106,35,Standard,1,848.69,51.6,11.4,4,2,1,4.8,0,2,0,73.4,5.0,0
C4107,54,Basic,27,546.45,52.2,-29.6,9,1,0,0.5,0,0,0,48.8,2.1,0
C4108,62,Premium,4,1531.75,50.5,-30.4,8,0,0,3.6,2,0,2,53.2,4.8,0
C4109,49,Premium,35,1488.77,67.6,2.8,7,2,2,2.0,3,1,0,60.8,4.5,0
C4110,53,Standard,10,900.19,46.8,19.8,9,0,0,3.5,3,1,0,76.4,4.5,0
C4111,34,Standard,17,901.62,37.5,-1.4,8,2,0,5.0,4,1,0,62.3,5.0,0
C4112,52,Premium,41,1481.49,38.2,-44.4,3,1,0,3.7,2,0,0,74.2,4.5,0
C4113,66,Basic,39,429.08,40.2,-31.2,7,2,2,2.2,3,0,2,38.7,3.4,1
C4114,28,Basic,9,454.34,35.5,12.3,6,0,0,8.3,12,1,0,44.8,4.0,1
C4115,38,Basic,4,462.74,48.0,-13.7,4,0,0,0.5,3,0,0,57.0,4.6,0
C4116,69,Enterprise,29,2920.29,53.7,-2.1,6,3,2,0.5,8,0,0,74.3,4.2,0
C4117,72,Standard,11,854.47,38.8,21.6,5,1,0,2.3,0,1,0,55.8,3.3,0
C4118,70,Premium,4,1544.65,57.8,-35.1,8,3,3,1.0,7,1,0,69.2,4.6,1
C4119,43,Standard,46,918.44,31.6,-15.4,9,2,0,2.0,4,0,0,64.9,4.1,0
C4120,21,Basic,4,460.16,25.4,-18.1,2,1,0,1.2,0,1,1,67.8,3.9,1
C4121,51,Basic,1,471.47,38.5,3.9,3,3,0,0.9,0,0,1,62.8,3.8,0
C4122,69,Basic,1,548.17,26.2,14.3,4,0,0,9.0,0,0,0,46.0,3.5,0
C4123,65,Standard,19,947.18,34.6,-42.0,8,3,0,0.9,2,0,0,69.2,3.7,1
C4124,35,Basic,21,501.8,45.4,-5.1,8,3,2,0.5,1,1,0,55.3,3.8,0
C4125,57,Basic,7,545.99,28.4,16.7,9,1,1,0.9,1,0,0,45.8,3.3,0
C4126,52,Premium,7,1468.36,44.4,-51.4,5,2,0,2.0,2,0,0,64.6,4.7,1
C4127,58,Enterprise,8,3008.09,36.7,-6.6,5,0,0,0.9,7,1,0,37.5,3.8,0
C4128,46,Basic,22,440.03,50.4,-35.4,7,1,1,0.5,0,1,0,79.5,2.6,0
C4129,69,Basic,1,484.43,29.7,-21.0,11,1,1,1.1,7,1,0,68.0,3.4,0
C4130,46,Basic,52,500.12,36.7,-67.6,7,1,1,8.3,10,0,0,73.6,3.5,1
C4131,55,Standard,5,831.6,35.3,29.8,5,1,1,4.9,0,0,0,46.1,5.0,0
C4132,59,Premium,72,1522.72,45.4,-13.9,7,0,0,0.9,1,0,0,60.1,3.9,0
C4133,38,Basic,3,529.41,37.7,-25.2,6,2,0,3.3,4,1,0,60.3,3.0,1
C4134,59,Basic,29,539.44,50.1,3.2,5,0,0,6.8,15,0,0,98.0,3.1,0
C4135,30,Premium,5,1592.37,45.7,-31.1,8,0,0,12.4,8,0,3,78.6,3.8,0
C4136,66,Standard,1,915.67,42.9,-33.4,12,1,0,0.5,5,0,1,87.8,4.1,0
C4137,58,Basic,41,496.44,40.4,32.8,4,1,1,0.8,11,0,2,90.5,3.6,0
C4138,34,Standard,39,834.92,65.5,40.2,9,1,0,10.1,16,0,0,78.3,4.6,0
C4139,73,Basic,10,514.68,44.2,-19.8,9,1,1,7.6,9,0,1,70.1,3.7,0
C4140,26,Standard,24,921.38,47.6,21.7,3,0,0,1.2,0,0,0,63.4,3.6,0
C4141,58,Premium,16,1444.76,47.4,3.9,6,1,0,0.8,5,1,1,67.6,4.3,0
C4142,18,Premium,38,1489.4,37.7,-40.3,5,1,0,5.9,2,2,1,70.2,5.0,0
C4143,19,Standard,7,899.45,25.3,-28.2,9,0,0,0.5,6,1,0,67.7,4.0,0
C4144,65,Enterprise,14,3020.18,64.0,33.8,9,1,1,3.4,0,1,1,61.7,1.8,0
C4145,46,Standard,13,933.25,39.0,-40.7,9,2,2,8.3,7,1,0,50.2,4.4,1
C4146,50,Premium,8,1477.54,47.0,52.0,2,2,0,0.7,1,0,0,57.8,5.0,0
C4147,27,Standard,44,907.05,65.0,-19.3,3,3,1,0.5,5,1,2,85.2,4.2,0
C4148,67,Premium,3,1521.95,38.1,34.5,6,0,0,3.6,0,2,1,77.6,2.7,0
C4149,57,Enterprise,3,2991.73,27.4,-12.6,6,1,1,3.3,0,1,0,66.9,5.0,0
C4150,38,Basic,17,482.14,41.1,15.0,9,2,2,0.5,4,1,0,63.6,4.1,0
C4151,45,Enterprise,21,3027.5,58.8,29.9,5,2,0,1.6,2,1,0,73.2,2.9,0
C4152,28,Premium,4,1491.89,37.1,29.7,10,1,1,9.2,7,0,0,40.0,2.3,1
C4153,72,Premium,9,1451.12,32.3,-19.6,5,0,0,0.9,9,1,0,59.6,2.1,1
C4154,51,Basic,58,553.92,28.0,-26.4,7,3,0,2.6,2,0,0,60.4,4.3,1
C4155,25,Premium,5,1455.55,80.5,-7.0,9,1,0,1.5,3,0,0,51.1,4.9,0
C4156,39,Premium,22,1495.22,62.9,-37.5,9,1,1,8.2,1,1,0,51.7,4.4,1
C4157,25,Basic,26,511.87,22.4,1.0,4,1,1,2.6,1,1,0,61.3,4.3,0
C4158,66,Enterprise,11,3017.21,52.3,-25.5,10,0,0,2.1,7,0,0,56.3,5.0,0
C4159,32,Basic,55,505.78,64.4,22.1,7,2,0,7.8,0,0,0,84.8,4.5,0
C4160,34,Basic,26,381.31,42.9,-19.3,7,2,0,3.6,2,1,0,52.7,2.3,1
C4161,40,Standard,12,870.9,39.4,-48.6,4,1,0,1.5,2,0,0,59.9,3.3,1
C4162,41,Standard,16,910.85,40.1,30.0,9,2,1,17.4,3,0,0,69.8,4.2,0
C4163,62,Standard,23,894.64,61.7,-0.4,5,0,0,8.7,3,0,0,52.9,4.7,0
C4164,36,Basic,17,519.47,34.8,-4.3,5,0,0,1.1,2,1,1,80.2,3.7,0
C4165,22,Enterprise,42,3039.86,35.0,22.4,11,0,0,0.5,2,1,0,49.4,4.7,0
C4166,49,Basic,8,519.27,23.6,16.8,6,1,0,0.5,3,2,0,64.9,3.8,0
C4167,61,Basic,7,469.84,34.9,-24.0,8,2,0,0.6,4,1,0,54.7,3.6,1
C4168,18,Basic,4,477.46,20.6,-16.2,9,2,2,4.6,6,1,1,62.6,3.5,0
C4169,40,Standard,1,964.26,39.8,-32.8,5,0,0,1.7,4,0,0,54.2,2.6,1
C4170,54,Enterprise,1,2991.84,59.4,-41.6,7,3,3,1.5,0,0,0,76.3,3.8,1
C4171,25,Standard,40,895.18,48.9,9.5,1,2,2,2.9,1,0,3,52.9,3.2,1
C4172,30,Premium,22,1519.4,50.7,4.8,6,0,0,0.5,0,1,0,58.0,5.0,0
C4173,25,Basic,21,548.49,47.2,14.0,4,0,0,1.1,6,0,2,69.8,4.0,0
C4174,74,Standard,19,862.95,41.4,27.0,13,0,0,2.3,2,1,1,44.8,4.3,0
C4175,40,Standard,37,879.16,41.9,14.4,7,0,0,2.2,1,0,0,94.3,2.8,0
C4176,60,Standard,13,834.84,47.5,16.6,5,2,2,3.3,5,0,2,98.0,4.3,0
C4177,18,Basic,40,487.15,38.3,-56.9,1,1,1,1.3,0,0,1,65.6,4.5,1
C4178,62,Standard,8,921.7,34.2,-12.7,7,0,0,1.7,4,1,1,63.4,2.8,1
C4179,68,Standard,52,884.43,39.3,19.1,9,2,1,0.5,2,0,0,53.6,2.4,0
C4180,41,Premium,23,1569.39,30.9,-34.2,9,0,0,3.7,2,0,0,83.5,5.0,0
C4181,52,Standard,5,903.65,35.5,-2.7,7,2,0,2.4,4,1,0,64.3,4.6,0
C4182,41,Basic,16,494.91,56.5,8.0,9,2,0,0.5,0,0,1,39.6,3.3,0
C4183,34,Standard,15,884.91,41.1,6.1,6,1,0,2.5,0,0,1,67.3,4.2,0
C4184,22,Basic,2,444.61,47.1,4.2,4,2,2,1.1,2,0,1,90.9,4.1,1
C4185,37,Premium,17,1495.39,49.0,10.0,8,2,2,0.6,0,0,1,46.0,3.8,0
C4186,38,Standard,7,913.34,43.9,-0.5,6,1,0,0.5,2,1,0,49.1,2.9,0
C4187,57,Basic,1,494.28,54.1,-41.6,10,0,0,14.0,3,0,0,20.1,3.0,1
C4188,48,Enterprise,59,3008.24,37.0,7.7,9,0,0,10.3,4,0,2,58.3,2.4,0
C4189,63,Standard,20,872.17,47.6,2.1,3,0,0,6.1,1,0,0,57.4,3.8,1
C4190,53,Basic,41,449.21,33.2,-41.2,10,3,2,0.9,5,0,0,98.0,3.4,0
C4191,28,Standard,22,894.75,22.6,29.5,8,2,0,7.1,0,1,0,53.5,4.2,0
C4192,69,Basic,8,507.82,36.5,8.3,4,0,0,8.0,10,0,0,81.2,2.4,0
C4193,32,Premium,14,1492.25,41.8,-39.5,7,1,1,0.5,0,0,1,26.8,3.6,1
C4194,36,Premium,22,1507.14,33.7,-25.4,5,1,0,2.6,2,1,1,51.9,2.0,0
C4195,24,Enterprise,64,3030.07,64.0,-19.1,5,1,1,0.5,0,0,0,57.5,3.5,0
C4196,68,Standard,5,929.91,42.3,-19.1,6,3,1,2.7,2,1,0,75.0,3.7,0
C4197,45,Standard,41,933.29,51.1,2.3,11,1,0,6.5,10,0,0,74.1,4.7,0
C4198,68,Premium,51,1539.21,60.1,-29.4,3,2,2,3.4,0,0,1,94.1,2.8,0
C4199,60,Basic,22,518.88,44.1,23.2,5,1,1,0.5,9,0,0,41.2,4.2,0
C4200,22,Standard,53,913.25,37.1,21.1,16,1,1,0.5,2,1,1,59.7,4.2,0
C4201,22,Standard,10,976.72,32.2,10.5,8,1,1,0.5,0,0,1,65.4,4.5,0
C4202,47,Basic,61,530.34,28.1,-3.9,8,2,2,8.4,5,0,0,59.4,3.3,0
C4203,71,Standard,24,865.19,52.4,18.4,8,2,1,14.8,2,1,1,39.5,3.9,0
C4204,49,Premium,1,1424.48,53.9,-11.9,11,0,0,2.3,2,1,0,75.3,5.0,0
C4205,25,Premium,47,1489.35,60.8,-23.1,5,0,0,1.5,3,0,0,50.0,4.7,0
C4206,27,Basic,13,523.99,57.8,24.8,11,0,0,1.5,7,0,1,73.1,3.3,0
C4207,55,Basic,12,537.36,65.9,2.9,8,0,0,1.9,2,2,2,65.8,3.0,0
C4208,64,Basic,16,448.98,54.1,-22.1,4,1,0,1.8,5,0,0,51.1,3.5,1
C4209,49,Premium,3,1528.18,46.0,-15.4,10,1,0,5.1,0,0,0,57.4,3.5,0
C4210,65,Basic,12,544.39,38.8,-23.4,7,2,0,2.6,0,0,1,37.9,5.0,0
C4211,45,Premium,35,1523.35,42.6,45.6,5,2,1,0.5,0,0,0,59.1,3.3,0
C4212,34,Basic,1,515.63,43.9,-4.9,6,2,2,0.5,0,0,0,53.9,3.8,0
C4213,48,Standard,6,893.69,63.2,-1.1,8,1,0,0.5,2,0,0,58.5,2.9,0
C4214,25,Standard,1,880.6,58.3,13.0,13,0,0,1.7,1,1,1,61.5,3.2,0
C4215,57,Premium,10,1530.42,35.2,-35.4,6,2,0,1.1,6,2,1,72.6,3.1,1
C4216,42,Basic,26,522.33,47.7,22.4,7,3,1,1.6,0,0,0,81.0,3.7,0
C4217,26,Standard,32,885.91,21.6,-20.2,7,2,0,0.5,4,0,0,67.7,3.2,1
C4218,19,Basic,58,600.68,51.5,40.8,7,2,1,8.3,1,0,1,85.8,3.3,0
C4219,32,Premium,18,1438.61,50.0,-12.8,7,0,0,6.2,2,0,0,57.2,3.6,0
C4220,67,Premium,5,1489.71,39.7,20.9,10,1,0,2.9,0,0,0,60.3,2.1,0
C4221,20,Basic,51,468.14,43.4,-67.4,6,1,0,3.0,5,1,2,98.0,3.8,0
C4222,66,Premium,29,1514.37,55.7,-34.4,5,3,2,2.5,8,1,1,76.9,4.3,1
C4223,53,Standard,17,821.04,40.3,-12.3,4,0,0,0.9,0,1,1,29.9,3.7,1
C4224,21,Basic,23,549.77,33.7,-55.8,9,1,0,3.7,1,0,1,53.9,4.3,0
C4225,31,Standard,51,939.22,51.2,10.0,6,0,0,0.5,2,0,1,72.2,4.0,0
C4226,58,Basic,24,509.69,42.6,2.8,3,1,1,3.1,7,0,0,82.9,3.7,0
C4227,58,Premium,9,1486.59,57.4,-29.8,4,2,2,2.0,6,0,2,45.9,4.1,1
C4228,42,Premium,24,1527.65,44.4,-5.4,15,1,1,0.5,3,0,0,65.0,2.7,0
C4229,72,Basic,1,512.15,20.0,15.2,6,1,1,2.0,0,1,0,61.5,3.7,0
C4230,67,Standard,9,937.08,47.0,-57.6,7,3,1,3.1,3,0,0,48.4,4.2,1
C4231,27,Premium,10,1494.1,48.4,-36.8,3,1,0,0.5,2,1,0,97.1,3.4,0
C4232,38,Enterprise,3,2991.74,58.2,-13.4,4,2,0,1.2,9,0,2,34.7,4.7,0
C4233,53,Standard,1,942.11,35.9,-4.4,2,2,0,0.8,1,0,1,67.6,3.3,0
C4234,29,Enterprise,2,3024.35,38.7,-6.5,8,2,1,0.5,6,1,0,24.8,2.9,1
C4235,44,Standard,21,892.04,36.2,17.2,13,1,0,0.5,3,1,0,83.4,5.0,0
C4236,57,Standard,32,913.71,57.1,6.9,8,2,1,0.7,0,0,1,70.3,5.0,0
C4237,19,Premium,72,1506.39,32.6,12.4,13,2,0,3.2,1,1,1,60.7,5.0,0
C4238,71,Standard,8,917.69,51.7,-39.7,7,3,1,10.0,0,1,0,56.0,3.3,1
C4239,30,Standard,18,949.78,35.4,-1.4,7,1,0,3.7,2,0,0,69.4,3.6,0
C4240,70,Standard,55,885.01,43.5,-12.7,2,2,2,13.8,6,1,1,46.8,3.7,1
C4241,49,Premium,3,1473.22,28.7,31.6,10,1,0,12.0,3,3,1,82.8,2.9,1
C4242,48,Premium,25,1509.95,50.7,-0.6,11,0,0,2.6,1,0,0,83.3,4.1,0
C4243,33,Standard,28,877.54,42.0,-21.7,10,0,0,0.9,5,1,0,98.0,1.9,0
C4244,49,Basic,1,462.56,53.1,16.3,6,1,1,8.5,3,0,0,48.3,3.9,0
C4245,49,Standard,39,938.74,50.4,9.1,6,0,0,2.7,0,0,1,82.0,3.8,0
C4246,51,Standard,33,887.51,39.2,-25.5,6,3,3,0.6,0,1,1,43.5,3.3,1
C4247,28,Basic,1,424.28,35.7,-13.7,7,1,0,1.7,0,0,1,87.7,3.7,0
C4248,27,Premium,1,1532.9,44.4,-13.3,9,0,0,1.4,1,0,1,54.9,5.0,0
C4249,32,Standard,1,881.47,37.9,25.7,5,0,0,1.6,3,1,1,50.4,3.6,0
C4250,34,Basic,8,522.11,68.8,0.1,10,0,0,0.5,10,0,0,53.5,3.7,0
C4251,57,Basic,14,542.34,44.1,13.2,5,0,0,2.2,4,0,0,67.7,4.2,0
C4252,35,Basic,15,506.59,59.3,-17.3,6,0,0,2.6,4,0,0,80.7,4.0,0
C4253,72,Enterprise,6,2917.58,47.2,3.4,10,0,0,7.3,0,0,0,55.5,2.9,0
C4254,26,Basic,48,420.45,41.8,27.6,7,2,0,0.5,0,0,0,55.8,4.2,0
C4255,42,Basic,9,472.1,35.1,-14.0,9,0,0,5.8,0,1,1,75.0,5.0,0
C4256,57,Standard,1,896.73,48.3,-2.1,5,1,0,3.5,3,1,1,75.0,4.0,0
C4257,31,Basic,7,547.01,33.6,-39.1,9,2,0,11.9,5,0,0,63.8,4.4,1
C4258,42,Basic,15,510.65,45.6,-24.1,5,0,0,6.2,6,0,0,67.6,4.8,0
C4259,67,Basic,10,603.69,48.6,-13.4,2,1,1,2.1,0,1,0,86.9,3.7,0
C4260,39,Standard,6,839.34,41.3,-31.5,6,2,0,5.3,5,1,0,98.0,3.2,1
C4261,69,Standard,2,903.85,53.1,28.0,8,1,0,9.0,1,0,0,66.0,3.3,0
C4262,47,Standard,34,881.18,38.3,-26.0,5,0,0,2.4,3,0,0,47.9,1.5,1
C4263,37,Standard,72,908.39,55.0,14.7,10,2,0,1.1,2,0,0,52.8,4.3,0
C4264,38,Enterprise,7,3069.07,59.2,-0.3,7,4,2,1.8,0,1,1,51.3,3.6,1
C4265,61,Standard,9,971.6,47.9,-4.2,4,0,0,1.9,7,0,0,54.9,5.0,0
C4266,49,Basic,19,501.18,52.8,32.2,8,3,1,3.2,5,1,1,81.0,3.5,0
C4267,68,Basic,25,533.46,50.2,-61.5,8,3,0,1.9,4,0,1,98.0,2.9,0
C4268,63,Standard,9,907.62,47.8,-9.9,10,0,0,3.2,1,0,0,75.7,4.1,0
C4269,66,Premium,47,1455.99,47.8,-32.0,11,1,1,0.5,19,0,0,77.1,3.0,0
C4270,73,Basic,16,499.57,32.6,-54.0,8,1,0,1.7,0,0,1,78.2,3.9,0
C4271,38,Premium,11,1478.8,56.3,-34.9,4,4,2,3.9,1,2,2,79.2,4.1,1
C4272,52,Basic,20,496.49,43.3,-4.6,12,3,1,0.5,0,1,1,41.6,3.3,0
C4273,49,Standard,61,864.92,44.5,-23.1,9,1,0,0.8,1,0,1,58.1,4.9,0
C4274,47,Premium,31,1505.21,42.7,17.4,7,1,1,4.6,2,0,0,58.5,5.0,0
C4275,72,Basic,1,511.23,35.5,-10.3,6,0,0,3.8,3,0,0,54.8,4.9,0
C4276,56,Standard,8,927.17,41.4,-13.1,9,1,0,1.5,0,0,0,54.4,4.8,0
C4277,66,Basic,12,511.39,60.1,-13.0,6,3,2,17.1,3,0,0,57.0,4.3,1
C4278,29,Premium,7,1564.38,60.3,-7.5,4,0,0,1.3,6,0,0,48.5,3.5,0
C4279,58,Basic,24,586.69,36.4,-15.5,5,0,0,1.0,10,2,0,81.9,1.7,1
C4280,64,Premium,35,1482.82,22.6,-26.3,10,1,0,1.5,0,0,2,77.6,3.3,0
C4281,35,Basic,26,537.8,28.0,19.7,3,2,2,4.9,8,1,0,88.1,3.5,0
C4282,38,Premium,72,1583.58,39.8,-20.6,5,2,2,0.5,8,0,1,49.4,3.1,1
C4283,30,Standard,6,938.84,27.0,-14.6,9,3,1,1.2,1,0,2,54.9,2.7,1
C4284,38,Premium,41,1527.69,36.0,5.7,9,1,0,3.3,4,1,0,89.3,5.0,0
C4285,25,Basic,29,426.13,57.5,3.0,9,1,1,7.0,4,0,0,65.3,3.8,0
C4286,63,Enterprise,8,2976.68,64.4,-27.3,6,4,3,2.0,11,0,0,67.5,3.0,1
C4287,57,Basic,26,482.52,29.1,13.9,5,1,1,1.7,1,1,1,54.3,4.4,0
C4288,63,Basic,2,554.49,42.4,8.4,8,4,0,1.5,0,0,0,70.4,4.3,0
C4289,24,Standard,31,869.78,19.7,-0.6,8,0,0,0.5,3,1,0,94.6,4.0,0
C4290,40,Basic,15,495.59,40.6,-15.8,6,0,0,9.7,1,0,0,73.2,3.8,0
C4291,61,Basic,6,532.61,53.6,-15.2,3,0,0,0.5,1,0,0,86.4,3.1,0
C4292,49,Enterprise,21,2967.97,37.5,-10.0,5,0,0,2.9,10,0,1,67.0,3.7,0
C4293,28,Enterprise,20,3010.16,53.3,-35.8,11,1,0,5.5,5,0,1,46.2,4.7,0
C4294,39,Standard,4,904.95,64.6,-6.0,7,1,0,6.8,4,0,0,60.3,2.6,0
C4295,39,Enterprise,1,3034.08,76.6,17.3,5,2,0,0.7,12,0,2,73.7,2.5,1
C4296,60,Standard,11,925.35,26.0,16.9,6,0,0,0.5,0,1,0,41.1,4.8,0
C4297,42,Basic,16,524.09,46.5,-14.5,9,1,0,5.1,3,0,1,88.4,3.5,0
C4298,39,Premium,41,1507.03,44.8,21.6,7,2,2,0.5,2,0,0,71.9,4.3,0
C4299,45,Standard,52,831.96,57.5,42.6,7,1,1,2.0,1,0,0,73.3,3.9,0
C4300,46,Enterprise,15,3004.59,60.4,-12.9,9,2,2,1.5,3,0,0,65.7,2.2,0
C4301,30,Basic,28,501.21,43.9,12.3,6,3,0,0.5,6,1,0,98.0,3.2,0
C4302,35,Standard,11,929.66,66.6,-61.6,4,2,2,2.7,3,0,0,71.4,1.3,1
C4303,19,Basic,27,482.08,42.3,-36.5,9,3,0,0.6,0,0,0,69.8,4.2,0
C4304,46,Basic,4,500.67,34.9,-2.7,6,3,2,3.8,3,0,0,73.9,3.9,0
C4305,38,Basic,9,501.93,53.4,-30.2,2,1,0,5.6,0,2,1,63.0,2.5,1
C4306,32,Enterprise,20,2970.5,32.1,46.0,2,0,0,0.9,0,1,0,66.1,4.6,0
C4307,69,Premium,1,1452.87,52.7,9.9,9,1,1,4.7,3,1,0,60.9,3.1,0
C4308,44,Premium,25,1514.3,53.3,19.1,10,1,0,3.6,0,1,0,57.5,1.9,0
C4309,67,Standard,36,939.31,57.4,-5.7,9,1,1,1.1,1,0,1,82.8,3.7,0
C4310,48,Basic,10,474.0,42.4,-30.1,9,3,0,0.8,4,0,0,67.9,2.7,0
C4311,32,Basic,11,490.29,56.0,-18.0,8,1,1,7.3,3,0,0,44.7,4.8,0
C4312,68,Basic,38,532.18,24.9,1.4,3,1,1,0.8,2,1,0,66.6,3.5,0
C4313,40,Standard,29,936.07,49.7,-20.9,5,0,0,0.5,1,0,0,81.5,4.7,0
C4314,41,Premium,6,1508.26,46.1,11.8,7,4,0,1.3,1,0,0,63.7,2.7,0
C4315,61,Standard,7,915.57,59.5,12.8,7,3,0,8.2,0,1,1,80.3,3.3,0
C4316,30,Basic,22,520.28,76.4,-4.9,7,1,1,3.1,2,0,0,80.3,2.7,0
C4317,39,Basic,16,527.44,68.9,-50.6,8,2,1,4.4,8,0,2,96.7,4.0,1
C4318,60,Basic,3,456.14,29.4,37.9,7,1,1,0.9,7,1,1,50.0,3.8,0
C4319,54,Standard,7,975.69,44.9,-10.3,12,2,0,2.4,6,1,2,40.0,3.0,1
C4320,50,Enterprise,46,3009.96,38.1,62.7,10,1,1,5.5,1,1,0,45.5,5.0,0
C4321,73,Standard,23,928.19,33.9,11.3,10,0,0,1.6,2,2,0,87.0,3.4,0
C4322,20,Premium,72,1468.53,49.4,-10.2,5,1,0,4.4,1,1,0,72.4,3.9,0
C4323,71,Standard,29,891.56,36.5,6.2,5,1,1,3.1,2,0,1,94.7,4.3,0
C4324,36,Standard,56,914.08,47.0,-55.5,7,1,0,1.4,2,0,0,42.0,3.3,1
C4325,40,Basic,4,426.82,41.0,20.7,2,1,0,1.9,2,0,2,73.8,3.9,1
C4326,46,Premium,29,1462.95,27.7,59.2,11,1,1,4.7,0,2,0,75.2,4.1,0
C4327,47,Premium,1,1469.99,49.6,-57.2,8,1,1,4.8,0,0,0,82.2,4.1,0
C4328,56,Basic,22,447.85,37.9,-12.2,7,2,2,7.8,1,1,1,46.3,3.1,0
C4329,61,Standard,12,903.24,56.9,-7.6,4,0,0,2.7,1,0,2,90.4,4.2,0
C4330,64,Standard,8,896.04,41.8,16.9,12,0,0,2.1,8,0,0,83.3,3.7,0
C4331,42,Standard,39,955.95,36.3,47.6,8,0,0,5.3,9,1,0,58.9,3.3,0
C4332,54,Enterprise,38,2954.17,43.6,4.6,3,0,0,1.7,4,0,0,64.0,1.8,0
C4333,64,Standard,1,908.39,51.2,48.5,4,1,0,3.1,12,0,0,87.4,3.4,0
C4334,25,Standard,18,863.8,37.6,-0.7,6,0,0,5.0,0,1,1,50.0,4.5,0
C4335,59,Basic,9,430.31,44.4,6.3,7,3,1,9.1,1,0,2,73.3,4.6,0
C4336,33,Basic,10,522.51,42.9,3.2,6,0,0,7.7,16,0,0,71.1,1.7,0
C4337,25,Basic,35,525.82,33.8,25.5,5,0,0,3.8,4,0,0,77.3,2.9,0
C4338,18,Basic,7,521.08,56.2,-15.6,5,1,0,0.5,12,1,0,43.2,4.0,1
C4339,61,Premium,57,1446.34,60.1,15.5,5,2,1,4.7,0,0,0,55.9,2.9,0
C4340,22,Premium,3,1502.34,51.1,-35.8,4,2,2,1.4,2,0,0,56.7,3.2,1
C4341,20,Basic,21,522.89,63.3,-12.1,8,3,2,6.3,1,0,1,49.2,5.0,0
C4342,18,Premium,22,1537.09,40.0,-20.9,5,2,2,0.5,9,1,0,74.7,4.0,1
C4343,21,Basic,5,524.13,40.9,-2.8,1,2,0,0.5,4,0,1,66.6,2.9,1
C4344,57,Basic,7,537.61,50.8,-12.9,4,1,1,4.1,4,1,0,57.8,2.0,1
C4345,52,Basic,36,541.7,36.5,23.3,4,1,0,1.1,3,0,2,65.7,2.9,0
C4346,49,Standard,28,903.19,27.3,-27.0,5,1,1,1.3,6,0,0,55.7,2.9,0
C4347,59,Basic,7,518.94,59.4,-48.3,9,1,1,1.8,2,0,0,55.3,4.3,1
C4348,51,Standard,15,938.99,37.4,-38.9,6,0,0,0.7,8,0,3,68.9,5.0,0
C4349,60,Standard,1,914.61,58.8,19.9,7,1,0,6.9,0,0,0,82.0,3.4,0
C4350,42,Enterprise,4,3046.96,52.8,-29.2,7,0,0,0.5,6,2,0,70.6,2.8,1
C4351,27,Basic,13,533.98,50.6,4.9,7,0,0,0.7,0,0,0,29.9,4.4,0
C4352,38,Basic,1,473.7,55.2,-12.4,9,1,0,1.7,1,0,0,44.7,4.1,0
C4353,63,Basic,37,446.76,39.5,15.6,9,1,0,1.6,2,2,0,73.0,3.1,0
C4354,56,Standard,25,899.77,59.0,-10.8,8,1,0,0.5,3,0,1,85.2,3.6,0
C4355,44,Basic,57,451.75,66.7,64.1,4,2,1,1.4,9,1,1,98.0,4.1,0
C4356,44,Premium,23,1502.33,58.7,42.5,8,3,1,5.1,9,0,1,50.3,3.5,0
C4357,19,Standard,56,898.7,34.2,-12.9,4,1,1,7.7,6,1,2,74.7,3.4,1
C4358,58,Standard,16,951.04,47.9,-16.3,9,0,0,0.5,16,0,0,60.3,3.4,0
C4359,65,Standard,18,919.2,31.9,73.3,6,3,0,3.7,1,1,0,57.5,4.3,0
C4360,30,Basic,72,538.12,53.1,-32.0,8,1,0,9.1,5,1,0,73.5,3.0,0
C4361,26,Basic,20,479.42,41.1,-6.4,7,1,0,1.2,0,0,0,71.4,2.9,0
C4362,69,Basic,1,560.19,27.4,-4.4,9,1,1,7.3,1,0,1,37.7,5.0,0
C4363,53,Standard,25,934.75,39.9,-5.1,6,1,0,0.6,1,1,2,60.4,2.7,0
C4364,39,Basic,47,516.1,45.2,-48.5,5,0,0,6.9,1,0,0,66.8,3.0,0
C4365,59,Basic,31,426.74,37.0,7.4,7,2,2,1.9,14,0,1,69.6,2.9,0
C4366,43,Enterprise,17,3046.15,59.2,-29.3,7,2,0,6.1,11,1,0,87.3,3.1,1
C4367,71,Basic,22,569.93,38.3,30.9,5,3,0,0.8,1,0,1,66.0,5.0,0
C4368,29,Premium,72,1499.45,36.6,-41.4,3,2,2,0.5,1,0,1,53.9,4.9,0
C4369,34,Premium,1,1500.27,26.6,-3.5,4,2,2,3.2,2,0,1,61.6,3.9,1
C4370,31,Basic,22,478.33,55.6,-60.4,12,1,0,1.1,2,0,0,61.8,4.5,0
C4371,31,Basic,6,433.73,46.4,-58.9,9,2,0,5.8,1,0,1,96.7,5.0,0
C4372,74,Basic,20,476.52,57.5,-26.0,4,1,0,6.1,1,0,1,74.4,2.9,0
C4373,51,Standard,18,965.38,47.0,-22.5,10,2,0,4.5,10,0,1,74.0,4.3,0
C4374,70,Standard,3,942.16,62.9,31.6,8,2,1,2.4,0,1,1,60.3,3.5,0
C4375,74,Premium,4,1468.09,52.3,-6.0,13,0,0,9.0,2,1,1,31.5,3.5,1
C4376,37,Enterprise,19,2975.86,50.7,27.3,6,2,1,3.1,4,0,1,45.3,5.0,1
C4377,28,Standard,2,984.4,44.9,-14.5,8,1,1,0.7,14,0,1,90.3,4.3,0
C4378,33,Basic,6,458.19,25.7,10.2,5,0,0,3.1,4,2,1,71.8,3.2,0
C4379,68,Basic,36,470.38,37.7,-23.1,8,0,0,3.0,3,1,0,98.0,5.0,0
C4380,48,Premium,7,1481.82,35.6,-24.8,7,1,1,3.6,2,1,1,63.3,3.5,0
C4381,72,Basic,13,444.68,44.6,-50.5,6,1,1,0.5,4,0,0,68.9,3.3,1
C4382,23,Basic,56,477.5,39.7,3.4,4,1,0,4.1,4,0,1,87.3,3.4,0
C4383,73,Premium,5,1478.11,57.0,1.6,10,1,0,1.8,19,0,1,87.7,4.4,0
C4384,36,Standard,9,862.91,55.2,14.4,7,2,1,3.3,1,0,0,61.3,3.1,0
C4385,54,Enterprise,18,3052.12,41.9,0.4,6,2,0,8.9,0,1,1,65.8,4.7,0
C4386,21,Standard,28,852.33,46.4,45.7,7,2,2,1.4,2,1,0,66.2,4.1,0
C4387,64,Basic,46,493.32,37.2,-0.6,9,1,0,2.8,1,1,1,53.4,5.0,0
C4388,21,Enterprise,49,2963.92,52.4,19.8,3,0,0,5.1,0,0,1,77.1,4.8,0
C4389,37,Basic,29,490.6,50.8,-13.1,7,1,1,0.5,13,0,1,59.4,5.0,0
C4390,27,Basic,5,462.06,68.0,-27.7,7,0,0,1.5,0,0,0,65.4,2.9,0
C4391,41,Standard,1,902.04,44.1,12.9,7,1,0,0.5,2,1,1,90.7,3.7,0
C4392,71,Basic,9,511.86,61.8,-7.2,2,2,2,6.4,2,0,1,46.4,1.7,1
C4393,52,Standard,3,955.09,32.9,15.8,4,1,0,5.2,0,0,1,52.4,3.6,0
C4394,43,Basic,24,475.46,46.2,3.8,5,2,2,1.3,3,0,0,66.0,3.4,0
C4395,54,Standard,21,963.71,41.6,-24.8,12,1,1,0.5,6,1,0,83.9,3.7,0
C4396,55,Standard,1,866.72,47.2,21.9,6,2,1,1.8,8,0,2,50.9,2.8,1
C4397,38,Premium,36,1489.48,49.0,-26.8,7,1,1,0.5,1,3,3,48.2,3.6,1
C4398,71,Premium,5,1569.59,30.3,10.6,4,1,0,1.2,0,1,1,35.8,3.3,0
C4399,57,Basic,11,615.12,57.0,27.0,10,0,0,0.8,2,0,0,55.0,5.0,0
C4400,56,Standard,22,966.44,57.0,-14.6,5,0,0,0.9,0,0,0,72.6,3.1,0
C4401,38,Standard,11,890.06,42.9,23.9,4,1,0,4.1,7,0,1,55.7,1.8,0
C4402,27,Basic,11,519.6,43.5,4.9,7,1,1,4.3,2,0,1,39.2,3.6,0
C4403,55,Premium,1,1526.31,49.0,16.3,4,1,1,4.3,8,1,0,74.9,2.5,0
C4404,63,Premium,10,1512.82,56.3,-25.9,6,1,1,6.0,0,0,0,56.6,4.7,0
C4405,21,Basic,28,458.69,48.7,0.4,5,1,0,5.5,7,0,0,61.6,4.8,0
C4406,74,Standard,49,908.38,54.9,-40.2,5,0,0,3.5,1,1,0,72.0,3.9,0
C4407,62,Basic,10,478.77,36.0,37.8,7,1,0,0.9,12,0,1,69.1,5.0,0
C4408,37,Standard,11,860.26,62.5,-55.3,4,3,1,1.5,0,0,0,60.1,4.4,1
C4409,34,Basic,24,486.55,39.7,-13.9,4,0,0,1.9,7,2,2,65.3,2.6,0
C4410,72,Enterprise,57,3011.61,51.0,-28.3,8,2,2,4.3,3,0,0,92.9,4.6,0
C4411,24,Premium,6,1539.06,45.0,11.9,8,0,0,2.7,0,0,0,91.0,4.6,0
C4412,21,Standard,11,888.84,25.2,43.1,9,3,3,4.7,2,0,0,32.8,4.5,0
C4413,46,Standard,31,895.86,46.5,11.4,9,3,0,0.6,1,1,1,62.1,4.0,0
C4414,31,Enterprise,18,3031.16,45.5,69.0,12,2,0,0.9,1,0,1,36.1,2.7,0
C4415,20,Standard,2,901.83,42.5,-39.4,9,1,1,0.5,3,1,1,94.0,2.9,0
C4416,41,Basic,19,514.26,25.2,-37.5,4,0,0,3.1,4,0,1,65.4,3.7,0
C4417,54,Standard,4,902.12,63.8,-27.3,5,1,0,11.8,0,0,0,97.5,3.6,0
C4418,33,Premium,14,1507.11,34.8,-2.0,10,5,3,2.7,5,0,1,98.0,4.2,0
C4419,72,Standard,15,855.84,41.4,-30.7,6,2,1,0.9,2,1,0,83.5,1.8,1
C4420,69,Standard,41,903.89,57.4,-23.8,6,2,0,3.4,3,0,0,62.2,3.3,0
C4421,21,Premium,12,1556.11,57.3,10.5,6,2,1,4.0,5,0,0,70.3,4.5,0
C4422,73,Premium,6,1505.76,47.7,-36.0,9,1,0,3.0,2,0,0,84.9,5.0,0
C4423,41,Enterprise,5,2965.65,36.2,-33.3,8,2,1,1.6,3,0,0,64.4,3.4,1
C4424,51,Basic,41,558.06,47.7,-15.0,5,3,0,6.2,2,0,1,60.7,3.9,0
C4425,47,Standard,3,927.85,36.5,-12.6,13,2,2,2.4,0,0,1,51.6,3.4,1
C4426,35,Premium,11,1529.71,33.6,20.3,7,1,1,15.8,2,0,0,55.4,3.3,0
C4427,36,Premium,4,1528.62,46.2,-27.5,7,1,0,1.0,7,0,1,25.4,2.9,1
C4428,48,Standard,29,853.95,29.2,-23.0,8,3,1,0.9,0,0,2,75.4,3.0,0
C4429,36,Basic,12,524.91,61.5,9.5,5,2,0,0.5,0,1,0,49.3,3.9,0
C4430,66,Premium,8,1554.39,38.2,15.0,10,1,1,1.8,10,1,2,79.8,4.3,0
C4431,63,Premium,8,1479.79,42.5,30.7,9,0,0,1.0,6,1,1,69.7,2.2,0
C4432,36,Basic,38,421.86,37.8,6.7,7,3,1,6.3,0,0,0,98.0,4.1,0
C4433,39,Standard,16,913.62,32.8,-1.7,7,1,1,2.6,10,0,0,83.9,3.6,0
C4434,41,Basic,25,500.31,21.9,9.4,7,3,3,0.5,1,1,2,60.2,3.8,1
C4435,62,Basic,45,437.1,34.7,-11.7,9,2,1,1.5,2,0,0,89.7,2.9,0
C4436,29,Basic,46,523.22,62.4,-11.9,12,2,1,4.2,1,2,0,74.6,5.0,1
C4437,47,Standard,7,920.21,59.6,-49.4,5,1,1,2.3,0,1,0,58.1,5.0,0
C4438,55,Standard,60,840.35,28.3,17.3,4,0,0,1.5,0,1,2,71.0,4.3,0
C4439,70,Standard,1,974.57,61.5,0.3,4,1,0,0.6,4,2,0,25.3,3.4,1
C4440,48,Standard,9,929.04,47.2,14.4,5,1,1,3.8,0,0,0,49.3,3.4,0
C4441,53,Premium,45,1423.39,32.4,-75.4,8,2,2,0.7,1,0,1,63.3,5.0,1
C4442,36,Basic,6,531.75,52.3,-6.2,6,0,0,7.1,2,1,0,75.9,3.5,0
C4443,65,Basic,6,530.59,43.3,-26.4,4,3,1,15.9,1,0,0,61.0,3.5,0
C4444,62,Premium,7,1555.6,39.1,32.5,7,1,1,2.8,1,0,0,60.8,2.7,0
C4445,53,Basic,18,474.04,39.9,10.4,9,0,0,0.5,3,0,0,81.7,5.0,0
C4446,47,Enterprise,11,3032.33,51.8,0.9,7,2,0,4.0,7,1,1,57.3,5.0,0
C4447,72,Premium,25,1489.53,53.5,-15.8,4,1,1,0.5,2,0,1,84.0,3.5,0
C4448,66,Standard,45,876.74,36.2,4.9,11,0,0,8.1,4,0,0,78.4,4.6,0
C4449,72,Enterprise,22,2964.4,49.4,-28.2,9,1,1,3.1,5,0,0,65.5,3.3,0
C4450,50,Basic,4,422.87,48.1,-7.5,8,0,0,5.6,9,0,1,29.2,3.3,1
C4451,35,Basic,53,520.62,19.0,-19.5,7,0,0,3.4,5,0,0,70.4,3.8,0
C4452,69,Standard,6,888.08,54.3,51.7,11,0,0,2.6,1,0,0,77.2,4.9,0
C4453,66,Standard,3,789.8,36.4,31.7,10,1,0,2.6,0,0,0,51.0,5.0,0
C4454,45,Enterprise,1,3002.01,43.3,21.6,6,1,1,4.7,9,1,0,73.0,3.1,0
C4455,64,Basic,16,545.31,47.6,-42.3,7,1,1,8.2,5,1,2,88.8,2.1,1
C4456,28,Standard,2,846.72,54.0,16.6,10,0,0,0.9,3,0,0,90.7,2.8,0
C4457,74,Standard,2,870.5,60.0,-0.3,9,1,1,0.5,11,0,1,78.1,3.7,0
C4458,71,Standard,7,916.64,53.0,25.6,7,2,0,0.5,4,1,1,85.8,3.1,0
C4459,62,Basic,6,396.64,50.1,3.1,5,0,0,7.1,4,0,1,81.5,3.7,0
C4460,50,Standard,18,877.65,46.3,-5.2,4,0,0,0.5,8,0,0,76.0,5.0,0
C4461,34,Premium,33,1512.86,40.3,0.8,6,1,1,3.5,6,2,0,79.3,3.0,1
C4462,23,Basic,28,476.56,59.0,-50.1,8,1,1,1.3,1,1,0,84.8,4.9,0
C4463,21,Premium,6,1447.08,36.0,-24.2,6,0,0,2.9,2,0,1,47.1,2.5,0
C4464,37,Standard,5,849.0,53.2,4.3,8,1,1,0.5,4,0,0,61.1,2.3,0
C4465,65,Premium,67,1434.52,51.8,23.5,17,1,0,3.0,1,1,1,85.9,4.3,0
C4466,64,Premium,1,1473.68,45.8,-18.8,2,0,0,7.4,4,0,0,46.0,2.4,1
C4467,44,Basic,42,541.27,59.1,-6.0,7,1,1,1.1,5,1,1,64.2,2.6,0
C4468,32,Standard,4,993.48,47.4,-45.0,11,2,1,1.4,1,0,5,43.3,4.0,0
C4469,23,Premium,58,1500.45,46.5,31.5,4,2,0,0.9,1,3,0,60.4,3.4,0
C4470,64,Standard,8,929.73,49.6,22.8,4,2,0,0.5,20,2,1,70.1,3.8,1
C4471,31,Enterprise,11,2961.37,55.7,11.3,3,3,2,0.5,1,0,0,98.0,3.4,0
C4472,28,Standard,24,815.33,24.1,5.2,5,0,0,3.9,0,0,0,85.1,4.1,0
C4473,56,Basic,17,573.06,69.7,33.8,7,4,3,1.5,0,1,3,70.0,3.6,1
C4474,26,Standard,7,875.2,23.1,-25.1,9,1,0,2.1,5,1,0,26.9,2.7,1
C4475,43,Enterprise,16,3027.75,54.0,-27.8,3,0,0,1.4,4,2,0,77.9,3.5,0
C4476,33,Basic,26,505.34,47.8,21.5,10,2,2,4.8,7,1,1,61.7,4.9,0
C4477,22,Premium,1,1538.78,26.1,19.9,6,5,0,4.0,4,0,1,66.5,3.3,0
C4478,74,Premium,1,1537.16,62.2,-34.8,7,2,1,3.8,3,1,0,50.6,3.8,0
C4479,69,Standard,12,910.11,40.5,-18.3,4,0,0,5.1,5,0,1,38.5,4.5,0
C4480,27,Basic,2,514.51,32.9,37.2,2,0,0,3.1,9,0,3,25.8,3.7,1
C4481,67,Premium,21,1547.5,53.8,5.3,5,1,1,0.5,5,0,0,43.4,3.7,0
C4482,20,Basic,4,482.61,37.5,14.7,8,2,1,1.9,0,0,1,85.1,3.4,1
C4483,30,Premium,11,1561.22,19.9,-34.0,6,1,1,1.3,6,1,0,56.1,5.0,0
C4484,60,Standard,4,870.69,57.9,11.4,12,1,1,1.5,16,0,0,75.0,4.1,0
C4485,66,Standard,15,902.06,29.4,-40.5,7,0,0,0.8,0,0,0,71.1,3.8,0
C4486,47,Premium,2,1524.17,44.2,-54.5,11,4,0,0.6,2,1,1,58.2,4.6,1
C4487,71,Standard,1,833.84,47.8,13.2,6,1,0,2.2,0,0,0,39.9,3.8,0
C4488,62,Standard,1,954.27,45.5,30.9,7,1,0,12.4,12,1,1,52.6,3.4,1
C4489,23,Standard,61,918.04,36.9,-11.3,7,3,2,0.5,12,1,0,60.3,3.6,1
C4490,34,Standard,3,1031.04,45.3,-18.7,9,0,0,1.2,3,0,0,56.7,4.1,0
C4491,62,Standard,24,982.23,26.8,37.8,3,1,1,11.8,2,0,0,48.9,3.9,0
C4492,68,Premium,1,1498.56,47.7,-9.9,6,1,0,1.5,0,0,1,45.9,4.7,0
C4493,70,Standard,2,970.42,40.6,-6.6,10,2,2,3.7,13,0,0,47.7,3.8,1
C4494,36,Standard,14,932.89,51.3,37.3,4,2,0,1.1,14,0,1,31.3,2.6,1
C4495,59,Standard,12,908.24,48.2,-13.8,8,3,0,2.7,5,1,1,80.9,5.0,0
C4496,52,Basic,60,432.63,30.3,-21.4,11,1,0,0.7,0,0,3,33.0,3.1,0
C4497,63,Basic,57,442.06,42.0,15.4,4,0,0,2.7,6,1,1,56.0,5.0,0
C4498,43,Enterprise,30,2999.17,33.0,-22.8,9,1,1,2.3,3,0,0,67.2,5.0,0
C4499,68,Premium,18,1479.19,45.6,-8.6,8,0,0,6.3,14,0,1,83.9,5.0,0
C4500,22,Standard,12,908.01,40.7,-38.0,8,2,2,5.7,4,0,1,68.2,4.1,0
C4501,46,Standard,8,953.89,52.8,-0.4,9,1,0,0.7,12,0,1,56.8,4.3,0
C4502,54,Basic,58,533.6,46.3,-3.3,9,1,1,9.9,0,0,0,48.3,2.6,0
C4503,37,Standard,18,871.15,40.7,19.2,5,1,0,1.7,5,0,1,93.8,3.0,0
C4504,66,Standard,17,936.0,45.8,16.4,11,1,1,0.5,8,1,1,89.7,4.5,0
C4505,38,Standard,5,862.44,38.4,8.8,8,1,1,0.5,4,0,0,62.7,2.1,1
C4506,27,Standard,1,853.31,49.2,4.9,8,2,1,1.9,3,1,0,51.5,4.5,0
C4507,22,Basic,58,514.27,46.3,-6.8,5,2,1,7.6,5,0,0,53.0,2.7,0
C4508,53,Basic,7,466.42,24.2,10.2,7,2,2,0.6,7,0,0,70.3,2.6,0
C4509,23,Enterprise,11,2973.33,77.0,-32.8,4,2,1,2.3,3,1,0,51.9,3.1,1
C4510,43,Standard,2,938.76,43.9,-63.7,4,3,2,2.7,5,0,1,70.0,3.2,1
C4511,21,Standard,36,925.31,39.5,24.0,10,1,1,7.8,2,0,0,66.2,3.2,0
C4512,56,Basic,1,484.13,43.3,11.9,10,0,0,0.5,1,0,0,72.3,3.4,1
C4513,56,Basic,35,434.0,51.4,-8.2,6,2,1,7.7,0,1,0,56.4,4.2,0
C4514,67,Premium,3,1469.59,42.3,21.9,13,5,0,1.1,3,0,0,61.6,4.2,0
C4515,52,Standard,43,976.68,41.4,-23.3,9,2,1,7.2,6,0,0,48.9,5.0,1
C4516,18,Standard,26,937.66,32.8,-22.6,6,2,0,1.9,4,0,0,64.2,2.9,0
C4517,41,Basic,3,555.94,38.3,-26.1,8,0,0,1.4,1,0,2,51.9,3.2,1
C4518,74,Premium,16,1509.24,46.8,9.2,6,1,1,16.1,17,0,0,66.4,2.4,1
C4519,53,Basic,7,484.96,45.1,-44.6,6,2,0,5.3,0,0,1,79.5,2.9,1
C4520,23,Basic,3,535.21,38.4,-24.2,8,1,1,2.3,1,0,0,61.7,3.2,1
C4521,58,Standard,39,950.27,48.0,2.2,7,2,0,1.6,13,0,2,59.9,4.3,0
C4522,71,Basic,10,479.81,38.3,-35.1,6,0,0,1.3,1,0,0,59.2,2.6,0
C4523,63,Basic,10,470.47,48.0,-21.5,8,2,0,4.1,3,1,0,89.6,5.0,0
C4524,61,Standard,3,838.15,31.7,-60.3,4,0,0,1.9,1,0,1,60.4,4.0,0
C4525,74,Standard,9,869.46,42.0,10.1,1,3,3,3.7,4,1,0,61.1,5.0,0
C4526,48,Premium,41,1525.76,39.4,-22.2,7,2,2,1.9,4,1,0,43.9,3.0,1
C4527,37,Standard,9,875.15,59.7,-32.5,6,2,0,1.6,3,0,0,54.6,3.8,1
C4528,41,Basic,60,536.27,39.4,-37.4,11,0,0,1.4,1,0,0,78.7,3.8,0
C4529,42,Basic,58,577.69,56.0,-15.5,4,1,1,8.8,12,0,1,98.0,5.0,0
C4530,53,Enterprise,3,2999.99,46.9,-44.5,6,0,0,5.1,4,1,0,55.3,4.6,0
C4531,38,Standard,3,898.35,33.9,43.6,11,2,0,3.7,0,0,0,68.3,2.7,0
C4532,47,Premium,39,1520.94,56.1,-64.6,3,3,2,3.8,5,0,1,97.3,4.3,1
C4533,41,Basic,9,476.02,53.7,-16.3,4,2,0,0.7,1,1,0,82.0,3.4,0
C4534,61,Standard,1,873.11,49.3,-2.3,5,0,0,9.6,1,1,0,79.9,3.9,0
C4535,59,Basic,6,474.3,49.1,-24.4,9,1,1,0.5,1,1,1,75.8,3.6,1
C4536,47,Standard,18,853.18,45.6,0.3,4,0,0,0.9,4,0,4,70.5,4.9,0
C4537,39,Enterprise,32,3034.99,50.7,-25.0,9,1,0,0.5,12,0,0,44.1,3.0,0
C4538,45,Enterprise,2,2979.14,55.4,33.3,12,0,0,1.6,6,0,1,59.0,3.8,0
C4539,24,Standard,2,943.46,31.1,-33.0,9,1,0,1.3,10,0,0,79.2,3.5,0
C4540,52,Standard,51,920.17,57.8,-63.8,8,1,1,6.5,10,1,0,59.0,2.9,1
C4541,72,Enterprise,27,2998.09,60.3,-37.5,6,1,0,3.8,0,1,0,70.7,4.6,1
C4542,45,Standard,17,931.39,33.2,4.7,4,0,0,5.5,3,1,0,49.1,3.5,0
C4543,31,Basic,29,461.26,39.7,-7.9,5,2,2,0.6,10,0,0,64.1,3.2,0
C4544,73,Standard,11,867.78,48.2,13.8,6,0,0,3.0,3,1,0,36.9,4.9,0
C4545,27,Basic,28,527.54,54.5,7.5,3,1,0,2.4,4,0,1,83.2,3.9,0
C4546,33,Standard,9,811.17,44.8,-20.9,4,0,0,1.9,2,0,1,59.8,3.0,0
C4547,33,Standard,5,899.58,49.3,-17.2,11,2,1,17.5,7,0,0,88.5,4.3,0
C4548,71,Standard,26,922.62,36.4,-14.6,8,1,0,2.1,0,0,0,67.9,2.5,0
C4549,48,Standard,10,951.44,47.3,42.1,5,3,3,0.5,0,0,0,96.9,4.4,0
C4550,59,Basic,72,559.62,62.0,12.3,6,3,3,0.5,1,0,0,48.1,3.0,0
C4551,42,Standard,8,893.79,46.3,42.3,6,3,2,5.6,0,0,1,98.0,4.6,0
C4552,30,Premium,50,1529.81,52.6,16.0,7,2,0,0.5,0,0,0,81.6,4.5,0
C4553,23,Standard,54,866.83,37.5,-6.6,4,1,0,8.8,0,1,0,81.9,3.9,0
C4554,61,Basic,5,481.26,35.8,-30.5,5,1,1,0.8,0,0,0,98.0,4.1,0
C4555,26,Enterprise,32,3053.71,68.3,0.0,11,1,1,7.5,6,0,1,78.9,4.1,0
C4556,62,Enterprise,11,2997.4,48.3,-6.5,5,0,0,5.5,8,1,2,70.9,4.8,0
C4557,53,Basic,49,505.39,53.9,-7.3,5,1,1,0.8,0,0,0,37.2,5.0,0
C4558,73,Basic,11,457.67,58.7,-10.2,9,2,0,6.3,1,0,0,77.9,3.4,0
C4559,60,Premium,27,1515.9,31.3,-56.3,6,1,1,1.4,1,0,0,57.9,4.4,0
C4560,37,Premium,12,1529.16,64.4,26.5,7,0,0,0.8,6,0,2,68.7,3.7,0
C4561,35,Enterprise,5,3027.92,46.5,-6.3,8,1,0,0.8,1,0,0,71.5,3.8,0
C4562,60,Premium,4,1450.55,67.4,-40.4,8,2,2,7.2,2,0,1,50.8,3.7,1
C4563,74,Standard,11,939.0,34.0,7.0,7,0,0,0.5,14,0,0,82.0,3.7,0
C4564,38,Standard,28,859.08,56.3,-26.4,7,0,0,4.7,7,1,0,67.1,4.1,0
C4565,21,Basic,18,497.94,39.2,9.1,10,1,0,5.7,0,0,0,79.8,3.4,0
C4566,67,Basic,23,434.28,43.0,17.0,3,0,0,1.6,1,0,0,74.6,3.2,0
C4567,50,Standard,6,891.82,57.7,20.5,6,0,0,4.3,3,0,0,67.0,3.6,0
C4568,44,Standard,13,858.86,40.0,-9.0,5,1,1,8.2,4,0,1,93.1,3.2,0
C4569,24,Standard,1,881.05,45.5,-15.3,12,0,0,2.7,4,3,0,51.2,4.7,0
C4570,23,Premium,34,1501.4,73.6,-20.6,12,2,0,3.7,0,0,0,37.2,4.4,0
C4571,32,Basic,72,532.09,45.6,-23.1,7,1,0,4.2,19,0,0,61.8,5.0,0
C4572,35,Standard,10,930.72,40.3,-5.4,5,2,0,11.4,0,0,0,65.1,4.4,0
C4573,49,Basic,1,405.51,39.5,-10.2,11,4,2,1.9,0,1,1,66.6,4.7,0
C4574,73,Standard,3,926.13,28.7,-25.6,5,1,1,2.9,1,0,1,49.2,3.5,1
C4575,28,Premium,21,1507.25,42.2,-33.6,8,0,0,2.2,2,0,1,56.2,3.5,0
C4576,37,Standard,18,876.59,48.2,-7.7,9,1,0,1.3,1,0,0,87.3,3.7,0
C4577,41,Enterprise,31,2963.78,42.1,-15.9,8,1,0,10.0,2,1,0,49.3,4.4,0
C4578,32,Basic,5,496.5,49.1,-33.5,9,1,0,2.4,9,0,0,71.7,3.1,0
C4579,65,Standard,28,908.22,81.0,15.8,5,1,1,9.3,0,1,0,38.5,4.2,0
C4580,24,Basic,23,514.12,57.1,39.3,7,2,0,16.5,1,1,0,58.8,5.0,0
C4581,38,Standard,7,891.11,45.3,19.1,6,1,1,6.8,17,1,0,57.2,4.3,1
C4582,59,Premium,15,1398.03,54.0,-23.0,12,2,2,0.6,1,1,3,98.0,2.5,0
C4583,43,Standard,3,879.19,54.1,-6.3,12,1,0,0.5,6,0,3,74.1,3.9,0
C4584,61,Premium,12,1451.65,26.0,33.5,6,1,0,2.7,1,0,0,32.7,3.5,0
C4585,73,Basic,42,581.21,63.5,-34.3,7,1,1,2.7,9,0,0,61.8,4.0,0
C4586,31,Premium,10,1501.37,45.4,14.6,8,0,0,3.2,4,0,2,80.3,4.3,0
C4587,74,Basic,36,528.64,22.6,-41.2,8,1,1,0.5,8,0,1,53.9,4.8,1
C4588,54,Premium,17,1524.41,48.4,37.1,6,1,1,1.2,4,1,0,67.6,5.0,0
C4589,38,Basic,4,511.41,25.2,-15.8,8,3,2,2.4,8,2,0,75.2,4.5,1
C4590,35,Basic,17,482.35,49.4,50.7,8,1,1,2.5,9,1,1,83.4,4.1,0
C4591,22,Standard,14,877.25,47.0,38.2,7,2,0,10.3,1,0,1,33.3,4.1,0
C4592,20,Enterprise,10,2918.18,36.8,-7.7,8,1,0,11.8,7,1,1,34.5,3.4,1
C4593,40,Basic,2,504.69,41.0,-23.0,5,1,0,7.7,7,3,0,79.2,4.6,1
C4594,43,Standard,10,911.02,38.1,-0.1,2,0,0,1.0,4,0,1,98.0,4.8,0
C4595,54,Premium,1,1497.09,39.4,-9.5,4,0,0,3.6,1,0,0,72.0,4.3,0
C4596,41,Standard,2,904.74,46.0,-15.0,9,2,0,1.1,0,0,0,51.2,4.4,0
C4597,66,Basic,10,450.74,51.8,-46.5,8,1,1,10.5,3,0,0,80.7,3.0,1
C4598,36,Standard,7,887.24,59.6,-17.9,3,1,0,2.5,4,0,0,52.1,3.5,1
C4599,68,Standard,51,873.01,48.8,-32.8,8,0,0,6.2,14,1,1,62.5,3.7,1
C4600,42,Enterprise,9,3025.6,44.2,8.8,5,0,0,1.7,2,0,0,62.0,3.9,0
C4601,38,Premium,28,1500.64,54.6,19.8,10,0,0,1.7,5,0,1,74.7,2.3,0
C4602,29,Standard,15,873.41,41.8,13.5,5,1,1,0.5,8,1,1,42.3,4.3,1
C4603,74,Enterprise,24,2992.6,42.1,3.6,8,2,1,2.2,6,0,2,75.7,5.0,0
C4604,58,Standard,6,857.42,42.5,-26.3,7,0,0,3.6,2,1,1,69.3,3.9,0
C4605,50,Basic,56,485.87,33.2,0.1,11,3,3,0.5,1,0,1,68.9,4.5,0
C4606,67,Basic,15,522.31,49.6,14.8,5,1,0,0.7,0,0,1,56.0,4.9,0
C4607,70,Standard,35,845.71,22.8,-19.7,7,0,0,12.5,5,0,0,65.1,2.9,0
C4608,21,Basic,9,496.55,46.4,-2.0,9,2,1,4.6,1,0,0,59.3,3.4,0
C4609,59,Enterprise,2,2969.0,40.9,-8.6,3,0,0,8.4,2,0,1,54.2,4.4,0
C4610,74,Premium,22,1445.74,37.7,36.6,5,0,0,2.3,16,0,0,64.1,4.5,0
C4611,24,Basic,1,573.61,42.9,16.3,8,1,0,0.7,0,0,0,74.3,3.6,0
C4612,39,Standard,12,949.15,43.1,10.2,7,3,1,0.6,1,0,0,55.3,3.4,0
C4613,72,Premium,4,1475.08,56.9,-47.9,9,2,0,2.7,15,0,0,61.8,3.5,1
C4614,50,Enterprise,19,2987.41,39.5,-0.7,11,0,0,4.4,2,1,0,30.4,4.7,0
C4615,34,Premium,72,1418.11,36.9,-8.9,6,0,0,8.7,11,0,0,43.1,3.0,0
C4616,41,Standard,12,835.3,65.6,-9.1,5,2,2,1.8,7,0,1,57.6,4.9,0
C4617,51,Premium,34,1453.88,42.8,-44.1,8,2,0,1.4,4,0,0,28.4,5.0,1
C4618,45,Standard,14,897.66,45.0,-32.2,8,1,1,9.6,5,1,0,56.5,2.3,1
C4619,60,Standard,13,894.41,59.7,-6.7,7,3,3,2.1,0,2,2,86.4,3.7,0
C4620,58,Basic,53,512.27,50.4,22.9,3,1,0,2.6,1,0,0,89.3,2.4,0
C4621,56,Basic,44,526.14,45.6,-19.8,7,0,0,2.1,2,0,2,64.9,3.8,0
C4622,39,Standard,30,910.12,62.4,-15.0,12,0,0,5.1,2,0,1,98.0,4.7,0
C4623,66,Basic,7,455.74,40.5,39.5,7,3,0,0.5,2,1,0,65.2,5.0,0
C4624,34,Basic,15,511.96,49.4,-12.4,2,1,1,6.3,2,0,0,47.0,4.4,0
C4625,51,Premium,5,1524.41,40.2,-8.2,8,0,0,1.7,7,1,0,58.7,3.4,1
C4626,23,Basic,11,481.91,59.8,-7.9,9,1,0,11.8,13,0,1,79.1,3.7,0
C4627,63,Standard,13,825.14,46.4,-38.6,12,4,0,1.3,7,0,0,71.2,4.7,1
C4628,23,Standard,35,946.36,21.4,9.3,4,0,0,2.2,4,0,0,76.8,3.4,0
C4629,51,Enterprise,45,3002.53,39.1,-21.3,6,3,3,1.9,5,0,0,64.7,4.9,0
C4630,18,Standard,10,788.09,58.6,-5.8,10,0,0,5.7,5,1,2,76.8,4.3,0
C4631,27,Basic,1,581.81,27.5,6.1,7,2,2,3.9,6,0,0,58.7,4.7,0
C4632,38,Standard,39,879.85,39.7,43.6,3,1,1,3.6,0,0,0,61.7,4.3,0
C4633,22,Premium,3,1596.56,27.3,-37.9,7,2,2,4.4,0,1,1,48.0,2.6,1
C4634,19,Enterprise,19,3014.09,28.0,16.6,8,0,0,11.2,0,0,0,67.8,3.3,0
C4635,39,Standard,1,890.89,34.3,16.7,8,2,2,2.3,9,0,0,83.5,3.2,0
C4636,65,Basic,10,506.34,48.3,-21.0,8,0,0,3.7,3,0,1,32.7,2.8,0
C4637,74,Enterprise,72,2970.63,33.1,10.0,6,0,0,4.0,2,2,0,68.0,3.7,0
C4638,19,Basic,2,501.45,71.0,36.1,3,3,2,6.8,5,0,0,70.2,3.7,0
C4639,27,Standard,11,979.42,50.2,-24.1,5,1,1,1.2,0,0,1,55.8,5.0,0
C4640,51,Standard,7,863.06,45.4,1.0,7,1,1,5.7,6,1,0,63.4,5.0,0
C4641,33,Basic,47,520.33,31.4,5.1,10,2,0,2.4,1,1,1,40.9,3.6,0
C4642,65,Basic,40,470.21,28.7,8.4,3,4,1,0.5,4,0,1,90.2,4.6,0
C4643,68,Basic,5,492.28,42.1,14.2,4,4,1,0.6,17,1,1,65.8,3.8,1
C4644,56,Standard,1,978.06,68.1,-0.8,5,3,0,6.4,0,0,0,78.2,3.8,1
C4645,39,Enterprise,19,3020.06,33.2,7.8,8,3,2,1.1,12,0,0,60.7,3.4,0
C4646,29,Basic,8,528.83,30.6,-27.8,6,3,2,1.2,5,0,1,48.2,4.7,0
C4647,41,Premium,22,1501.83,56.8,-0.9,10,3,0,4.7,2,0,0,24.2,3.4,1
C4648,64,Basic,1,606.82,56.3,-16.9,6,3,1,4.1,0,1,0,80.7,4.6,0
C4649,57,Standard,2,861.01,47.4,-35.7,7,1,0,2.1,0,1,0,78.4,4.4,0
C4650,55,Basic,23,435.83,38.5,-17.7,8,2,2,4.6,3,0,0,74.2,4.2,1
C4651,27,Enterprise,4,3066.44,50.7,1.7,6,2,0,3.3,2,0,0,75.7,4.6,0
C4652,52,Premium,38,1483.74,30.5,5.9,8,2,0,0.7,3,0,0,74.4,4.8,0
C4653,68,Standard,1,915.41,45.5,-36.7,7,2,2,1.1,1,1,2,63.3,3.8,1
C4654,66,Premium,4,1567.65,27.2,-28.4,5,0,0,0.5,0,2,1,84.7,2.8,1
C4655,49,Standard,72,915.94,44.8,13.1,6,0,0,3.8,6,0,0,82.8,3.7,0
C4656,24,Enterprise,11,3088.23,57.3,7.7,14,0,0,0.5,1,2,1,96.4,3.7,0
C4657,38,Premium,24,1504.45,68.7,17.2,7,2,1,4.8,4,1,1,58.6,3.7,0
C4658,37,Enterprise,4,2970.67,38.9,29.2,8,2,0,2.7,1,1,0,55.9,4.2,0
C4659,43,Standard,18,804.86,48.2,8.4,7,1,1,2.0,4,0,0,73.5,4.6,0
C4660,21,Basic,25,511.02,25.1,-15.4,9,1,0,3.2,5,0,3,46.3,3.8,1
C4661,63,Standard,7,809.54,37.4,-2.1,9,1,0,3.4,0,1,1,72.1,3.9,0
C4662,69,Basic,35,511.99,51.0,36.5,7,0,0,3.1,0,1,1,74.9,3.9,0
C4663,39,Standard,18,957.38,55.6,64.1,9,2,1,4.4,1,0,0,92.2,3.1,0
C4664,32,Standard,9,898.32,50.8,6.6,10,0,0,3.5,13,0,0,43.9,2.6,0
C4665,73,Standard,16,906.6,37.8,8.4,10,1,0,2.3,0,0,0,36.6,4.8,0
C4666,57,Basic,17,535.63,34.2,13.1,7,4,1,6.2,2,1,0,53.7,4.0,0
C4667,38,Basic,3,525.78,35.5,-4.4,5,1,1,12.7,1,0,0,62.3,5.0,0
C4668,32,Standard,10,945.42,44.7,24.1,4,0,0,3.3,1,0,0,68.7,2.9,0
C4669,39,Enterprise,8,2998.23,29.9,20.2,8,1,0,4.4,5,0,1,88.8,5.0,0
C4670,69,Standard,10,808.95,38.7,3.9,8,1,0,2.5,5,1,0,77.8,2.3,0
C4671,45,Standard,28,946.04,50.4,-13.0,6,2,0,1.8,6,0,0,48.6,2.6,0
C4672,31,Premium,13,1489.45,47.1,-43.0,12,1,0,6.9,1,1,1,70.1,3.8,1
C4673,44,Standard,56,863.85,32.7,13.3,11,0,0,0.8,1,0,0,52.4,4.1,0
C4674,58,Basic,6,512.44,55.8,0.3,5,1,0,4.1,3,0,0,75.3,4.2,0
C4675,57,Standard,10,906.46,42.0,-23.4,9,0,0,0.5,0,0,0,61.3,3.5,0
C4676,45,Basic,30,469.02,59.6,-33.2,7,1,0,5.1,12,0,1,69.0,3.6,1
C4677,43,Enterprise,15,2947.58,37.5,11.5,10,2,1,0.9,1,0,0,47.3,5.0,0
C4678,66,Basic,15,517.74,38.0,-45.0,13,1,0,3.3,0,0,1,58.6,3.4,0
C4679,19,Standard,1,865.01,55.4,2.5,4,0,0,0.5,4,0,0,98.0,3.6,0
C4680,42,Basic,10,503.58,30.7,16.1,8,2,0,0.5,7,0,0,80.1,2.8,0
C4681,73,Basic,6,513.94,50.7,8.7,11,2,2,4.7,4,0,0,56.3,3.3,0
C4682,20,Premium,72,1537.73,27.2,-14.8,2,0,0,7.3,3,0,0,39.6,2.5,0
C4683,25,Basic,7,583.76,36.4,-36.2,3,0,0,5.6,2,1,0,69.5,3.7,0
C4684,61,Basic,43,508.49,39.2,9.7,10,0,0,0.5,8,0,0,59.0,3.3,0
C4685,50,Standard,22,881.99,50.0,25.0,7,0,0,0.9,13,0,1,52.5,3.7,0
C4686,59,Basic,8,565.34,22.6,-19.3,8,2,1,6.1,3,0,0,79.8,3.5,0
C4687,69,Basic,15,540.92,51.9,7.7,6,0,0,0.5,0,0,0,77.3,4.2,0
C4688,52,Premium,36,1505.74,38.4,34.5,5,0,0,2.6,0,0,1,38.6,3.2,0
C4689,23,Premium,42,1508.46,61.3,3.5,8,1,1,6.3,2,0,0,91.6,4.2,0
C4690,56,Enterprise,3,3000.08,36.9,-14.9,10,3,3,0.8,2,0,0,77.4,3.0,0
C4691,69,Premium,8,1505.49,36.8,21.0,9,2,0,0.5,4,0,0,70.1,5.0,0
C4692,40,Standard,8,894.93,29.5,-23.4,8,0,0,0.7,20,3,2,53.0,5.0,1
C4693,42,Basic,1,460.01,45.1,-37.5,12,2,1,4.9,4,0,0,48.7,4.3,1
C4694,67,Premium,18,1499.35,66.7,15.3,4,1,0,11.8,8,1,1,82.3,3.5,1
C4695,60,Premium,38,1569.29,40.9,-15.2,6,1,1,0.8,11,0,0,79.8,3.4,0
C4696,36,Premium,9,1466.36,45.5,-12.9,3,2,2,0.5,0,0,1,43.2,2.8,0
C4697,22,Standard,26,888.15,27.6,-20.7,7,1,1,1.1,1,0,0,67.0,3.0,1
C4698,68,Basic,19,463.32,51.7,-16.8,5,3,0,0.5,4,0,1,46.8,4.5,1
C4699,28,Premium,9,1545.29,39.9,30.1,7,3,0,0.5,4,0,0,98.0,5.0,0
C4700,73,Premium,3,1532.19,38.3,36.6,9,1,1,2.1,2,0,0,65.4,4.5,0
C4701,29,Enterprise,24,2947.87,34.8,39.9,6,3,1,4.9,7,0,1,86.8,2.1,0
C4702,27,Basic,38,418.26,36.7,22.3,4,1,0,1.3,15,0,0,72.4,4.3,0
C4703,25,Basic,23,533.63,50.6,6.7,5,1,0,1.4,2,0,0,68.2,3.6,0
C4704,41,Basic,1,445.43,54.2,-40.8,8,0,0,0.9,1,1,1,55.5,4.0,0
C4705,45,Premium,4,1532.13,26.4,-9.7,6,1,0,0.5,1,0,0,81.2,3.2,0
C4706,58,Basic,1,473.48,31.5,48.9,9,2,2,0.5,3,0,0,77.1,2.6,0
C4707,53,Basic,16,526.8,44.4,-15.9,8,0,0,3.0,3,2,2,39.2,3.4,1
C4708,54,Enterprise,28,3016.76,31.7,32.9,7,0,0,5.1,0,2,1,48.9,3.8,0
C4709,38,Basic,2,477.54,33.5,-3.6,6,2,0,2.5,1,0,0,68.4,3.0,0
C4710,25,Premium,36,1463.84,35.3,-72.0,6,0,0,6.5,0,0,0,98.0,4.3,0
C4711,72,Standard,16,922.03,48.1,11.0,14,2,1,2.2,9,0,1,89.9,3.5,0
C4712,26,Premium,23,1471.3,59.8,26.7,6,2,2,0.5,4,1,0,52.4,4.4,0
C4713,64,Standard,71,943.36,41.4,-6.2,8,1,1,3.2,3,0,1,14.3,3.3,1
C4714,32,Enterprise,1,2965.71,44.8,25.8,11,0,0,4.4,10,0,1,42.2,3.5,0
C4715,65,Enterprise,46,3013.01,50.5,-46.7,8,0,0,0.5,16,1,0,56.8,3.9,1
C4716,63,Basic,2,483.39,35.4,-39.6,5,0,0,2.6,0,0,0,62.4,3.8,0
C4717,57,Basic,9,499.23,49.2,0.1,6,1,1,1.2,6,0,0,56.5,4.2,0
C4718,35,Basic,38,470.98,68.7,6.9,6,0,0,11.5,3,0,0,83.0,4.1,0
C4719,59,Standard,47,891.86,33.7,28.9,2,2,0,0.8,0,0,0,47.0,2.5,0
C4720,37,Premium,14,1396.53,48.4,11.0,5,1,0,4.0,2,1,0,62.0,4.9,0
C4721,23,Standard,18,866.48,44.9,-34.8,8,1,0,1.3,5,0,1,90.4,3.1,0
C4722,29,Standard,24,875.5,33.3,0.3,8,1,1,1.9,5,0,1,95.6,4.4,0
C4723,19,Basic,35,496.12,55.0,10.0,8,2,1,6.1,10,1,1,47.0,5.0,0
C4724,24,Premium,2,1550.73,37.4,-51.9,6,0,0,20.0,3,0,0,40.1,4.7,1
C4725,33,Enterprise,33,2971.09,32.3,-6.1,4,1,1,0.5,1,0,1,69.1,4.8,0
C4726,20,Basic,13,555.56,38.1,-13.4,8,0,0,2.2,5,0,2,94.6,3.6,0
C4727,62,Standard,11,864.54,49.5,-21.4,1,0,0,3.4,15,0,0,72.2,4.8,0
C4728,20,Basic,11,454.68,37.9,7.5,5,1,0,1.7,8,0,1,36.6,4.7,0
C4729,44,Standard,14,823.63,23.8,-33.7,8,0,0,0.5,0,0,2,63.0,4.4,0
C4730,67,Standard,58,923.27,67.9,5.4,6,1,0,0.5,2,0,0,49.4,4.4,0
C4731,60,Basic,15,502.44,56.5,9.0,9,2,2,0.5,0,0,0,77.0,3.3,0
C4732,57,Standard,61,920.9,46.1,22.1,5,1,0,2.4,2,1,0,63.6,3.3,0
C4733,55,Basic,3,504.26,39.1,-33.1,3,3,2,1.9,1,0,0,63.2,2.1,1
C4734,50,Standard,25,898.63,39.9,-42.6,6,0,0,13.6,3,0,0,79.6,4.2,0
C4735,45,Standard,33,910.38,33.9,2.0,3,1,1,8.5,6,0,0,79.8,3.0,0
C4736,18,Basic,22,585.1,44.8,-12.2,6,2,0,3.3,4,0,0,41.3,5.0,1
C4737,72,Premium,18,1480.04,75.1,67.6,7,1,1,2.3,1,0,0,60.7,4.6,0
C4738,25,Premium,16,1581.17,42.5,6.5,11,0,0,3.0,1,0,1,59.5,2.8,0
C4739,54,Standard,39,933.09,52.6,-3.5,9,1,0,2.2,0,0,1,71.9,5.0,0
C4740,49,Basic,34,513.61,36.2,-9.3,11,6,2,1.5,2,0,0,71.5,3.7,0
C4741,65,Premium,2,1521.18,46.0,-35.5,11,0,0,3.3,6,0,1,69.4,3.2,1
C4742,60,Enterprise,37,2871.18,37.4,9.1,9,1,0,9.3,0,1,1,72.2,3.2,0
C4743,54,Basic,10,488.53,44.2,-7.0,4,2,0,3.6,4,0,0,55.6,4.7,0
C4744,21,Basic,5,472.19,60.7,-7.0,6,1,1,0.7,2,0,0,50.0,4.4,0
C4745,47,Basic,40,583.5,47.5,-2.6,5,3,2,2.3,7,0,0,29.7,4.4,0
C4746,23,Standard,11,885.34,60.1,0.5,5,1,0,0.7,2,0,2,57.7,2.5,0
C4747,63,Basic,33,497.81,60.7,-48.5,4,1,1,0.5,8,0,1,48.7,3.6,1
C4748,71,Standard,6,897.16,40.5,15.9,7,4,1,1.4,5,1,0,66.4,4.2,1
C4749,36,Standard,1,846.74,64.5,-26.2,10,4,2,0.8,2,2,0,44.1,4.5,1
C4750,49,Standard,13,876.59,48.4,-8.5,11,2,1,9.6,1,0,1,64.2,2.3,0
C4751,26,Standard,2,931.68,47.5,27.1,8,0,0,0.5,14,0,0,58.7,2.5,0
C4752,29,Standard,28,813.73,37.3,39.5,6,0,0,11.6,0,2,1,47.7,2.9,0
C4753,28,Standard,6,911.45,57.1,-47.5,5,2,2,6.4,6,1,0,33.6,4.6,1
C4754,63,Basic,11,462.94,49.3,-4.2,7,0,0,1.1,4,0,0,82.6,4.6,0
C4755,72,Basic,1,551.0,36.7,1.8,4,0,0,0.5,2,0,0,71.3,4.5,0
C4756,33,Premium,6,1514.8,50.6,-42.7,3,1,1,2.9,5,0,2,80.0,4.2,1
C4757,18,Basic,30,438.21,32.3,15.1,3,0,0,1.0,0,0,2,87.0,5.0,0
C4758,62,Premium,3,1482.35,31.8,-2.1,8,0,0,1.0,1,1,2,69.7,3.8,0
C4759,72,Enterprise,20,3017.14,43.7,-0.1,16,1,0,3.0,5,0,1,67.6,3.4,0
C4760,70,Basic,49,486.84,39.6,-27.9,5,2,2,2.1,0,0,0,62.6,4.2,0
C4761,38,Standard,22,904.8,40.4,5.3,8,1,0,2.5,9,1,0,50.9,1.8,1
C4762,47,Standard,33,898.23,59.9,16.0,8,1,0,1.3,3,0,0,92.1,2.7,0
C4763,30,Premium,2,1533.67,45.8,-1.8,6,2,1,1.4,0,0,0,75.0,4.5,0
C4764,51,Enterprise,5,3016.58,39.6,-17.8,7,2,1,20.0,5,0,1,84.5,4.8,0
C4765,21,Premium,44,1497.07,32.8,-15.9,7,1,1,1.7,2,1,0,71.4,4.1,0
C4766,45,Basic,25,499.72,48.3,0.5,9,0,0,0.9,1,0,1,34.2,5.0,0
C4767,55,Standard,20,855.69,51.1,-3.8,2,2,2,4.3,3,0,0,57.8,3.9,0
C4768,48,Standard,21,957.7,52.0,17.6,7,1,0,5.4,5,1,0,77.6,3.1,0
C4769,72,Standard,10,1017.49,41.2,-17.0,8,1,1,0.9,9,1,0,70.6,3.4,1
C4770,44,Basic,1,485.79,28.1,-35.5,8,0,0,0.5,1,0,0,37.7,2.4,1
C4771,22,Basic,30,500.91,60.5,4.0,6,1,0,1.2,4,2,1,89.2,3.6,0
C4772,42,Premium,22,1539.6,32.4,-16.9,8,0,0,2.6,1,0,0,46.3,3.5,0
C4773,20,Standard,12,939.38,41.3,14.6,6,1,0,1.7,0,1,1,80.7,5.0,0
C4774,50,Basic,46,506.13,52.3,-4.8,9,2,2,0.6,13,1,1,40.2,3.3,0
C4775,21,Standard,8,859.95,49.6,11.4,6,1,0,0.5,1,0,0,59.7,2.7,0
C4776,42,Premium,6,1571.73,35.7,-30.4,10,2,0,2.5,2,0,0,33.9,2.3,1
C4777,37,Premium,41,1526.25,71.6,-1.4,5,0,0,7.2,4,0,0,53.0,2.7,1
C4778,51,Basic,31,507.82,41.1,-22.5,10,0,0,3.2,4,0,0,35.2,4.3,0
C4779,43,Basic,14,470.09,46.2,-35.5,8,0,0,7.1,6,1,1,90.6,2.9,0
C4780,22,Basic,2,501.32,47.0,-26.5,10,1,0,5.1,1,0,0,81.4,2.5,0
C4781,52,Enterprise,4,2926.42,49.8,-18.6,7,1,1,1.5,4,1,0,71.3,3.3,1
C4782,45,Standard,21,928.64,50.2,26.1,6,0,0,1.9,3,0,1,60.9,4.4,0
C4783,46,Standard,9,938.39,38.8,-19.3,3,2,1,6.9,16,1,0,57.1,4.2,1
C4784,26,Standard,36,908.19,20.0,-36.8,5,1,0,4.3,5,1,0,61.8,4.7,0
C4785,69,Standard,59,860.59,47.8,-1.7,9,1,1,2.9,11,0,2,65.2,3.9,0
C4786,55,Premium,32,1517.08,30.9,-4.3,7,0,0,10.3,1,0,0,66.6,5.0,0
C4787,67,Standard,9,930.49,44.6,-17.3,10,3,2,0.5,2,0,2,58.6,4.7,0
C4788,23,Basic,31,469.27,50.8,-9.0,5,1,0,6.8,3,0,0,65.7,2.5,0
C4789,36,Basic,8,536.36,46.1,19.4,2,0,0,1.3,7,2,0,57.0,4.1,0
C4790,61,Standard,3,919.98,39.6,11.8,7,1,1,3.7,2,2,0,62.9,3.2,0
C4791,74,Enterprise,1,2988.04,41.9,9.6,11,0,0,8.6,3,0,1,97.4,3.5,0
C4792,28,Basic,9,476.69,69.2,-34.6,2,0,0,1.5,0,1,2,59.3,3.5,1
C4793,19,Premium,46,1491.85,43.9,67.2,5,1,0,2.4,0,0,0,71.3,4.2,0
C4794,64,Premium,5,1460.17,31.0,21.3,5,0,0,1.4,1,2,2,79.5,3.7,0
C4795,61,Basic,4,509.41,33.9,7.9,4,1,1,4.3,0,1,1,48.9,2.5,1
C4796,61,Basic,70,521.34,55.8,-34.1,7,0,0,0.5,0,0,1,77.8,2.9,0
C4797,26,Basic,1,545.74,29.6,18.7,4,1,0,4.9,4,0,1,70.8,4.7,0
C4798,38,Premium,30,1510.9,37.2,-17.5,10,1,0,5.3,0,0,1,62.3,2.8,0
C4799,41,Basic,7,514.65,49.2,-9.9,12,0,0,0.5,0,0,0,72.3,3.7,0
C4800,51,Standard,1,888.28,43.5,-47.0,7,4,0,1.8,0,1,0,73.2,4.5,1
C4801,39,Standard,49,864.04,43.6,-36.0,3,1,1,4.2,4,0,2,56.3,5.0,0
C4802,20,Premium,3,1481.8,59.3,6.0,8,1,0,0.5,3,0,0,86.2,4.1,0
C4803,29,Basic,16,556.12,25.6,20.2,8,1,1,5.5,6,0,1,54.5,5.0,0
C4804,45,Standard,6,924.36,49.7,12.1,9,1,0,3.6,0,1,1,86.0,4.3,0
C4805,47,Standard,1,915.3,65.3,11.3,6,0,0,2.2,3,0,1,86.7,4.3,0
C4806,43,Standard,1,826.39,40.7,-6.6,11,0,0,0.5,6,0,0,55.1,4.1,0
C4807,65,Premium,2,1511.51,40.0,-15.2,4,3,2,0.5,5,1,0,87.1,3.5,1
C4808,38,Basic,1,445.81,47.6,2.2,4,0,0,1.0,1,0,0,57.1,4.4,0
C4809,45,Premium,28,1448.67,43.3,15.5,9,2,2,5.5,3,0,0,68.3,5.0,0
C4810,73,Standard,13,853.15,51.8,-4.9,6,1,0,7.7,5,0,0,75.9,3.7,0
C4811,43,Standard,8,868.09,41.9,25.3,7,0,0,1.0,6,0,1,98.0,4.2,0
C4812,50,Standard,10,932.34,45.1,-10.4,5,3,3,1.3,17,0,0,47.3,4.5,1
C4813,38,Standard,52,908.06,30.1,-29.5,5,2,2,0.7,2,0,1,46.8,4.0,0
C4814,52,Basic,48,461.27,44.7,-5.3,6,3,3,4.1,0,0,2,60.1,4.8,0
C4815,69,Standard,25,875.77,42.8,-2.4,12,0,0,0.5,2,0,0,70.2,3.5,0
C4816,51,Standard,43,918.93,64.8,-7.1,8,0,0,9.4,1,1,0,73.0,3.4,0
C4817,58,Standard,7,926.91,53.6,27.0,2,2,0,1.1,1,0,0,80.0,4.2,0
C4818,68,Basic,9,504.35,46.9,15.1,11,0,0,5.2,4,1,1,73.6,3.9,0
C4819,64,Enterprise,19,2953.1,49.2,-40.8,9,0,0,11.7,0,1,2,66.9,4.3,0
C4820,35,Standard,19,882.5,43.6,33.4,13,0,0,0.6,3,0,0,95.2,4.2,0
C4821,28,Basic,13,594.24,42.9,-73.5,7,2,2,0.5,4,2,0,64.8,3.7,1
C4822,74,Standard,10,850.57,51.8,48.8,8,4,0,1.1,5,1,2,55.8,3.7,0
C4823,40,Premium,72,1514.0,36.7,-12.2,7,2,0,3.1,13,0,0,56.1,5.0,0
C4824,65,Premium,34,1583.83,38.2,-9.7,4,0,0,0.5,0,1,0,51.6,2.5,0
C4825,39,Standard,11,888.06,27.8,-6.5,3,1,1,3.3,2,0,0,69.8,3.1,0
C4826,34,Premium,25,1572.35,40.8,4.6,8,0,0,3.0,8,1,2,82.0,2.9,1
C4827,22,Basic,6,471.49,43.5,-5.0,6,1,0,0.5,0,0,0,98.0,3.7,0
C4828,61,Standard,2,820.0,48.0,-8.3,10,1,1,2.6,14,1,2,52.0,2.9,1
C4829,28,Premium,8,1475.83,31.1,27.7,7,0,0,6.3,0,0,0,83.5,5.0,0
C4830,47,Premium,10,1468.69,44.5,9.1,5,0,0,1.2,4,1,0,96.2,3.8,0
C4831,32,Standard,1,832.19,51.6,-29.0,6,1,1,6.0,0,0,0,44.8,2.3,1
C4832,44,Premium,33,1482.3,28.1,13.5,6,1,0,2.0,2,0,1,67.4,4.1,0
C4833,52,Basic,8,538.64,34.3,8.1,7,3,2,6.5,1,1,0,60.2,3.5,1
C4834,50,Premium,17,1475.24,60.1,-18.6,4,2,0,2.2,1,0,2,57.7,4.5,0
C4835,37,Basic,1,483.96,38.4,14.8,10,2,0,8.1,1,1,1,78.1,4.8,0
C4836,33,Basic,3,553.82,75.4,-8.9,3,0,0,8.6,1,1,1,67.2,4.7,0
C4837,51,Basic,44,469.07,63.6,-10.5,5,1,0,0.5,8,0,0,83.6,3.9,0
C4838,19,Standard,18,923.76,37.7,-11.2,4,2,0,1.7,0,0,1,59.5,2.9,0
C4839,52,Basic,60,430.7,55.9,-65.7,9,1,0,7.6,2,2,1,92.8,4.7,0
C4840,57,Basic,72,460.35,56.8,-18.2,8,4,1,0.5,15,0,0,5.4,3.6,1
C4841,73,Basic,9,490.46,40.4,12.8,9,0,0,0.5,3,0,0,62.9,3.0,0
C4842,45,Basic,7,547.36,47.6,-5.6,7,2,1,2.0,3,0,0,79.5,3.6,0
C4843,64,Standard,39,862.5,38.7,-37.1,11,1,0,13.8,5,0,1,70.2,4.3,0
C4844,56,Standard,72,862.02,33.3,19.1,4,2,1,9.2,8,2,0,76.6,5.0,0
C4845,23,Basic,19,509.89,60.8,-12.5,5,2,2,3.1,6,0,0,60.4,3.5,1
C4846,26,Premium,31,1516.32,42.4,-35.5,13,1,1,1.0,1,2,1,62.7,4.1,0
C4847,37,Premium,30,1457.58,48.2,50.2,8,1,0,3.6,7,0,1,59.9,3.0,0
C4848,18,Premium,8,1478.12,59.6,-31.3,11,0,0,1.4,0,0,1,76.7,4.2,0
C4849,25,Basic,17,542.47,57.2,17.0,2,1,1,3.7,2,1,0,98.0,3.3,0
C4850,72,Premium,35,1451.8,39.8,-24.2,8,0,0,0.6,4,1,0,70.6,4.1,0
C4851,40,Basic,23,512.66,26.5,-1.6,7,1,0,3.2,1,1,1,45.2,3.3,1
C4852,20,Basic,1,478.3,36.8,-27.6,11,2,2,4.1,1,2,0,73.0,4.1,1
C4853,21,Basic,8,555.1,25.1,-36.0,8,2,0,4.4,2,1,1,70.1,3.3,1
C4854,42,Premium,3,1522.22,55.4,8.1,8,2,0,13.2,1,1,0,35.0,4.2,0
C4855,64,Basic,5,534.22,43.5,5.1,7,2,2,0.5,5,0,2,62.1,4.8,1
C4856,55,Basic,47,477.5,32.2,23.6,5,2,2,0.5,5,0,2,37.6,3.6,0
C4857,32,Basic,1,531.98,43.0,-5.9,6,1,0,3.3,10,0,0,51.4,4.4,0
C4858,38,Premium,4,1530.94,64.3,50.5,5,1,0,2.3,0,0,1,78.5,4.2,0
C4859,52,Standard,7,919.78,64.8,1.7,6,0,0,3.5,9,1,1,89.7,2.7,0
C4860,74,Basic,19,487.7,30.5,9.2,8,3,3,4.1,0,2,1,66.8,5.0,0
C4861,70,Standard,15,905.5,36.6,-39.0,11,3,3,0.5,6,1,0,52.8,3.0,1
C4862,70,Standard,4,824.89,65.4,-20.4,7,4,2,2.3,1,1,1,58.3,3.4,1
C4863,63,Standard,3,969.36,39.1,8.0,1,1,0,2.4,4,0,1,56.7,4.6,0
C4864,69,Basic,5,474.84,39.4,-7.1,5,4,1,3.4,4,0,1,54.2,3.7,1
C4865,31,Premium,13,1485.61,27.7,-0.3,9,2,0,1.6,1,1,1,55.0,4.3,0
C4866,53,Basic,6,446.29,42.1,-25.4,3,0,0,0.5,0,1,1,35.9,2.9,0
C4867,29,Standard,58,925.92,56.6,-2.0,6,2,2,1.4,0,0,1,51.1,3.4,0
C4868,34,Basic,12,520.17,27.7,-2.0,3,2,1,0.9,3,0,1,72.2,2.6,0
C4869,56,Standard,1,887.18,33.5,-34.5,5,0,0,5.4,4,1,0,60.9,4.3,0
C4870,26,Standard,26,805.61,59.1,11.1,16,1,0,7.4,1,1,1,61.8,2.4,0
C4871,52,Standard,7,870.54,51.6,-47.5,5,1,0,0.7,0,3,1,98.0,2.9,1
C4872,30,Basic,21,517.4,38.2,-0.4,8,0,0,3.3,0,0,0,62.5,4.4,0
C4873,32,Premium,6,1509.06,80.1,39.1,6,1,0,0.8,1,0,1,94.1,3.6,0
C4874,35,Basic,16,497.15,51.2,12.0,4,0,0,6.2,6,0,1,58.2,3.2,0
C4875,68,Standard,29,882.04,65.3,11.9,9,2,1,5.2,0,2,0,32.3,3.7,0
C4876,50,Premium,52,1435.86,43.9,-27.4,2,3,0,3.1,2,0,1,77.1,5.0,0
C4877,23,Standard,6,937.55,37.3,39.2,6,2,1,1.3,4,0,1,87.6,5.0,0
C4878,44,Premium,8,1441.4,41.1,29.4,9,1,1,14.3,7,1,0,68.1,4.0,0
C4879,40,Standard,12,890.83,29.9,-26.1,7,1,1,3.6,2,0,0,69.4,5.0,0
C4880,44,Standard,52,857.6,54.8,-16.9,8,1,1,4.7,4,0,1,42.5,4.0,0
C4881,51,Premium,46,1538.75,40.6,26.4,8,1,0,7.4,2,0,1,76.8,4.8,0
C4882,73,Basic,1,522.28,46.6,39.9,6,1,0,6.1,5,0,1,70.1,3.1,0
C4883,63,Standard,2,884.71,38.8,-36.6,4,2,0,6.0,6,2,1,56.1,4.5,1
C4884,55,Premium,13,1526.65,46.3,-30.1,7,2,1,1.0,6,0,0,67.0,3.5,1
C4885,31,Standard,2,839.33,27.0,-8.6,8,0,0,1.3,5,0,1,40.3,3.7,0
C4886,53,Basic,8,495.82,48.0,-59.3,5,2,0,1.7,6,1,0,70.7,5.0,1
C4887,70,Standard,3,856.81,33.7,-4.5,8,3,0,8.7,6,0,0,98.0,4.4,0
C4888,25,Premium,20,1540.0,40.1,24.6,9,3,0,0.5,7,0,1,41.7,3.9,0
C4889,52,Enterprise,59,3013.97,38.6,-41.0,1,1,0,1.0,2,0,0,54.7,5.0,1
C4890,36,Standard,72,925.0,47.4,-1.8,14,1,0,2.0,8,1,0,68.8,3.8,0
C4891,47,Standard,9,876.87,29.6,-19.5,4,1,0,4.4,0,1,2,79.9,3.3,0
C4892,31,Enterprise,18,3028.79,38.5,36.0,10,2,1,0.6,1,1,0,93.6,3.0,0
C4893,37,Basic,38,454.32,59.3,-19.2,6,0,0,2.5,10,0,0,92.1,3.5,0
C4894,66,Basic,2,460.06,32.1,33.0,10,1,0,1.4,2,1,0,81.3,2.9,0
C4895,42,Premium,23,1491.99,28.9,-19.9,7,2,2,0.9,7,0,0,52.7,4.4,1
C4896,57,Premium,10,1461.61,36.8,14.3,4,1,0,0.5,3,0,0,36.9,4.2,1
C4897,41,Premium,4,1527.38,35.2,1.3,9,1,1,6.0,1,0,0,37.6,5.0,0
C4898,31,Standard,10,880.06,68.7,-8.5,8,0,0,4.0,0,0,1,61.6,4.0,0
C4899,43,Basic,1,455.77,52.8,-24.8,3,1,0,1.2,4,0,0,62.9,4.0,0
C4900,55,Standard,23,850.59,28.4,3.1,4,1,1,1.7,1,0,2,61.4,4.4,0
C4901,40,Basic,5,526.9,41.1,-16.0,8,0,0,2.8,3,0,1,74.8,3.6,0
C4902,39,Basic,7,397.24,46.4,-22.2,15,1,1,1.4,1,0,1,89.4,4.1,0
C4903,65,Premium,2,1458.56,40.6,31.8,6,0,0,0.7,4,1,0,68.4,3.8,0
C4904,74,Basic,39,555.12,23.9,8.7,5,2,0,0.8,3,1,0,95.5,4.5,0
C4905,36,Premium,13,1485.23,49.0,11.1,6,3,3,6.7,3,1,2,77.4,4.9,1
C4906,63,Standard,16,927.66,31.8,-14.8,11,0,0,2.3,2,0,0,47.1,3.7,0
C4907,68,Standard,16,916.1,26.0,-9.6,4,0,0,2.2,4,0,0,38.7,3.6,1
C4908,20,Basic,10,491.37,26.9,-11.2,10,2,1,1.7,5,1,0,69.4,5.0,0
C4909,59,Basic,4,432.64,39.6,3.4,7,0,0,4.5,0,0,1,58.4,3.9,0
C4910,36,Basic,27,445.97,44.8,11.0,10,1,1,6.2,3,0,2,58.5,5.0,0
C4911,26,Enterprise,2,2945.29,26.7,-5.8,8,1,1,4.5,0,0,1,71.7,3.1,0
C4912,45,Premium,2,1518.28,39.5,-24.8,5,2,2,2.3,2,2,0,98.0,2.2,1
C4913,37,Standard,24,925.78,34.3,14.0,9,0,0,0.8,6,1,0,71.1,2.8,0
C4914,62,Basic,4,463.85,53.7,-4.2,9,3,1,2.7,0,2,0,28.4,4.6,1
C4915,24,Enterprise,7,2995.85,37.1,-41.0,10,0,0,4.5,1,0,0,47.2,3.4,0
C4916,31,Basic,12,499.32,54.7,-58.4,3,2,2,1.9,0,2,1,53.7,3.2,1
C4917,26,Basic,11,502.13,48.1,2.4,6,1,1,16.4,3,1,0,85.9,4.0,0
C4918,72,Standard,24,868.52,33.1,-25.7,9,0,0,9.6,10,0,0,72.1,4.6,0
C4919,74,Enterprise,19,3064.52,42.0,5.8,8,1,1,9.4,1,1,0,88.7,4.7,0
C4920,36,Basic,20,526.11,39.2,-24.4,4,0,0,3.2,1,0,0,47.8,2.4,0
C4921,64,Basic,25,501.92,55.6,-1.7,7,2,2,2.8,0,0,0,45.9,3.5,0
C4922,69,Enterprise,6,2978.25,49.5,-14.5,7,0,0,2.7,5,0,1,75.3,4.8,0
C4923,31,Basic,7,465.66,43.7,38.8,6,1,0,2.2,2,1,1,28.7,3.3,0
C4924,73,Basic,11,514.92,42.2,18.8,7,3,0,0.6,1,2,1,95.9,3.1,0
C4925,55,Standard,7,880.05,40.9,28.7,11,0,0,7.3,0,0,2,86.9,3.0,0
C4926,70,Premium,72,1504.35,40.1,-4.4,7,0,0,6.0,7,0,0,61.5,4.5,0
C4927,53,Standard,33,823.03,47.5,15.6,10,1,0,4.8,4,0,0,78.6,4.3,0
C4928,57,Enterprise,3,2977.81,78.1,-2.7,4,0,0,4.1,15,1,0,71.5,3.6,1
C4929,34,Standard,1,894.64,46.9,31.7,8,1,1,2.2,3,1,0,65.4,3.0,0
C4930,47,Basic,1,537.71,43.9,-6.8,11,0,0,19.0,12,1,0,68.7,4.0,1
C4931,26,Enterprise,5,2962.11,48.3,-39.9,5,0,0,2.0,4,0,0,53.7,3.2,0
C4932,50,Standard,2,839.57,26.1,-55.0,8,2,2,1.1,2,0,1,60.8,4.4,1
C4933,73,Basic,15,516.79,40.3,36.7,4,1,0,1.4,1,0,0,88.0,3.5,0
C4934,69,Standard,39,896.44,57.2,7.0,10,1,0,4.4,0,2,0,75.6,3.8,1
C4935,42,Basic,26,430.12,36.6,8.6,8,1,1,1.3,0,3,1,38.8,3.4,1
C4936,31,Basic,4,432.11,54.1,32.2,5,0,0,3.9,7,0,1,64.9,4.1,0
C4937,28,Basic,10,473.12,43.5,-46.3,9,2,2,4.3,3,1,1,93.0,2.6,1
C4938,70,Standard,14,895.65,43.8,-14.0,6,1,1,8.2,0,0,1,44.2,2.7,0
C4939,52,Premium,33,1554.57,32.1,-10.9,12,2,1,2.2,4,0,0,59.1,3.5,0
C4940,58,Standard,36,855.75,44.7,13.6,9,0,0,2.4,9,0,0,69.0,3.1,1
C4941,31,Enterprise,48,3020.55,42.3,-22.3,4,0,0,0.5,0,1,0,73.6,2.8,0
C4942,47,Basic,14,420.57,37.1,-35.0,5,0,0,0.7,6,0,0,77.8,4.3,0
C4943,58,Basic,23,513.44,63.2,-35.3,7,0,0,1.0,7,0,1,79.9,2.9,0
C4944,21,Basic,2,559.26,67.1,23.7,7,1,0,9.4,4,0,0,65.8,2.7,0
C4945,21,Basic,16,504.67,34.3,-23.6,5,0,0,3.6,11,1,1,64.3,3.4,1
C4946,45,Basic,5,472.27,36.7,-18.8,6,0,0,8.1,13,0,1,92.0,5.0,0
C4947,25,Premium,11,1548.3,57.9,10.9,9,0,0,1.3,5,0,2,80.8,3.1,0
C4948,19,Enterprise,20,3012.96,36.9,-22.5,3,0,0,1.4,0,0,0,69.9,2.7,0
C4949,58,Enterprise,5,3005.14,47.4,-47.6,13,2,0,2.4,0,0,1,56.5,5.0,0
C4950,63,Basic,1,458.29,39.6,-44.5,8,2,0,3.8,2,3,1,69.8,3.7,1
C4951,39,Premium,1,1513.55,41.8,-6.4,8,3,3,0.6,2,0,1,71.3,4.9,0
C4952,58,Basic,1,471.61,36.8,7.4,8,3,1,0.7,0,0,2,74.5,2.2,1
C4953,73,Basic,1,511.46,51.3,-10.1,5,0,0,5.7,0,0,2,49.2,2.7,0
C4954,72,Premium,2,1500.94,74.6,5.8,4,0,0,6.9,1,2,0,57.6,5.0,0
C4955,33,Standard,5,942.36,43.7,-45.3,7,2,0,0.5,1,0,1,53.1,3.5,1
C4956,46,Basic,5,475.96,47.1,-43.6,10,1,0,4.3,10,0,3,67.5,2.0,1
C4957,66,Standard,72,893.03,45.0,51.3,9,1,1,1.6,15,0,0,46.4,5.0,0
C4958,65,Basic,7,530.93,26.8,25.8,4,1,0,1.5,16,0,0,76.8,2.6,0
C4959,47,Premium,2,1489.56,38.6,14.2,9,2,0,2.9,6,0,2,88.0,3.4,1
C4960,29,Standard,15,898.14,34.0,-21.5,8,0,0,4.9,5,0,0,66.0,3.3,0
C4961,52,Enterprise,39,2982.73,51.6,-11.0,7,1,0,9.2,11,1,1,55.6,3.6,1
C4962,28,Basic,22,492.45,36.1,-5.0,12,1,0,0.5,1,1,1,90.2,3.9,0
C4963,63,Standard,7,925.84,56.8,27.9,5,0,0,1.1,3,0,1,56.3,2.2,0
C4964,67,Standard,16,972.44,32.7,5.1,3,1,0,1.7,3,0,0,80.5,5.0,0
C4965,38,Standard,25,831.86,53.6,8.1,4,4,2,0.5,3,1,1,79.7,4.3,0
C4966,38,Basic,26,448.4,32.4,-9.2,6,1,1,0.5,2,1,0,50.3,4.2,1
C4967,22,Premium,21,1493.34,46.7,14.8,8,1,1,17.6,14,1,0,76.9,3.7,0
C4968,65,Premium,40,1500.99,35.6,2.6,13,3,3,3.6,1,0,0,64.9,4.4,0
C4969,37,Enterprise,40,2990.29,36.2,-3.9,6,0,0,1.1,1,1,0,69.1,3.5,0
C4970,54,Premium,17,1476.87,71.5,-23.6,7,2,0,1.6,5,0,1,33.7,3.3,1
C4971,20,Premium,11,1449.71,34.5,-7.8,12,1,1,4.3,10,2,2,61.4,4.3,0
C4972,61,Standard,20,874.57,43.8,-32.0,4,0,0,0.5,13,0,0,45.5,3.6,1
C4973,50,Premium,34,1531.69,55.3,-6.0,6,2,1,1.9,6,0,0,48.2,3.3,1
C4974,70,Basic,1,502.72,27.5,-2.8,11,4,2,7.0,1,0,0,43.3,3.9,1
C4975,26,Standard,72,926.02,48.8,-65.1,8,0,0,1.1,6,0,0,59.5,4.6,0
C4976,26,Basic,4,450.86,66.9,-10.8,9,1,1,0.7,5,0,0,77.9,2.6,0
C4977,21,Standard,12,956.77,33.2,-34.4,10,0,0,7.6,2,0,1,62.9,3.8,0
C4978,52,Basic,41,476.52,40.2,7.5,8,3,0,10.5,0,0,0,79.7,3.4,0
C4979,34,Enterprise,5,3018.01,38.6,10.9,11,2,2,7.4,7,0,0,50.4,3.7,1
C4980,51,Basic,12,494.0,56.2,-15.7,8,2,1,8.9,1,0,1,62.5,3.7,0
C4981,41,Basic,2,477.4,41.6,8.7,2,1,0,1.8,0,0,1,42.5,2.5,0
C4982,49,Standard,10,916.31,55.4,9.8,3,0,0,2.2,17,0,0,70.9,4.1,0
C4983,18,Basic,3,523.02,64.8,-10.7,10,3,3,3.4,10,1,1,55.8,3.6,1
C4984,25,Basic,9,606.52,66.6,33.4,7,2,2,0.5,5,0,0,67.3,3.0,0
C4985,62,Basic,9,524.57,68.4,-23.1,7,0,0,4.0,0,0,0,59.0,2.8,0
C4986,40,Standard,72,923.97,36.0,31.8,5,0,0,2.7,5,0,0,52.6,3.7,0
C4987,64,Standard,72,944.8,63.2,-10.6,6,2,1,9.7,4,0,0,92.9,5.0,0
C4988,57,Premium,2,1520.27,52.1,-26.1,10,1,1,2.7,1,1,1,87.2,4.1,0
C4989,29,Premium,25,1497.45,50.4,-13.8,7,0,0,16.5,2,0,0,67.7,4.5,0
C4990,71,Standard,1,912.03,45.7,-32.5,7,0,0,12.2,13,0,2,98.0,3.1,0
C4991,29,Basic,1,533.19,45.3,14.6,8,0,0,1.8,0,0,0,79.6,4.2,0
C4992,63,Basic,2,554.63,42.6,-45.1,8,0,0,0.5,2,0,0,58.4,3.5,0
C4993,64,Premium,67,1438.57,41.2,29.7,7,3,2,5.8,3,0,1,91.5,4.6,0
C4994,32,Basic,56,423.39,41.7,-28.4,4,0,0,6.7,8,1,1,60.5,2.6,1
C4995,58,Basic,4,552.94,32.6,15.9,12,1,0,2.8,4,0,0,85.7,3.1,0
C4996,36,Premium,3,1467.1,57.8,-4.4,8,2,0,4.6,0,0,2,63.4,2.9,0
C4997,43,Standard,5,832.68,30.6,1.8,7,3,0,2.3,1,1,0,77.7,2.8,1
C4998,69,Basic,14,428.92,69.3,-19.8,11,3,3,3.5,0,0,0,83.5,1.9,0
C4999,46,Basic,16,571.07,28.9,3.8,11,3,3,2.5,10,0,0,68.4,3.9,1
C5000,39,Enterprise,5,3034.1,37.0,-1.6,9,1,0,2.3,4,1,1,79.9,4.9,0
C5001,57,Premium,28,1467.2,48.9,-41.4,2,1,1,6.0,1,0,0,68.3,3.4,1
C5002,38,Premium,7,1468.85,42.2,-29.1,10,1,0,0.7,0,0,0,77.3,3.1,0
C5003,68,Standard,51,901.19,50.1,-18.5,3,2,0,1.9,0,0,0,61.9,4.9,0
C5004,55,Standard,21,933.38,39.0,-23.9,5,3,0,3.9,2,0,0,82.1,2.0,1
C5005,37,Enterprise,11,2987.24,39.3,26.3,4,3,0,14.8,1,0,0,67.0,4.9,0
C5006,74,Enterprise,31,2967.56,39.7,-4.8,7,1,0,3.0,13,0,0,30.7,5.0,0
C5007,46,Basic,34,544.4,49.2,-24.5,5,3,2,2.8,1,0,1,66.5,3.4,0
C5008,68,Premium,6,1497.97,45.5,-17.3,9,1,1,2.5,19,0,0,74.2,2.9,1
C5009,21,Basic,8,491.33,46.4,-17.6,3,0,0,0.5,7,0,1,67.9,3.2,0
C5010,72,Basic,54,522.68,80.0,-12.2,6,0,0,3.7,9,1,0,54.1,5.0,0
C5011,24,Standard,3,813.55,26.5,-31.9,3,0,0,11.6,1,2,0,63.4,5.0,1
C5012,45,Standard,1,917.97,39.7,-25.3,4,1,1,4.5,0,0,1,75.5,4.7,1
C5013,45,Enterprise,12,3015.44,31.7,14.2,5,1,1,1.3,7,0,0,79.5,2.8,0
C5014,21,Basic,32,443.84,30.2,-0.4,10,2,2,3.7,0,0,0,36.0,3.0,0
C5015,39,Standard,29,821.35,45.4,-8.8,6,0,0,2.5,2,0,0,49.3,1.8,1
C5016,29,Enterprise,50,2976.43,52.7,-4.9,10,0,0,3.8,0,1,0,94.8,2.2,0
C5017,62,Enterprise,15,3006.32,35.7,-6.1,9,1,1,20.0,9,0,2,61.4,5.0,0
C5018,20,Basic,2,510.39,24.6,-10.2,8,0,0,3.3,8,0,0,52.9,3.3,0
C5019,39,Standard,17,967.16,52.2,7.9,8,1,0,0.5,0,0,1,98.0,3.3,0
C5020,61,Standard,30,906.34,33.3,6.1,8,1,1,1.0,3,0,0,30.1,3.0,0
C5021,19,Basic,1,443.05,36.0,-44.3,12,2,1,1.9,1,0,0,69.6,3.5,1
C5022,41,Enterprise,3,2988.96,35.5,-8.3,10,0,0,0.5,2,0,2,81.6,2.9,0
C5023,51,Enterprise,1,2947.05,38.4,-42.6,7,2,1,2.2,15,0,0,42.7,3.8,1
C5024,44,Basic,18,491.84,41.2,10.9,4,0,0,2.1,1,0,0,66.9,5.0,0
C5025,72,Basic,43,555.36,42.4,14.2,3,1,0,7.3,0,0,1,67.9,3.7,0
C5026,58,Basic,22,517.37,34.4,-20.3,8,1,1,1.2,1,1,1,46.7,3.4,0
C5027,18,Enterprise,72,2970.17,36.8,-7.9,9,4,0,1.8,16,0,0,82.2,3.5,0
C5028,25,Basic,1,522.69,26.9,-57.8,7,1,1,0.9,0,0,0,79.2,5.0,0
C5029,40,Standard,46,867.89,49.4,19.3,4,0,0,5.6,0,0,1,30.6,3.3,0
C5030,55,Standard,33,788.46,49.0,12.7,5,2,0,5.5,0,0,0,81.8,4.7,0
C5031,23,Standard,7,849.66,32.6,23.8,5,1,0,10.1,6,0,0,68.7,3.8,1
C5032,39,Basic,72,517.34,55.6,32.2,9,0,0,6.2,2,0,1,45.1,3.4,0
C5033,42,Basic,6,529.89,38.9,-35.6,3,0,0,5.8,1,1,0,83.8,5.0,0
C5034,35,Enterprise,44,3067.71,35.7,17.2,7,1,1,0.9,4,1,1,54.8,4.1,0
C5035,34,Enterprise,42,3012.65,29.7,32.0,5,1,0,4.0,0,0,1,37.2,3.9,0
C5036,29,Premium,28,1552.89,31.0,-42.4,4,0,0,0.5,4,0,1,65.7,3.8,1
C5037,23,Basic,16,524.2,35.5,-9.3,9,4,3,0.5,1,0,0,68.8,4.3,0
C5038,43,Basic,2,536.5,58.7,-14.1,6,1,1,1.3,7,1,1,41.3,4.8,1
C5039,44,Standard,15,943.07,35.5,16.4,10,0,0,7.1,5,2,0,82.1,2.0,0
C5040,25,Basic,8,518.48,50.2,-64.8,6,1,0,1.1,8,0,0,98.0,4.6,0
C5041,36,Enterprise,31,3041.99,46.1,40.4,7,1,1,9.3,0,0,1,66.7,3.4,0
C5042,59,Standard,28,871.06,55.8,-7.8,3,2,0,0.9,0,0,0,63.6,2.9,1
C5043,18,Basic,48,401.94,22.2,17.9,10,0,0,0.5,4,1,1,32.2,3.4,0
C5044,74,Enterprise,1,3025.03,32.0,-6.5,8,2,1,3.2,10,0,0,98.0,3.7,0
C5045,46,Enterprise,33,3013.99,49.5,7.3,6,2,1,6.0,6,2,1,74.0,3.4,1
C5046,62,Basic,55,463.99,55.6,-63.0,7,1,0,3.0,11,0,2,67.7,4.5,1
C5047,66,Standard,31,848.5,58.1,-14.6,13,1,1,2.5,0,1,0,31.5,4.6,0
C5048,52,Basic,2,504.23,39.7,16.2,4,2,2,2.0,0,0,1,60.6,4.1,0
C5049,57,Standard,1,927.68,35.8,2.2,10,0,0,4.4,3,1,0,86.1,3.5,0
C5050,31,Basic,1,519.8,62.5,-45.9,7,7,3,11.8,2,0,0,82.6,4.7,1
C5051,52,Standard,19,858.21,41.8,-3.5,8,2,0,1.3,5,0,0,68.3,4.6,0
C5052,65,Enterprise,19,2967.18,29.9,-25.5,8,3,0,1.5,0,0,0,61.0,1.7,1
C5053,62,Standard,72,925.78,45.0,-27.6,5,1,1,0.5,3,0,1,69.3,4.1,0
C5054,37,Basic,10,501.91,39.8,-43.0,10,1,0,0.6,10,1,0,56.1,2.7,1
C5055,73,Standard,8,941.41,35.5,10.5,9,2,1,2.6,1,0,0,55.1,3.8,0
C5056,66,Basic,19,486.07,42.0,22.8,8,0,0,1.3,4,0,1,91.3,3.9,0
C5057,30,Premium,34,1528.58,39.9,48.0,5,1,1,6.0,1,0,1,49.0,3.4,0
C5058,55,Standard,55,897.41,29.6,-41.9,6,2,2,3.4,1,0,0,76.8,3.9,0
C5059,66,Basic,32,470.09,44.2,14.2,14,2,0,4.6,2,1,1,67.0,2.5,0
C5060,63,Basic,11,536.13,33.6,15.8,11,2,0,2.0,1,0,1,62.9,2.9,0
C5061,66,Premium,20,1459.3,41.1,-19.5,2,0,0,0.5,13,0,1,81.8,5.0,0
C5062,25,Basic,38,501.97,64.7,-27.9,11,0,0,2.9,0,1,0,47.8,3.0,0
C5063,60,Premium,13,1506.1,59.1,-32.1,6,2,1,1.1,5,0,0,71.1,4.7,0
C5064,37,Basic,4,494.19,65.3,-18.2,6,1,0,2.6,0,0,1,70.8,3.5,0
C5065,50,Basic,3,538.63,56.4,0.1,9,2,0,0.5,7,1,0,41.8,3.6,0
C5066,43,Standard,1,921.9,35.8,29.0,7,0,0,5.3,2,0,0,47.7,3.1,0
C5067,56,Enterprise,25,3017.14,79.0,22.6,4,0,0,1.8,1,0,1,96.9,2.7,0
C5068,38,Enterprise,2,3001.74,31.8,-45.4,5,1,0,3.8,2,1,0,50.6,4.0,1
C5069,70,Basic,5,573.25,55.8,-24.7,6,3,1,2.4,12,0,1,55.9,4.1,0
C5070,66,Standard,7,957.59,31.1,27.5,4,3,1,2.2,0,0,1,65.9,2.7,0
C5071,59,Basic,16,535.78,35.0,-23.3,9,3,3,1.7,3,1,0,58.0,5.0,1
C5072,60,Standard,10,929.2,53.0,-6.4,14,4,2,2.3,2,1,0,70.2,4.1,1
C5073,71,Standard,22,874.91,44.6,-47.6,11,1,0,3.3,4,0,0,66.6,4.2,0
C5074,58,Enterprise,1,2997.04,33.9,23.8,12,1,1,0.9,0,1,0,80.3,2.3,0
C5075,26,Enterprise,2,3024.43,43.7,-52.8,7,0,0,4.4,3,0,0,41.0,3.6,1
C5076,41,Standard,13,941.06,44.4,-46.1,4,2,2,2.3,7,1,1,91.0,4.7,1
C5077,54,Standard,8,934.68,43.8,21.3,7,3,3,3.4,0,0,0,42.2,4.8,0
C5078,66,Premium,7,1522.24,62.7,43.0,5,1,1,2.2,6,0,0,78.9,3.4,0
C5079,58,Premium,1,1579.03,32.7,-12.3,13,1,0,0.6,2,0,0,54.8,3.2,0
C5080,34,Basic,45,493.58,39.4,-6.2,8,2,2,1.4,0,2,1,82.9,4.8,1
C5081,41,Basic,23,539.53,25.8,17.7,5,2,0,1.5,3,0,0,89.7,4.5,0
C5082,38,Standard,2,934.66,43.9,2.2,9,1,1,1.8,1,0,1,80.3,2.6,0
C5083,68,Basic,1,516.76,52.9,-14.3,12,1,0,1.3,16,0,2,84.2,3.4,0
C5084,56,Basic,72,518.22,56.0,-17.1,3,0,0,3.9,1,0,1,39.7,2.3,0
C5085,72,Basic,22,517.41,29.8,-44.2,10,2,1,18.0,5,0,0,78.4,5.0,1
C5086,58,Standard,10,870.67,46.3,0.8,6,1,1,4.3,2,0,0,25.7,3.8,0
C5087,56,Basic,24,515.03,58.6,-7.3,7,1,1,11.2,2,1,1,77.6,3.8,0
C5088,30,Basic,28,528.93,35.7,-15.9,4,2,0,4.7,2,0,1,80.6,4.4,0
C5089,28,Basic,30,511.88,85.5,-30.0,4,1,0,3.1,1,1,0,79.0,2.3,0
C5090,63,Premium,12,1425.32,48.8,-27.5,4,0,0,4.3,2,0,1,46.9,5.0,0
C5091,36,Premium,11,1435.55,22.6,10.5,12,0,0,5.9,1,0,2,58.6,5.0,0
C5092,28,Standard,1,866.27,40.8,17.0,7,2,2,6.3,4,0,0,70.6,3.1,0
C5093,30,Standard,52,894.52,39.2,-13.2,5,0,0,0.5,5,0,1,63.8,3.3,0
C5094,63,Enterprise,18,2968.42,42.0,-15.8,5,0,0,3.4,5,1,1,54.8,5.0,1
C5095,62,Basic,4,524.84,62.1,-26.3,8,2,1,0.6,6,0,0,58.0,2.2,1
C5096,18,Basic,50,546.68,49.2,18.4,10,2,2,4.6,1,0,1,60.6,3.0,0
C5097,57,Basic,49,552.35,30.8,-4.2,12,1,1,0.5,3,1,0,85.6,5.0,0
C5098,61,Basic,72,512.47,46.4,4.2,6,1,0,3.6,2,0,0,52.4,4.8,0
C5099,36,Standard,41,942.37,55.0,4.0,8,1,0,0.5,4,0,2,54.2,4.8,0
C5100,29,Enterprise,72,2976.5,24.5,-12.7,9,2,1,8.1,1,1,0,98.0,5.0,0
C5101,25,Standard,5,892.93,34.9,-34.1,9,0,0,4.8,0,1,0,61.6,4.3,0
C5102,25,Standard,36,852.32,51.5,-29.9,14,0,0,8.9,5,1,0,50.8,5.0,0
C5103,70,Enterprise,34,3047.28,67.8,23.2,5,2,0,2.3,1,3,1,84.8,3.0,0
C5104,62,Basic,5,577.64,30.4,-23.1,2,0,0,0.5,5,1,1,45.8,4.1,1
C5105,29,Basic,2,485.06,53.1,-15.3,6,0,0,9.5,4,0,0,87.3,3.0,0
C5106,65,Standard,72,812.19,62.3,-33.4,11,3,3,1.1,20,0,0,98.0,3.5,1
C5107,50,Standard,7,860.78,37.1,-35.4,7,1,0,1.4,1,0,1,51.6,4.6,0
C5108,62,Basic,40,472.99,54.4,-24.2,17,2,2,2.8,4,0,1,77.1,4.0,0
C5109,43,Standard,1,845.95,39.3,37.2,5,0,0,0.9,4,0,0,43.6,3.0,0
C5110,56,Standard,1,857.79,42.7,11.5,6,0,0,11.3,11,1,0,73.3,4.5,0
C5111,45,Standard,12,907.18,47.5,-18.2,7,1,0,0.5,2,1,0,97.9,5.0,0
C5112,22,Standard,5,925.39,60.3,22.1,6,2,2,1.4,4,0,1,64.7,3.0,0
C5113,25,Basic,23,416.42,73.6,-8.8,7,2,0,11.4,5,0,0,57.5,4.8,0
C5114,42,Basic,16,477.71,38.5,28.9,5,3,1,16.6,18,0,1,98.0,5.0,0
C5115,44,Standard,1,900.51,33.2,50.3,9,0,0,3.6,2,0,1,90.9,3.8,0
C5116,63,Basic,3,456.33,59.6,20.7,8,3,0,5.4,1,0,2,34.8,2.3,1
C5117,40,Enterprise,9,3008.45,53.2,-2.6,4,1,0,3.0,3,0,1,81.2,3.2,1
C5118,47,Standard,4,894.29,48.9,12.5,7,1,1,2.2,2,1,5,54.1,3.8,1
C5119,62,Basic,31,481.06,55.5,-4.6,8,1,0,1.5,0,0,3,60.2,3.7,0
C5120,64,Premium,10,1464.42,39.5,-50.9,9,1,1,0.9,2,1,0,85.7,3.6,0
C5121,40,Standard,1,909.94,49.0,-21.4,8,2,2,1.1,4,0,0,41.5,4.1,1
C5122,66,Basic,13,468.46,63.6,-28.8,4,0,0,2.3,2,1,0,61.7,5.0,0
C5123,64,Premium,1,1429.68,37.2,-21.9,9,2,2,10.0,3,1,0,56.8,4.0,1
C5124,37,Premium,2,1499.88,54.5,39.8,5,3,2,7.1,4,0,1,54.5,5.0,0
C5125,35,Standard,5,849.44,40.8,23.1,6,1,0,1.4,2,1,0,72.2,2.5,0
C5126,35,Basic,39,433.15,58.9,6.0,4,1,1,10.6,0,0,0,63.6,3.9,0
C5127,19,Standard,51,904.18,62.0,15.3,9,2,2,0.6,4,0,0,44.0,3.6,0
C5128,21,Premium,35,1492.48,43.0,-52.3,5,0,0,2.7,0,0,0,98.0,2.2,0
C5129,47,Basic,8,464.35,47.1,13.2,8,1,0,4.1,5,1,0,77.2,3.6,1
C5130,50,Basic,6,508.16,35.6,18.5,4,0,0,10.0,1,0,1,52.7,4.9,0
C5131,53,Premium,15,1515.96,50.2,-61.0,8,0,0,0.9,3,1,0,44.3,5.0,0
C5132,35,Basic,25,508.59,30.2,14.1,9,4,3,1.3,0,0,0,96.3,3.2,0
C5133,54,Premium,72,1507.14,50.0,-40.6,2,3,1,0.5,1,1,0,88.8,4.5,0
C5134,36,Standard,2,834.78,52.2,-54.3,8,0,0,1.4,10,2,0,98.0,4.3,0
C5135,64,Standard,1,950.73,46.4,28.2,6,1,0,6.4,2,0,1,52.0,3.4,0
C5136,45,Basic,23,521.3,36.4,-30.2,6,2,2,1.9,9,0,1,67.4,4.8,1
C5137,57,Premium,35,1460.97,61.7,-22.9,4,0,0,15.7,11,0,0,69.0,4.3,0
C5138,37,Standard,37,898.53,36.3,19.7,9,3,0,1.8,1,0,0,52.7,3.5,0
C5139,66,Standard,22,906.13,64.7,-12.6,10,0,0,4.4,9,0,1,95.6,4.7,0
C5140,50,Standard,61,897.43,46.1,-9.5,10,2,0,1.8,4,0,0,64.6,2.1,0
C5141,29,Premium,14,1570.72,73.9,-10.1,8,0,0,1.0,3,0,1,70.5,3.7,0
C5142,68,Enterprise,49,2921.19,56.4,3.7,8,1,0,0.7,2,1,0,63.9,4.0,0
C5143,32,Standard,68,839.95,36.8,-10.7,4,4,1,0.7,1,2,0,47.2,4.5,1
C5144,58,Standard,37,807.04,52.2,-2.1,3,0,0,3.6,2,0,0,53.2,2.9,0
C5145,56,Enterprise,7,3002.2,55.1,-17.6,6,0,0,0.5,4,0,1,60.5,4.8,0
C5146,19,Standard,4,920.76,47.3,3.8,1,0,0,3.6,1,0,0,29.2,5.0,0
C5147,46,Basic,15,513.46,44.2,2.8,5,2,0,1.9,1,0,0,71.3,4.7,0
C5148,58,Basic,12,487.44,62.6,42.4,6,1,1,3.8,3,0,0,53.6,3.6,1
C5149,27,Premium,42,1515.26,35.5,-14.5,10,1,0,0.5,0,0,0,44.9,4.1,0
C5150,19,Standard,2,887.14,45.8,-9.6,10,0,0,0.5,3,0,0,69.2,1.7,0
C5151,68,Standard,5,928.63,101.4,1.0,3,2,2,7.2,1,0,0,85.1,3.8,0
C5152,28,Standard,27,943.29,46.1,19.1,5,0,0,20.0,2,1,0,89.7,4.3,0
C5153,30,Basic,1,461.75,45.8,-32.3,8,1,0,6.5,7,1,0,60.6,3.1,1
C5154,27,Standard,7,887.49,30.8,-2.4,8,0,0,0.5,6,0,0,70.9,4.5,0
C5155,31,Basic,9,493.97,61.7,-67.7,8,2,2,0.8,1,0,1,82.1,3.7,1
C5156,35,Standard,19,956.02,59.5,-11.8,5,0,0,0.7,0,0,0,70.0,5.0,0
C5157,68,Standard,3,866.46,40.9,21.8,9,3,0,7.1,1,0,0,49.4,2.0,1
C5158,71,Standard,39,942.91,62.4,-23.2,7,1,0,6.1,0,0,0,51.2,4.0,0
C5159,26,Premium,11,1440.36,39.8,-0.6,3,0,0,1.9,2,0,1,81.6,3.5,0
C5160,74,Premium,49,1548.74,40.7,-18.2,7,3,3,0.5,7,0,0,50.8,3.2,0
C5161,56,Premium,12,1533.08,46.0,-26.5,7,2,2,7.7,1,0,0,51.3,3.4,0
C5162,45,Basic,6,492.77,36.5,19.3,6,0,0,3.1,6,1,2,58.2,2.6,0
C5163,20,Basic,3,535.67,38.1,-31.1,4,1,0,13.2,13,0,1,71.2,3.9,1
C5164,37,Standard,1,878.96,53.2,2.3,6,0,0,1.2,4,0,0,58.3,4.3,0
C5165,23,Enterprise,15,2962.09,30.7,2.7,8,0,0,0.5,7,0,1,63.4,3.4,0
C5166,44,Premium,2,1567.26,46.1,-26.3,6,1,1,14.1,7,0,0,73.5,3.8,1
C5167,70,Premium,9,1477.35,52.6,-1.1,5,1,0,1.5,0,1,0,63.5,4.1,0
C5168,19,Basic,17,526.08,50.9,-28.4,6,3,2,2.1,4,0,0,70.9,4.3,0
C5169,46,Standard,6,943.35,61.6,8.0,3,1,0,0.5,5,0,2,49.0,3.7,1
C5170,55,Standard,3,931.25,31.7,-37.9,8,0,0,3.1,2,0,0,89.5,3.6,0
C5171,20,Basic,29,522.97,27.1,-13.5,10,2,1,1.1,7,0,0,80.1,4.3,0
C5172,33,Basic,58,526.21,37.8,-11.3,4,1,0,4.0,4,2,1,34.0,3.8,1
C5173,47,Enterprise,2,3041.3,68.4,22.8,10,1,1,5.0,4,0,2,69.6,4.2,0
C5174,57,Basic,3,511.71,42.5,-1.5,6,1,1,1.2,2,0,1,83.2,3.7,0
C5175,19,Basic,64,497.41,53.5,18.9,5,1,1,2.0,8,0,1,68.2,3.2,0
C5176,34,Basic,1,444.24,52.6,8.9,5,2,2,1.5,1,1,0,98.0,3.8,0
C5177,58,Enterprise,72,3011.73,37.4,8.7,5,2,1,13.5,0,0,0,86.7,3.6,0
C5178,29,Standard,1,940.13,31.8,-13.3,10,1,1,6.6,1,0,0,58.8,4.8,0
C5179,52,Standard,41,854.97,39.1,20.5,8,2,0,1.9,2,0,1,62.2,3.6,0
C5180,60,Enterprise,7,2989.84,49.7,-13.9,3,2,0,2.5,5,0,0,47.9,5.0,0
C5181,18,Basic,55,516.01,77.4,-48.2,10,3,1,14.5,0,0,1,61.8,5.0,1
C5182,72,Standard,7,959.49,45.3,-10.4,8,1,0,1.1,4,0,1,71.7,4.7,0
C5183,62,Basic,21,452.66,46.6,6.3,8,0,0,7.6,2,0,0,65.0,5.0,0
C5184,32,Basic,1,530.74,36.1,-45.2,7,1,1,9.9,1,0,0,76.7,5.0,1
C5185,43,Premium,5,1484.69,45.8,-27.1,13,0,0,2.2,2,0,0,64.6,1.4,1
C5186,54,Premium,29,1472.05,33.5,-35.8,3,0,0,1.0,4,0,0,78.1,4.0,0
C5187,38,Standard,15,862.28,30.3,14.7,6,0,0,0.6,3,0,0,94.3,3.6,0
C5188,66,Standard,52,872.78,39.1,36.8,8,2,0,0.5,0,0,0,61.6,4.1,0
C5189,48,Standard,11,918.96,15.1,-10.2,5,2,2,0.7,0,0,0,70.4,2.4,0
C5190,42,Basic,40,489.89,31.9,8.3,7,1,1,1.4,4,0,1,61.4,4.1,0
C5191,40,Basic,11,527.57,46.1,7.6,7,2,0,5.2,8,0,1,51.4,4.4,0
C5192,41,Basic,72,454.13,42.5,33.8,8,2,1,1.7,0,0,0,59.9,3.0,0
C5193,74,Basic,64,526.88,37.8,-21.3,4,1,0,1.6,3,1,0,47.4,3.7,0
C5194,55,Premium,7,1516.35,35.2,-10.5,6,0,0,6.5,0,0,2,54.8,3.1,0
C5195,45,Basic,43,438.69,40.8,-13.5,5,1,1,3.2,16,1,1,66.7,3.5,1
C5196,38,Basic,37,559.25,38.3,-3.1,11,3,1,2.2,3,0,1,85.7,3.6,0
C5197,71,Standard,4,912.6,48.5,57.6,5,1,0,3.5,6,0,0,78.5,3.7,0
C5198,60,Premium,19,1529.62,57.9,-4.2,6,0,0,2.9,1,0,1,67.1,3.9,0
C5199,35,Basic,1,545.25,51.7,-26.4,3,4,3,2.1,1,0,2,57.8,3.6,1
C5200,53,Basic,36,537.74,53.2,-33.9,8,1,0,1.8,0,0,0,88.4,3.7,0
C5201,52,Standard,3,893.96,22.2,26.3,11,1,1,7.6,4,0,0,55.5,5.0,0
C5202,62,Premium,1,1528.01,44.3,-26.5,7,2,1,0.7,15,1,0,62.5,2.6,1
C5203,72,Standard,10,826.6,46.6,11.6,7,5,1,0.6,2,0,2,83.2,2.1,0
C5204,26,Premium,17,1514.75,55.4,-22.0,4,2,0,5.6,0,0,3,35.6,4.5,1
C5205,70,Enterprise,38,3068.3,56.8,-36.7,6,1,0,0.5,0,2,0,83.1,3.1,0
C5206,55,Premium,72,1471.18,61.3,10.1,5,2,2,12.3,4,4,0,52.8,5.0,1
C5207,47,Standard,11,935.62,38.5,-20.8,5,1,0,1.1,0,0,1,55.2,4.8,0
C5208,61,Standard,1,969.92,39.7,5.6,11,2,2,6.7,10,1,0,64.9,4.0,0
C5209,51,Basic,27,526.57,21.3,7.5,15,1,1,3.6,5,0,1,30.9,3.2,0
C5210,49,Enterprise,16,3040.02,32.9,8.7,5,0,0,5.8,0,0,1,98.0,3.4,0
C5211,20,Standard,11,836.22,48.7,-11.7,8,1,1,1.8,9,0,1,62.7,3.1,1
C5212,20,Basic,7,461.6,46.8,12.2,13,2,1,0.8,1,0,0,49.1,4.3,0
C5213,45,Standard,13,956.19,48.2,-28.1,10,1,1,10.4,12,0,0,61.7,3.1,0
C5214,61,Basic,8,537.41,48.0,-66.4,5,1,0,5.4,1,0,1,67.5,2.6,1
C5215,32,Standard,28,918.84,29.8,12.7,7,0,0,0.6,0,1,0,86.6,2.8,0
C5216,58,Standard,15,888.42,57.4,-0.9,6,2,2,2.0,3,0,0,59.4,3.4,0
C5217,40,Standard,41,910.38,42.4,-20.3,11,0,0,1.4,3,0,0,36.6,2.9,0
C5218,57,Premium,15,1568.53,46.5,-41.8,10,1,1,0.6,3,2,1,65.4,5.0,0
C5219,28,Basic,5,494.92,53.2,-55.9,7,1,1,3.1,1,1,0,68.5,2.8,1
C5220,65,Standard,38,926.97,69.7,-3.7,5,1,1,4.7,1,0,0,59.1,4.0,0
C5221,49,Standard,16,925.92,52.6,36.2,11,1,1,0.9,19,0,0,72.3,4.5,0
C5222,74,Standard,4,872.37,36.1,-8.5,8,1,0,2.8,2,0,0,64.8,5.0,0
C5223,71,Premium,19,1475.45,74.1,-14.0,7,1,1,0.8,0,0,0,46.0,4.0,0
C5224,53,Standard,8,960.08,44.5,-5.6,8,2,1,3.8,2,1,2,74.4,4.3,0
C5225,50,Standard,37,921.81,45.0,49.5,11,2,0,4.2,0,0,0,39.3,4.5,0
C5226,41,Basic,12,471.79,61.8,13.8,9,2,2,2.4,0,0,0,44.2,3.7,0
C5227,56,Enterprise,25,2986.55,31.9,-28.3,6,1,0,3.8,1,1,0,87.8,4.2,0
C5228,51,Standard,2,859.58,50.5,-4.3,6,2,2,4.2,1,0,1,66.0,3.4,0
C5229,73,Premium,10,1541.66,54.5,3.3,6,1,0,8.5,0,0,0,71.2,4.6,0
C5230,45,Basic,72,488.93,43.3,-31.4,7,1,1,6.3,0,0,2,78.0,4.3,0
C5231,54,Basic,33,489.46,54.4,14.0,6,2,2,6.0,4,0,1,77.0,4.7,0
C5232,24,Standard,3,932.64,68.9,-25.4,11,0,0,0.5,1,1,0,68.7,2.3,0
C5233,21,Premium,6,1431.82,28.3,-42.8,6,0,0,1.1,7,1,0,60.9,3.3,1
C5234,54,Standard,8,897.52,35.8,-3.1,6,0,0,0.8,1,0,0,49.8,3.3,0
C5235,73,Enterprise,21,2998.56,24.2,-7.1,9,2,0,17.8,3,0,0,56.8,2.7,1
C5236,18,Standard,28,887.58,31.6,-5.0,8,1,1,2.9,1,0,0,58.6,3.5,0
C5237,18,Standard,27,877.02,41.5,-24.1,5,0,0,0.7,0,0,1,46.4,3.2,0
C5238,64,Basic,14,470.6,39.6,-20.6,5,1,1,3.0,11,0,0,75.3,4.5,0
C5239,37,Premium,33,1510.3,38.3,23.2,7,0,0,4.1,4,0,0,65.6,4.0,0
C5240,36,Basic,11,458.6,61.6,6.0,4,2,0,6.1,11,0,2,75.2,4.5,0
C5241,46,Premium,2,1505.45,62.2,-28.9,10,0,0,1.1,0,0,0,25.7,4.1,0
C5242,27,Enterprise,16,2976.88,66.0,-53.8,3,2,2,2.9,5,0,0,57.1,3.2,1
C5243,35,Enterprise,60,2979.54,46.0,-27.9,6,0,0,1.3,1,1,0,72.9,3.4,0
C5244,45,Standard,31,906.88,79.9,-1.1,6,1,1,2.1,5,0,0,60.6,3.2,0
C5245,52,Standard,17,879.1,21.5,-20.8,5,2,2,1.8,7,0,0,40.5,4.5,1
C5246,60,Premium,20,1549.68,50.9,-22.7,9,1,0,0.8,0,2,0,75.7,3.1,0
C5247,64,Basic,53,493.4,49.2,-19.7,10,1,0,1.2,1,0,0,45.3,4.0,0
C5248,48,Standard,11,940.87,50.3,-6.8,8,0,0,1.0,3,1,0,78.8,3.3,1
C5249,44,Basic,8,468.52,50.9,14.6,13,1,0,5.8,9,0,1,70.4,4.0,0
C5250,28,Standard,72,867.64,40.3,-5.0,9,3,1,0.6,0,0,0,92.2,2.6,0
C5251,66,Basic,39,432.48,53.0,-3.5,10,0,0,12.5,3,2,0,98.0,2.9,0
C5252,66,Basic,7,479.31,60.7,-10.6,6,2,2,1.8,0,1,1,51.7,3.2,1
C5253,55,Standard,12,889.7,27.0,-17.5,6,4,2,0.9,2,1,0,60.3,4.5,1
C5254,22,Standard,10,902.08,48.5,17.4,8,0,0,5.0,3,0,0,82.9,4.2,0
C5255,25,Standard,3,926.89,23.2,13.6,7,1,0,0.5,6,0,0,46.5,3.6,0
C5256,51,Basic,63,523.99,57.7,46.1,7,0,0,5.9,25,0,1,90.5,4.6,0
C5257,65,Standard,10,944.43,47.6,10.3,8,3,3,1.3,3,0,1,83.6,5.0,0
C5258,69,Basic,41,463.51,45.1,-17.5,4,1,0,0.7,2,0,0,57.4,3.2,0
C5259,73,Standard,4,900.23,21.7,-27.6,4,1,1,6.5,2,0,0,25.1,5.0,0
C5260,29,Standard,15,858.99,38.8,18.8,3,1,0,3.2,3,0,1,85.1,1.9,0
C5261,55,Standard,1,915.57,40.1,-25.4,4,1,1,2.7,0,0,0,75.5,3.5,0
C5262,18,Premium,28,1571.17,57.3,15.2,6,3,2,1.2,0,0,0,54.4,3.1,0
C5263,48,Basic,17,451.14,41.6,-24.0,5,0,0,2.4,1,0,0,90.4,3.5,0
C5264,21,Premium,19,1526.5,42.8,3.7,11,0,0,5.3,0,0,0,80.0,3.1,0
C5265,66,Standard,1,940.95,56.2,-31.5,8,0,0,2.3,2,1,1,32.5,5.0,1
C5266,62,Standard,4,863.29,74.6,14.5,6,1,1,3.5,1,1,0,54.2,1.6,0
C5267,67,Standard,1,916.45,43.9,-35.8,8,1,1,0.5,0,1,0,57.2,3.6,1
C5268,22,Basic,6,484.6,64.5,1.8,7,3,0,3.1,0,1,0,69.2,3.8,0
C5269,47,Standard,19,894.15,68.8,-9.9,14,1,1,0.9,2,0,2,75.6,1.8,0
C5270,73,Standard,16,883.28,30.7,-2.5,6,0,0,4.7,1,1,1,79.4,4.3,0
C5271,41,Basic,18,490.0,36.1,-14.9,12,3,0,1.3,6,0,1,59.3,3.1,1
C5272,20,Basic,15,545.22,84.8,-15.5,5,2,1,1.2,0,0,1,64.3,3.7,0
C5273,28,Basic,6,495.83,56.8,-1.1,7,0,0,1.9,0,1,0,98.0,5.0,0
C5274,62,Enterprise,5,2974.93,33.3,-30.1,5,1,0,0.5,0,1,1,64.6,4.0,1
C5275,21,Standard,2,901.76,65.9,-30.2,8,2,2,4.9,1,0,0,98.0,3.5,0
C5276,43,Basic,37,414.11,71.2,-14.0,7,4,2,3.5,3,0,1,75.4,3.3,0
C5277,44,Standard,19,866.32,46.6,-14.9,4,1,0,1.2,2,0,1,52.1,3.6,0
C5278,63,Standard,4,948.94,54.8,-30.1,7,1,1,5.2,3,0,0,80.5,3.7,0
C5279,71,Premium,3,1493.19,49.9,18.1,9,2,0,11.4,3,0,1,35.9,2.8,1
C5280,60,Basic,41,479.88,63.4,-13.4,6,1,0,6.8,1,2,0,98.0,3.7,0
C5281,44,Basic,27,505.92,35.6,-10.7,12,0,0,1.9,9,0,0,50.0,4.1,0
C5282,59,Premium,21,1528.46,39.4,-38.2,10,1,1,1.2,0,0,0,29.4,2.8,0
C5283,68,Basic,10,552.15,57.2,46.8,7,1,0,0.5,0,0,0,73.2,5.0,0
C5284,67,Basic,6,480.96,57.4,55.7,14,0,0,1.0,4,0,0,98.0,3.4,0
C5285,23,Enterprise,72,2981.88,71.9,-24.5,7,1,1,0.5,14,0,1,65.2,5.0,0
C5286,32,Standard,31,890.07,57.1,25.7,8,4,2,6.2,0,0,1,52.6,4.4,0
C5287,70,Basic,7,540.17,51.9,-7.3,5,3,3,5.3,4,0,1,98.0,3.5,1
C5288,47,Basic,37,501.28,60.6,35.1,4,1,1,2.2,1,0,0,56.4,3.7,0
C5289,59,Basic,28,585.64,66.3,3.4,4,0,0,0.5,0,0,0,55.9,3.0,0
C5290,54,Basic,7,492.56,63.8,-2.5,8,2,2,2.6,1,0,0,60.3,2.8,0
C5291,54,Premium,11,1569.54,40.7,-67.5,7,0,0,2.6,0,0,0,60.2,5.0,0
C5292,59,Standard,4,863.28,43.4,-27.0,10,1,1,3.5,2,1,1,89.4,3.1,0
C5293,54,Premium,2,1443.41,48.4,-4.5,9,2,2,2.6,11,0,0,68.2,4.0,0
C5294,52,Enterprise,25,2994.94,36.5,-0.0,8,1,1,0.5,10,0,1,89.7,3.9,0
C5295,40,Standard,6,944.58,41.1,-35.4,5,3,0,3.6,3,2,0,50.1,4.0,1
C5296,23,Basic,34,479.92,46.6,-23.2,6,2,1,16.3,5,0,1,36.8,3.1,1
C5297,21,Standard,72,874.34,41.3,8.8,9,1,1,3.5,0,1,1,63.6,4.0,0
C5298,35,Enterprise,1,3040.0,37.3,-39.6,4,4,0,1.6,3,0,0,68.9,3.6,1
C5299,26,Premium,12,1527.2,42.9,-1.7,9,2,2,3.4,5,1,0,61.9,3.1,0
C5300,66,Basic,32,467.3,70.9,25.9,7,0,0,2.9,1,0,1,38.5,3.5,0
C5301,46,Standard,31,864.96,72.6,4.6,5,0,0,0.5,0,1,1,38.1,5.0,0
C5302,30,Standard,28,932.17,35.6,3.4,3,0,0,3.5,1,0,1,79.3,2.2,0
C5303,64,Enterprise,8,2933.73,29.4,-55.5,6,1,0,3.7,1,0,0,74.5,4.2,0
C5304,69,Basic,12,542.18,45.9,-25.5,6,1,1,1.5,1,0,0,89.5,4.5,0
C5305,34,Standard,18,926.67,32.2,46.4,6,0,0,1.3,0,0,1,61.2,4.7,0
C5306,62,Premium,72,1407.76,35.6,-20.0,9,0,0,2.4,2,0,0,74.1,5.0,0
C5307,49,Standard,7,899.62,51.8,26.6,6,0,0,0.5,0,1,0,78.9,2.6,0
C5308,65,Standard,51,819.85,39.7,-20.3,6,2,2,0.5,9,1,2,70.9,5.0,1
C5309,39,Basic,6,450.8,65.7,-11.9,15,2,2,4.9,6,0,0,65.0,2.5,1
C5310,21,Basic,72,478.88,38.2,7.9,10,2,1,0.7,9,0,0,61.6,3.2,0
C5311,22,Basic,22,448.29,50.4,-2.5,8,0,0,1.0,8,0,0,72.7,3.5,0
C5312,54,Enterprise,12,3087.73,72.4,4.5,5,2,1,1.7,1,1,0,98.0,2.7,1
C5313,58,Basic,19,533.56,39.7,-25.5,7,2,0,4.4,5,1,1,55.7,3.2,0
C5314,66,Standard,6,953.7,30.6,-33.4,7,2,1,2.9,2,1,0,60.3,3.9,1
C5315,30,Standard,6,893.39,34.5,-27.1,13,0,0,2.1,1,0,0,65.5,3.3,1
C5316,51,Basic,2,500.22,69.2,-18.3,13,1,1,14.5,1,0,0,85.2,3.7,0
C5317,62,Standard,2,962.23,37.4,-10.7,3,1,0,2.2,3,0,0,62.3,2.8,1
C5318,39,Premium,8,1516.35,32.3,20.9,5,1,1,3.1,7,0,1,52.0,3.6,0
C5319,70,Premium,28,1523.49,56.8,-2.8,5,0,0,0.5,0,0,1,54.8,4.8,0
C5320,40,Standard,18,862.55,32.0,7.1,5,1,1,1.1,2,0,1,48.0,4.3,0
C5321,68,Standard,2,862.37,47.1,-1.5,7,0,0,1.2,0,0,1,66.5,3.1,0
C5322,20,Basic,38,509.44,30.8,-32.9,10,0,0,0.9,1,0,0,89.2,3.9,0
C5323,59,Enterprise,18,3013.92,41.8,-4.6,6,1,0,1.2,2,0,2,77.4,1.9,0
C5324,51,Basic,64,459.12,61.7,-1.7,6,2,1,2.3,2,1,0,54.4,4.2,0
C5325,49,Premium,22,1513.34,39.1,14.0,3,3,2,6.8,5,0,0,54.3,4.2,0
C5326,62,Basic,3,450.13,31.1,-31.7,9,2,1,3.6,5,0,0,47.1,4.3,1
C5327,68,Enterprise,12,2999.55,45.2,-56.0,11,1,0,5.6,1,1,1,43.5,2.2,1
C5328,66,Premium,20,1441.5,52.5,-0.6,7,0,0,2.3,1,2,0,59.7,2.4,0
C5329,38,Premium,1,1552.12,43.5,3.8,3,3,0,2.9,1,1,0,47.5,2.9,0
C5330,63,Basic,1,486.55,73.2,-9.5,9,1,0,0.5,1,1,0,65.5,3.7,1
C5331,61,Standard,2,871.26,35.0,-4.3,8,1,1,0.5,1,0,1,80.3,2.9,0
C5332,38,Standard,5,853.17,40.5,17.0,5,2,0,6.2,4,0,0,69.7,4.5,0
C5333,61,Premium,11,1449.32,42.7,-16.5,5,0,0,17.3,0,0,0,58.0,4.9,0
C5334,28,Basic,13,516.46,48.8,-12.0,4,2,0,5.3,0,1,0,60.6,2.8,1
C5335,56,Enterprise,2,3039.15,34.6,-3.0,9,3,3,0.8,0,0,1,98.0,4.5,0
C5336,21,Premium,22,1535.15,39.5,-35.5,9,1,1,0.5,13,0,1,48.0,5.0,0
C5337,68,Basic,18,554.86,38.8,-8.8,9,0,0,0.5,1,0,1,47.1,1.9,0
C5338,18,Premium,6,1568.93,34.1,-6.6,7,1,0,1.1,5,0,0,43.5,3.9,0
C5339,45,Standard,1,937.32,42.7,35.9,9,0,0,7.4,5,0,1,68.0,4.2,0
C5340,41,Standard,1,878.88,52.3,-12.5,9,1,1,0.8,7,0,0,65.9,2.6,0
C5341,52,Basic,9,505.78,30.1,0.0,7,1,0,3.6,1,0,3,37.1,3.3,1
C5342,30,Standard,3,808.72,44.5,18.0,8,0,0,0.5,4,0,1,27.7,2.6,1
C5343,64,Premium,9,1524.5,46.6,-25.9,7,2,1,4.3,1,1,0,59.8,5.0,0
C5344,51,Standard,19,904.97,46.3,29.4,8,1,1,0.6,1,1,0,82.5,5.0,0
C5345,28,Standard,15,962.81,78.9,39.1,5,1,1,1.7,17,1,0,57.8,4.8,0
C5346,53,Standard,5,869.27,46.7,-5.7,6,0,0,0.8,9,1,1,28.8,3.7,1
C5347,68,Premium,8,1519.62,41.6,-18.5,7,2,2,1.1,2,0,1,66.7,4.0,1
C5348,34,Basic,19,458.87,37.5,35.7,10,0,0,4.3,3,0,0,49.6,2.2,0
C5349,52,Premium,39,1494.6,39.0,14.9,8,5,2,2.9,13,0,1,46.1,5.0,0
C5350,35,Standard,27,833.59,35.7,-3.0,9,2,0,0.5,1,0,1,56.6,4.7,0
C5351,57,Basic,16,553.24,37.8,30.7,7,1,1,6.3,7,0,0,54.7,4.1,0
C5352,39,Basic,8,541.11,40.0,28.0,10,0,0,3.2,2,0,1,65.9,5.0,0
C5353,74,Standard,9,880.09,42.4,-13.4,10,2,0,1.2,8,0,0,69.0,4.4,0
C5354,41,Premium,42,1509.47,50.8,1.2,6,3,1,1.8,2,0,0,30.5,3.2,1
C5355,36,Standard,1,900.54,36.8,9.4,8,2,1,7.5,3,2,0,65.3,4.0,0
C5356,54,Premium,72,1474.5,36.9,-4.3,9,1,1,1.4,5,0,0,72.1,4.3,0
C5357,56,Basic,21,503.93,45.8,-39.8,9,1,0,1.1,8,0,0,74.3,5.0,0
C5358,38,Standard,22,881.29,45.8,-28.5,5,1,1,0.8,1,1,1,31.4,4.6,1
C5359,25,Enterprise,1,3038.21,38.6,-39.0,9,5,0,5.4,5,1,0,66.0,2.9,1
C5360,45,Premium,18,1490.57,30.9,7.3,4,1,1,1.0,11,1,0,58.5,4.0,0
C5361,22,Basic,13,594.62,56.1,-34.6,6,1,1,2.2,0,0,0,55.1,3.5,1
C5362,34,Standard,2,895.89,49.5,-0.2,7,2,2,0.5,0,1,1,75.8,5.0,0
C5363,54,Basic,6,503.51,44.5,40.8,3,3,3,11.2,1,0,1,86.4,4.8,0
C5364,53,Standard,44,920.13,53.7,30.7,7,3,0,6.3,6,2,0,61.4,3.0,0
C5365,71,Premium,15,1532.48,28.1,-50.9,9,0,0,3.7,3,0,1,64.7,3.0,0
C5366,36,Premium,10,1502.12,26.7,-37.0,9,0,0,1.3,10,2,0,58.4,3.1,1
C5367,44,Basic,1,519.26,25.8,-24.4,7,0,0,0.7,2,0,0,78.1,3.0,1
C5368,70,Enterprise,25,3006.31,43.7,-34.2,8,0,0,2.0,2,0,0,63.8,2.2,1
C5369,51,Standard,24,867.86,51.9,-46.3,6,1,1,0.9,3,0,0,44.5,4.2,0
C5370,28,Standard,19,857.07,43.3,-5.3,8,2,2,9.7,9,1,1,53.8,4.5,1
C5371,71,Standard,14,926.97,28.0,12.6,6,1,1,4.6,0,2,2,43.8,4.1,1
C5372,62,Standard,11,959.69,51.9,18.9,9,0,0,4.1,2,0,1,46.7,4.5,0
C5373,64,Standard,17,833.76,36.8,-16.9,11,1,0,4.0,1,0,0,75.1,3.7,0
C5374,29,Standard,5,841.62,57.5,-11.8,1,1,1,5.1,1,1,0,82.3,2.9,1
C5375,71,Standard,56,841.23,77.6,3.9,7,2,2,0.5,5,0,0,85.2,3.4,0
C5376,38,Basic,17,530.01,28.5,-7.7,13,1,1,1.0,1,0,1,61.5,5.0,0
C5377,71,Premium,7,1533.34,33.5,15.3,4,1,1,3.0,0,0,1,47.2,4.8,0
C5378,28,Standard,11,859.95,40.9,5.8,10,2,1,0.9,0,0,1,69.3,3.4,0
C5379,56,Basic,32,587.23,44.9,-14.4,7,2,1,3.2,1,1,0,44.3,2.1,0
C5380,45,Premium,3,1483.6,55.8,-51.4,6,1,0,11.1,0,0,1,80.7,5.0,0
C5381,22,Enterprise,6,3056.43,43.1,32.5,11,2,2,1.4,5,1,0,68.1,3.8,0
C5382,34,Enterprise,22,3031.34,33.1,-22.2,3,0,0,5.0,3,1,0,98.0,5.0,0
C5383,73,Standard,7,860.68,48.4,3.9,8,1,0,2.0,4,0,1,63.0,3.9,0
C5384,37,Basic,31,482.28,33.7,-52.9,8,1,1,4.4,3,0,0,94.7,3.7,0
C5385,58,Standard,2,864.1,37.5,-5.3,10,3,2,0.5,4,0,0,59.5,3.9,0
C5386,63,Basic,28,445.23,57.4,-2.5,6,3,2,1.6,5,0,0,80.4,4.1,0
C5387,29,Enterprise,1,2988.87,36.6,-1.3,7,1,0,4.5,5,0,0,47.2,4.4,0
C5388,23,Basic,1,451.06,33.9,70.3,5,3,2,6.5,6,1,0,52.0,3.6,0
C5389,34,Basic,45,492.0,38.1,-20.8,7,1,1,1.9,1,2,0,32.4,4.1,0
C5390,68,Standard,17,976.32,50.1,15.5,7,1,1,2.8,1,0,0,71.4,4.5,0
C5391,36,Standard,8,926.87,26.2,8.1,9,3,2,11.8,5,0,0,47.9,3.7,0
C5392,43,Premium,5,1476.71,48.3,-22.0,8,1,1,2.1,16,1,0,79.7,5.0,1
C5393,65,Standard,19,873.45,42.8,15.1,8,1,1,0.9,5,0,0,98.0,3.4,0
C5394,61,Basic,14,482.96,36.7,-9.1,3,3,2,0.5,2,1,0,70.3,5.0,0
C5395,61,Basic,72,581.85,43.0,16.9,7,0,0,8.9,1,1,2,54.4,4.6,0
C5396,69,Standard,72,855.47,41.6,44.0,16,0,0,0.5,0,1,2,64.6,3.0,0
C5397,49,Basic,20,498.93,40.7,-1.2,7,2,2,1.0,3,0,1,82.0,3.2,0
C5398,23,Standard,11,917.61,42.5,-12.0,9,0,0,6.8,0,1,1,56.9,3.1,0
C5399,72,Standard,13,947.62,42.0,21.3,5,3,0,9.8,10,1,0,71.9,4.0,0
C5400,53,Premium,22,1485.69,35.2,29.9,6,1,1,3.8,0,0,0,61.7,3.1,0
C5401,55,Enterprise,2,2960.49,38.7,-27.1,9,1,1,1.0,0,0,0,51.5,5.0,0
C5402,28,Enterprise,7,3010.58,47.7,-16.3,5,1,0,1.1,5,0,0,62.7,3.5,0
C5403,50,Enterprise,1,3051.59,72.8,11.9,6,1,0,2.5,8,0,1,44.0,2.9,1
C5404,41,Basic,1,488.08,30.1,-8.3,7,3,0,9.5,0,2,0,55.1,4.4,1
C5405,40,Basic,4,465.42,44.7,-28.9,5,0,0,10.3,0,0,0,47.9,1.8,1
C5406,32,Basic,13,503.41,31.3,8.5,3,1,1,2.0,0,0,1,42.7,2.6,0
C5407,44,Premium,30,1434.06,44.0,11.8,7,0,0,1.4,5,0,0,78.2,2.7,0
C5408,28,Enterprise,13,2990.25,29.7,-13.4,9,0,0,1.7,8,0,1,35.7,4.2,0
C5409,74,Premium,8,1546.12,36.0,-3.5,8,2,2,0.9,5,1,3,69.5,4.2,0
C5410,68,Basic,1,533.99,45.9,-19.4,6,0,0,0.7,1,1,0,50.5,4.0,1
C5411,67,Enterprise,15,2993.25,41.1,-32.4,1,1,0,4.0,3,0,0,85.6,3.5,0
C5412,34,Standard,6,965.37,42.8,-17.4,11,0,0,1.1,2,0,0,45.3,5.0,0
C5413,68,Basic,19,575.39,34.1,-3.2,8,1,0,6.2,2,1,0,66.9,4.2,0
C5414,70,Standard,72,925.56,52.9,-41.9,9,2,0,1.0,6,0,0,86.1,3.4,0
C5415,31,Basic,2,440.29,41.3,-15.6,7,1,1,2.8,12,1,1,98.0,3.6,0
C5416,44,Standard,4,823.8,40.0,-2.8,7,2,0,4.3,8,0,0,24.4,3.6,0
C5417,35,Basic,12,554.34,43.3,24.9,3,0,0,3.7,5,2,1,91.4,5.0,0
C5418,45,Standard,69,908.79,25.6,-12.8,5,0,0,0.5,2,0,0,60.0,4.0,0
C5419,68,Standard,29,964.42,41.5,-36.1,3,0,0,1.1,1,0,0,46.6,3.9,0
C5420,64,Premium,45,1445.45,43.6,-10.2,9,2,2,0.5,1,0,0,71.2,1.6,0
C5421,64,Standard,8,892.55,35.7,-19.2,9,2,1,3.1,7,0,0,57.0,2.8,1
C5422,21,Standard,72,940.17,54.5,8.8,3,1,0,3.4,0,1,1,45.3,3.1,0
C5423,24,Premium,2,1469.81,29.4,-13.4,8,1,0,2.3,1,1,0,52.4,2.4,1
C5424,62,Enterprise,1,3039.59,52.8,-72.8,9,2,1,3.5,2,0,0,61.2,3.7,1
C5425,52,Basic,38,494.09,59.2,87.3,7,1,1,6.7,0,1,3,46.5,4.0,0
C5426,65,Standard,52,900.12,48.9,-1.4,1,0,0,1.0,0,0,0,77.5,3.7,0
C5427,26,Basic,1,451.65,36.3,-2.8,7,1,1,2.7,4,2,3,39.2,4.4,1
C5428,25,Basic,2,509.06,45.1,-43.5,10,2,2,0.5,11,0,0,56.6,3.2,1
C5429,69,Standard,1,986.71,34.0,-41.6,4,2,0,0.9,4,0,1,77.3,2.3,1
C5430,62,Premium,2,1514.52,67.7,-7.3,3,1,0,1.3,1,0,0,42.8,3.4,1
C5431,34,Basic,4,467.33,40.7,3.4,9,0,0,4.4,1,1,0,81.7,3.1,0
C5432,34,Premium,70,1554.82,34.3,12.6,3,2,2,0.6,3,0,0,57.1,3.2,1
C5433,66,Premium,22,1468.54,22.9,0.9,9,0,0,4.2,17,0,0,34.3,2.1,1
C5434,50,Enterprise,30,3067.84,42.7,-34.6,9,0,0,0.5,4,0,0,68.5,3.1,0
C5435,49,Basic,29,448.0,56.3,-67.6,14,1,0,4.0,0,1,1,66.6,5.0,0
C5436,25,Enterprise,15,3009.91,48.5,-7.5,7,1,1,5.3,0,0,0,57.0,1.7,1
C5437,36,Basic,31,560.05,54.5,-18.3,9,1,0,8.1,4,2,2,65.2,3.0,1
C5438,55,Standard,18,864.33,70.4,-36.6,11,5,1,6.2,5,1,1,78.2,4.8,1
C5439,20,Basic,7,502.33,43.1,15.7,9,0,0,3.6,0,0,1,34.1,4.1,0
C5440,22,Basic,16,545.29,40.8,-44.4,4,1,0,5.4,3,1,0,70.6,3.7,1
C5441,30,Premium,15,1408.78,73.9,10.4,7,2,0,4.4,6,0,1,66.9,3.3,0
C5442,64,Standard,34,936.08,45.2,-40.3,4,3,2,2.2,0,0,0,98.0,4.1,0
C5443,63,Basic,72,495.48,30.6,-1.6,6,1,0,5.4,4,1,0,53.4,4.3,0
C5444,48,Basic,10,556.68,36.3,18.3,8,2,0,0.5,2,0,1,71.6,4.0,0
C5445,72,Standard,28,865.9,72.8,-13.4,6,1,1,5.7,4,0,0,76.4,2.2,0
C5446,33,Basic,2,443.53,47.1,37.2,2,1,0,9.0,3,1,0,55.5,2.0,0
C5447,67,Premium,29,1477.28,56.5,42.9,8,2,0,8.6,11,0,0,51.2,3.1,0
C5448,49,Basic,9,476.44,33.1,0.9,9,1,0,20.0,0,0,0,63.3,4.8,0
C5449,39,Basic,1,490.74,56.5,8.5,5,0,0,1.1,0,0,1,68.9,2.1,0
C5450,46,Standard,9,880.26,39.9,21.5,6,1,0,0.5,0,0,0,69.7,3.8,0
C5451,39,Standard,18,818.68,57.1,8.6,2,0,0,2.4,4,0,0,63.2,3.9,0
C5452,60,Standard,2,895.2,66.1,5.9,1,2,0,1.5,0,1,0,73.9,3.1,0
C5453,20,Basic,51,508.27,35.9,-18.1,9,2,1,2.1,2,0,2,49.4,3.5,0
C5454,71,Enterprise,1,2991.27,52.0,-47.2,4,5,2,1.6,8,0,1,73.7,5.0,1
C5455,27,Standard,53,910.47,46.0,-39.8,6,2,2,6.8,1,0,0,69.3,2.5,0
C5456,59,Basic,24,502.4,38.6,54.6,8,1,1,2.7,0,1,0,74.0,4.7,0
C5457,38,Standard,8,843.72,36.8,3.1,12,2,2,5.5,3,1,2,81.8,3.9,0
C5458,33,Premium,9,1486.97,45.2,-11.1,6,0,0,1.2,4,0,0,86.5,3.6,0
C5459,29,Basic,27,503.56,34.6,26.6,7,0,0,1.8,2,0,0,51.6,2.9,0
C5460,19,Basic,18,489.51,42.2,-23.7,6,2,0,1.2,3,0,3,73.5,4.6,0
C5461,58,Premium,22,1439.29,53.0,9.6,8,1,0,12.4,0,0,0,47.5,5.0,0
C5462,41,Standard,9,947.92,30.0,-3.1,6,1,0,2.1,1,0,0,94.0,4.2,0
C5463,52,Standard,13,860.11,33.7,6.5,10,0,0,1.8,4,0,0,43.2,4.0,0
C5464,73,Basic,72,449.31,35.9,-13.4,11,1,1,6.4,6,1,0,50.1,3.0,0
C5465,47,Basic,4,500.63,48.8,-29.1,4,6,2,5.0,1,1,1,72.3,2.3,1
C5466,74,Standard,10,886.37,54.8,-25.6,8,1,0,8.9,4,0,0,76.2,3.8,0
C5467,47,Basic,6,523.06,44.9,-24.6,8,2,1,4.9,0,0,0,53.6,4.0,0
C5468,64,Standard,28,933.91,52.2,-5.1,2,1,0,1.5,1,0,0,59.1,4.0,0
C5469,52,Standard,28,927.82,47.7,-43.9,12,0,0,1.3,0,0,0,98.0,3.9,0
C5470,36,Basic,6,498.93,67.9,-36.2,4,0,0,4.0,0,0,0,42.9,4.5,0
C5471,67,Enterprise,1,3021.13,32.4,-1.6,8,0,0,0.5,5,0,1,65.2,4.4,0
C5472,25,Premium,1,1436.6,32.1,-8.2,4,0,0,0.5,0,0,0,60.0,3.8,1
C5473,43,Premium,11,1542.77,22.7,-0.2,6,0,0,5.5,0,0,0,45.7,4.0,1
C5474,66,Basic,10,482.81,29.9,-6.1,2,2,2,3.5,4,1,1,92.5,4.6,0
C5475,57,Basic,72,577.8,36.0,58.0,7,0,0,0.9,2,2,0,55.0,4.1,0
C5476,24,Standard,12,943.99,44.3,-1.8,6,0,0,3.9,5,0,0,41.3,3.3,0
C5477,47,Basic,5,491.11,44.3,-14.5,9,0,0,1.3,1,1,0,77.4,4.0,1
C5478,24,Enterprise,44,2999.86,48.8,-2.5,6,1,1,1.2,3,1,1,55.3,3.6,0
C5479,20,Basic,13,546.36,43.1,20.5,4,0,0,1.1,11,0,0,49.4,4.1,0
C5480,18,Standard,18,808.6,43.9,-6.2,6,1,0,2.5,8,0,1,57.1,5.0,0
C5481,53,Standard,2,892.59,48.8,12.1,5,4,2,9.9,3,0,0,49.3,3.9,1
C5482,42,Standard,9,967.06,65.2,4.9,7,0,0,10.4,2,0,0,61.9,4.1,0
C5483,54,Basic,57,532.79,59.5,-12.3,5,0,0,2.8,0,1,1,44.8,3.1,0
C5484,18,Standard,17,865.49,31.0,-2.2,7,4,2,7.1,2,1,0,71.1,3.0,1
C5485,32,Basic,8,511.58,71.4,35.0,6,0,0,2.5,2,0,0,37.5,4.8,0
C5486,54,Premium,19,1459.93,74.0,1.1,7,1,1,2.4,10,0,0,71.3,3.7,0
C5487,30,Basic,48,485.34,31.0,-29.7,4,1,0,0.5,2,1,2,58.5,4.3,0
C5488,57,Enterprise,6,3012.35,40.6,-13.0,10,4,1,4.8,3,0,0,64.6,3.7,0
C5489,25,Premium,14,1519.39,46.3,-57.9,5,1,1,3.5,9,0,2,72.6,4.3,1
C5490,22,Basic,63,528.18,50.7,-1.6,9,1,1,1.6,0,1,0,85.1,4.7,0
C5491,26,Premium,3,1548.35,33.6,27.8,12,2,1,0.6,1,0,0,57.8,2.5,0
C5492,18,Basic,25,451.25,28.6,-38.5,6,0,0,16.3,1,0,2,78.7,1.8,1
C5493,53,Enterprise,19,2999.96,58.7,-1.3,5,0,0,5.9,1,0,0,76.1,3.9,0
C5494,52,Standard,22,864.99,52.7,19.6,6,0,0,3.5,7,0,1,54.1,4.8,0
C5495,19,Basic,8,483.05,43.5,22.3,7,1,1,0.5,4,0,0,58.1,2.2,0
C5496,57,Standard,7,868.82,41.0,27.0,10,0,0,7.1,14,0,0,20.5,4.0,0
C5497,40,Basic,23,518.98,54.5,-51.7,6,1,0,3.3,6,0,0,74.7,4.6,0
C5498,26,Enterprise,4,3041.12,32.1,7.6,8,0,0,0.6,8,1,2,69.9,3.9,0
C5499,51,Basic,10,543.28,48.1,-42.6,9,0,0,5.9,0,1,0,49.8,4.4,0
C5500,63,Standard,4,854.79,53.0,-30.0,9,0,0,3.2,0,0,0,93.3,4.5,0
C5501,31,Standard,1,894.07,43.1,15.5,7,0,0,2.6,4,1,1,66.0,3.1,1
C5502,21,Enterprise,70,2953.68,33.5,-1.0,3,1,1,0.5,3,0,1,74.4,5.0,0
C5503,47,Basic,11,452.35,34.2,13.2,3,0,0,1.0,0,1,2,38.6,3.2,1
C5504,48,Standard,69,872.53,39.2,-28.2,6,1,1,4.1,0,1,2,66.0,4.7,0
C5505,55,Standard,3,912.73,43.1,31.8,6,1,0,1.5,2,1,0,44.9,4.9,0
C5506,28,Premium,17,1519.76,23.6,12.2,8,1,0,1.5,6,1,0,57.1,3.0,1
C5507,52,Basic,4,525.17,34.1,17.2,9,2,1,0.7,5,0,0,59.1,3.9,1
C5508,25,Basic,31,522.69,54.3,-32.0,11,3,3,0.8,2,0,1,33.4,4.7,0
C5509,20,Basic,30,465.09,46.8,24.3,10,2,1,3.9,2,0,1,56.6,4.2,0
C5510,31,Premium,2,1546.31,29.3,-12.9,10,3,1,8.9,6,0,0,44.2,5.0,0
C5511,30,Basic,48,531.13,47.5,-20.3,5,0,0,0.5,1,0,1,78.8,2.6,0
C5512,62,Standard,4,882.49,57.0,10.6,7,0,0,2.4,5,0,1,68.3,4.5,0
C5513,49,Basic,18,484.0,50.7,9.6,10,1,0,10.9,9,1,0,44.9,2.4,1
C5514,51,Premium,72,1472.7,65.2,-26.2,6,0,0,2.7,0,0,0,66.8,4.5,0
C5515,62,Enterprise,42,2947.33,27.6,46.4,5,1,1,1.9,2,0,0,70.1,2.4,0
C5516,36,Standard,62,925.64,37.1,40.4,8,1,0,1.2,2,0,0,59.4,1.7,0
C5517,55,Standard,8,931.88,49.2,10.1,10,2,1,4.9,2,0,0,69.0,5.0,0
C5518,33,Basic,2,461.96,38.8,5.8,15,1,0,7.9,0,1,0,90.3,4.1,0
C5519,19,Basic,4,449.73,42.8,3.2,11,0,0,16.1,5,1,0,85.0,4.1,0
C5520,57,Basic,13,461.54,66.2,-43.7,7,3,1,1.3,3,0,0,71.2,5.0,0
C5521,34,Standard,31,903.41,59.5,-2.2,4,3,0,0.5,8,0,1,84.5,3.3,0
C5522,72,Standard,3,843.72,50.5,-2.5,8,1,0,4.5,0,0,0,65.9,4.3,0
C5523,51,Enterprise,21,3044.11,45.1,-19.4,12,0,0,6.2,3,0,1,78.4,3.9,0
C5524,59,Standard,7,941.72,50.9,-12.7,6,1,1,7.2,0,1,0,61.9,4.5,0
C5525,33,Standard,8,915.97,53.2,-64.5,13,1,1,3.2,4,1,0,70.0,3.8,0
C5526,55,Standard,21,931.39,39.0,-32.4,6,2,0,11.3,6,0,0,80.1,4.0,0
C5527,19,Standard,12,901.35,55.3,18.0,7,1,1,0.5,2,0,1,66.6,5.0,0
C5528,19,Basic,33,517.61,48.8,38.3,7,1,0,1.3,0,0,2,81.9,3.4,0
C5529,43,Standard,3,846.99,48.6,-28.6,8,1,0,1.2,3,1,0,70.1,3.5,0
C5530,30,Standard,31,954.62,43.7,-0.4,8,2,0,1.8,0,1,1,56.6,3.4,0
C5531,73,Premium,1,1479.51,50.6,22.5,3,0,0,4.9,1,0,1,89.8,2.0,0
C5532,64,Enterprise,4,2993.85,57.0,-18.0,4,2,2,0.5,3,0,0,84.8,5.0,0
C5533,48,Basic,21,598.49,34.3,11.9,11,0,0,0.5,11,0,0,98.0,4.9,0
C5534,51,Basic,38,490.2,70.3,-5.8,4,0,0,0.5,4,0,0,58.2,3.8,0
C5535,56,Standard,5,928.58,58.3,24.8,8,0,0,0.7,4,0,0,67.5,3.6,0
C5536,20,Standard,7,919.58,33.0,-37.1,5,0,0,15.8,5,0,0,85.4,3.7,0
C5537,25,Basic,15,445.69,55.1,-32.6,2,1,1,1.0,0,0,1,77.4,2.5,1
C5538,40,Premium,4,1459.01,41.8,2.0,6,2,2,2.1,5,0,0,73.3,3.6,0
C5539,31,Enterprise,33,3080.44,31.8,-2.6,15,4,1,0.5,1,2,0,92.6,5.0,0
C5540,73,Enterprise,29,3022.17,37.3,-6.4,4,1,1,9.3,5,0,2,59.0,3.3,1
C5541,72,Basic,3,498.32,38.0,9.4,3,1,0,0.5,8,0,0,61.7,3.2,0
C5542,44,Premium,12,1477.57,51.7,-28.3,4,0,0,8.1,2,0,1,95.0,2.9,0
C5543,71,Premium,29,1511.8,43.6,-39.2,6,0,0,0.8,0,0,0,52.0,5.0,0
C5544,46,Standard,8,915.61,48.7,-17.5,9,1,0,8.4,3,0,1,62.1,4.9,0
C5545,56,Standard,20,908.06,54.3,-14.7,10,2,2,1.4,1,0,0,51.3,3.4,0
C5546,70,Premium,1,1541.76,50.5,-12.1,9,2,1,2.3,3,0,0,65.3,4.0,0
C5547,56,Standard,18,864.33,54.5,26.7,8,1,0,4.3,2,0,0,60.6,4.1,0
C5548,18,Standard,3,858.97,36.5,14.3,10,2,0,4.8,4,0,1,70.5,4.9,0
C5549,34,Standard,35,940.72,40.7,8.3,5,4,2,0.5,1,0,1,66.5,3.7,0
C5550,58,Standard,8,983.51,34.8,0.5,6,1,1,0.5,1,0,2,55.6,2.9,0
C5551,47,Basic,6,532.7,41.4,-15.9,11,2,2,1.4,0,0,0,60.0,2.8,0
C5552,70,Enterprise,36,3050.91,35.3,-26.3,6,0,0,2.5,0,1,0,60.6,3.4,0
C5553,30,Standard,1,896.01,38.0,-34.9,5,1,1,7.2,1,1,1,40.1,3.9,1
C5554,38,Standard,10,909.64,75.9,-22.4,11,2,0,0.7,0,0,0,66.3,4.8,0
C5555,36,Basic,9,509.11,36.7,-6.1,5,2,1,1.6,0,1,1,53.4,2.7,1
C5556,70,Standard,6,896.78,45.6,-33.9,10,1,1,2.0,3,0,1,63.7,3.7,0
C5557,36,Basic,48,555.45,62.4,-0.8,8,1,0,2.3,2,0,1,42.0,2.9,0
C5558,74,Basic,27,543.63,27.2,-9.9,7,0,0,4.3,0,1,1,62.9,4.0,0
C5559,42,Standard,1,883.03,39.8,-14.9,6,0,0,8.4,1,0,0,54.7,2.0,1
C5560,39,Standard,25,833.18,52.7,24.0,5,2,2,0.5,4,0,0,68.3,4.1,0
C5561,48,Standard,14,896.46,38.3,-66.5,3,1,0,2.2,0,1,0,51.2,5.0,1
C5562,34,Basic,46,452.81,57.1,-14.6,8,2,0,14.7,6,3,0,67.7,4.5,1
C5563,72,Standard,7,899.95,34.7,-63.8,13,0,0,3.2,1,0,0,36.8,3.9,1
C5564,40,Basic,17,455.97,40.0,1.0,4,2,2,6.6,11,0,0,64.2,4.3,1
C5565,49,Enterprise,13,3049.26,39.1,14.1,9,3,1,7.7,2,0,0,41.1,4.7,0
C5566,27,Standard,13,926.38,36.9,-38.8,7,2,2,0.5,0,1,0,44.4,3.4,1
C5567,27,Standard,12,925.41,41.1,-35.6,10,1,0,2.3,0,0,0,41.9,3.1,0
C5568,53,Basic,4,541.89,57.4,-47.5,8,1,0,11.4,0,0,0,72.3,5.0,0
C5569,25,Basic,28,514.64,45.6,-3.4,8,0,0,0.6,4,0,1,87.2,3.6,0
C5570,71,Enterprise,12,3020.87,65.9,-13.5,9,2,0,0.7,0,0,0,74.4,5.0,0
C5571,69,Basic,63,556.39,33.6,-12.0,4,0,0,2.5,11,0,0,60.2,5.0,0
C5572,37,Standard,6,893.62,60.9,-14.2,8,3,1,0.5,1,0,0,56.1,4.1,0
C5573,49,Standard,22,923.2,24.1,-29.3,8,4,3,6.9,0,0,1,17.0,5.0,1
C5574,67,Basic,56,456.87,52.9,23.3,2,0,0,5.0,0,0,0,29.5,3.5,0
C5575,31,Premium,21,1502.17,68.2,1.8,8,1,0,6.6,1,0,0,78.1,5.0,0
C5576,67,Standard,41,989.37,67.0,-34.6,12,3,2,1.8,0,0,0,64.6,3.5,0
C5577,45,Basic,35,531.59,37.0,-22.5,6,1,1,3.6,7,1,3,87.0,2.2,1
C5578,63,Basic,8,495.56,54.9,-26.8,6,0,0,1.4,12,0,0,57.9,3.9,0
C5579,69,Basic,18,509.58,59.3,30.1,4,0,0,0.5,5,0,0,17.3,3.4,0
C5580,70,Premium,3,1498.16,52.1,12.8,4,2,2,5.2,3,1,0,47.6,5.0,0
C5581,41,Standard,15,908.27,38.7,-8.2,7,2,0,12.5,6,0,0,62.6,4.4,0
C5582,32,Basic,5,483.04,35.7,37.7,13,1,0,1.2,0,0,2,70.3,3.4,0
C5583,39,Basic,27,518.79,42.0,31.3,4,0,0,1.2,1,0,1,79.9,2.6,0
C5584,47,Standard,15,920.21,54.2,-10.8,7,0,0,0.8,0,0,3,56.4,2.8,0
C5585,21,Standard,10,899.27,39.7,-15.3,3,0,0,1.9,2,0,0,98.0,5.0,0
C5586,30,Standard,6,904.6,42.2,-14.1,6,1,1,1.6,0,0,0,46.3,2.1,0
C5587,40,Standard,72,912.63,42.4,-28.8,7,0,0,7.6,6,1,0,65.7,3.9,0
C5588,25,Basic,1,477.91,50.8,38.3,7,1,1,5.5,6,1,2,51.4,3.2,0
C5589,35,Standard,1,918.41,44.1,-30.2,8,3,3,7.4,1,0,0,98.0,3.3,1
C5590,29,Enterprise,4,3030.21,37.2,16.7,8,0,0,8.8,5,0,0,78.7,3.9,0
C5591,72,Basic,70,557.59,36.9,12.3,3,1,1,4.0,2,0,1,34.5,4.8,0
C5592,48,Standard,72,911.73,61.7,-12.6,5,2,0,3.6,1,0,1,53.1,4.4,0
C5593,31,Standard,21,876.77,54.9,40.3,6,2,1,2.2,1,0,2,88.5,2.9,0
C5594,51,Standard,42,894.88,50.7,-44.0,4,3,0,0.5,2,1,0,98.0,4.9,1
C5595,35,Basic,4,453.28,45.8,-7.0,7,0,0,2.1,0,0,1,54.5,3.9,0
C5596,73,Premium,71,1528.09,27.0,-17.2,6,1,0,1.6,4,0,3,48.1,3.3,0
C5597,51,Standard,3,816.61,59.6,19.0,7,1,1,1.7,1,1,1,46.9,4.6,0
C5598,28,Standard,2,939.99,37.3,3.8,8,0,0,2.4,0,0,0,77.0,4.2,0
C5599,58,Basic,2,544.81,38.2,-48.2,7,1,1,2.6,4,1,0,84.3,3.8,1
C5600,29,Basic,17,381.77,53.3,26.0,8,0,0,0.9,5,2,0,63.5,3.7,0
C5601,66,Basic,30,550.01,59.6,7.1,5,1,1,1.1,0,0,2,72.4,4.4,0
C5602,32,Premium,9,1540.09,44.3,-30.9,7,0,0,0.8,0,0,0,77.3,4.9,0
C5603,74,Basic,72,487.4,48.8,-13.7,6,0,0,4.7,1,1,0,49.6,2.7,1
C5604,48,Standard,11,851.33,28.2,-37.5,7,2,1,11.7,4,0,0,98.0,3.6,0
C5605,66,Standard,3,865.49,45.4,-9.3,10,2,1,1.0,3,0,0,84.0,2.4,0
C5606,46,Standard,12,868.66,41.7,-1.2,7,0,0,7.0,14,0,0,75.3,4.0,1
C5607,43,Standard,22,951.64,49.4,-13.4,6,0,0,4.6,2,0,0,69.6,3.7,0
C5608,35,Standard,35,881.04,46.8,-16.3,9,3,1,1.3,1,0,0,62.0,2.5,0
C5609,49,Basic,12,535.21,33.9,-45.3,4,0,0,2.6,5,1,0,74.7,4.0,0
C5610,39,Basic,18,494.04,55.0,3.4,10,1,0,3.3,12,0,0,69.4,2.4,0
C5611,55,Standard,6,901.2,51.2,-53.1,8,1,0,5.2,8,0,0,60.4,3.0,1
C5612,34,Standard,20,836.14,40.6,-4.2,11,0,0,2.8,2,0,0,70.5,4.3,0
C5613,40,Basic,72,453.12,30.3,-50.0,7,0,0,3.7,3,1,1,42.3,3.6,0
C5614,41,Standard,1,950.72,66.3,-3.7,3,2,2,1.4,0,0,0,79.2,3.8,1
C5615,67,Basic,43,492.77,44.3,-5.2,9,0,0,0.5,5,1,0,83.9,5.0,0
C5616,25,Basic,16,511.03,55.7,5.1,7,1,0,0.5,1,0,1,21.6,4.9,0
C5617,58,Basic,5,571.25,49.4,16.6,3,2,2,1.2,1,0,0,98.0,4.7,0
C5618,23,Premium,61,1493.89,36.7,21.2,6,4,1,3.9,0,0,1,80.5,2.9,0
C5619,22,Basic,13,491.63,51.8,-45.3,9,0,0,0.5,1,0,0,51.2,3.4,0
C5620,61,Basic,8,547.24,45.6,-6.5,6,1,1,4.7,2,1,0,54.1,2.7,1
C5621,74,Basic,4,499.49,47.4,45.3,5,0,0,1.8,9,0,0,73.6,3.9,0
C5622,46,Basic,5,511.8,33.2,-2.0,9,3,1,2.2,1,0,0,95.5,4.0,0
C5623,45,Standard,35,938.87,46.1,-25.8,6,2,2,0.8,0,0,2,58.7,3.5,0
C5624,28,Basic,19,499.0,33.0,-7.0,9,1,1,4.2,6,1,0,69.2,4.7,0
C5625,74,Basic,48,530.5,50.9,-14.6,6,0,0,12.3,6,0,0,54.1,4.1,0
C5626,18,Standard,5,894.37,51.5,-34.4,4,1,1,1.8,0,0,0,79.2,3.9,0
C5627,60,Basic,2,538.25,45.8,16.7,11,2,0,0.5,0,1,0,72.6,3.9,0
C5628,36,Premium,1,1515.85,44.2,9.6,8,0,0,0.5,0,1,0,71.8,5.0,0
C5629,26,Standard,14,889.98,48.7,-38.4,8,0,0,7.0,2,0,0,50.7,4.3,0
C5630,44,Basic,72,501.97,35.2,-7.3,6,1,0,4.3,1,0,2,62.7,3.3,1
C5631,51,Standard,23,801.23,71.8,-19.2,6,0,0,6.6,5,2,1,97.4,2.7,0
C5632,61,Basic,7,546.75,39.6,-45.0,3,1,1,1.7,3,1,0,98.0,4.0,0
C5633,21,Standard,41,848.81,50.8,-40.4,6,3,0,3.5,4,0,1,79.9,3.3,1
C5634,53,Standard,30,856.24,56.0,-36.6,8,0,0,1.7,1,1,1,73.7,2.6,0
C5635,35,Basic,1,481.48,41.4,-6.5,8,2,2,1.4,2,2,0,30.0,2.8,1
C5636,32,Standard,33,827.28,54.2,-16.4,5,1,1,3.1,4,2,0,70.2,2.2,1
C5637,68,Premium,7,1517.7,62.3,-29.0,7,2,0,0.9,2,0,0,50.6,4.9,1
C5638,30,Enterprise,3,3013.44,49.5,-14.8,6,0,0,4.6,0,0,0,45.3,3.4,0
C5639,36,Standard,5,879.54,35.9,13.7,7,3,1,3.5,1,0,0,70.7,3.1,0
C5640,66,Standard,12,871.88,34.8,3.9,6,1,1,1.8,14,0,0,76.3,3.1,0
C5641,23,Basic,11,471.26,70.6,20.0,4,3,3,1.2,2,0,0,55.2,2.1,1
C5642,65,Basic,6,523.59,38.6,-10.7,9,1,0,1.6,2,0,0,68.8,4.3,0
C5643,73,Standard,3,835.25,52.8,35.1,8,1,1,1.3,8,0,0,83.3,5.0,0
C5644,29,Standard,28,882.64,69.8,3.7,14,1,0,1.6,4,0,2,70.7,4.1,0
C5645,68,Enterprise,72,2937.82,41.8,-17.2,9,0,0,0.5,2,1,1,54.0,5.0,0
C5646,54,Standard,30,929.75,36.8,-2.7,6,0,0,1.5,3,1,0,50.9,4.4,0
C5647,34,Standard,7,885.55,42.8,-36.2,7,0,0,2.7,1,0,1,65.7,3.4,0
C5648,40,Standard,5,920.87,47.4,-12.7,6,1,1,2.3,6,0,1,72.7,4.5,1
C5649,43,Premium,4,1548.98,50.5,5.7,6,1,1,0.5,5,2,0,47.4,3.8,1
C5650,46,Standard,2,949.66,30.6,10.3,12,0,0,10.3,0,0,0,87.7,3.1,0
C5651,50,Standard,16,858.12,36.8,-15.3,5,2,2,0.7,1,0,1,75.2,3.5,1
C5652,44,Basic,18,511.38,44.1,63.3,7,2,2,3.0,0,0,1,43.7,3.8,0
C5653,42,Premium,24,1543.86,49.9,-9.3,6,1,1,1.6,6,1,2,49.7,3.8,1
C5654,73,Basic,22,526.86,52.9,-47.0,5,1,1,3.9,0,1,1,56.7,3.5,1
C5655,72,Premium,6,1530.81,57.2,25.3,4,2,0,2.0,3,1,2,21.9,5.0,0
C5656,27,Standard,8,827.67,35.3,10.2,0,0,0,0.5,7,1,1,59.2,3.9,0
C5657,64,Standard,22,926.25,44.5,0.8,14,0,0,3.5,13,0,0,63.4,4.2,1
C5658,40,Standard,8,867.28,44.4,-16.6,7,1,0,9.1,1,0,0,39.9,2.3,1
C5659,38,Standard,4,925.59,55.0,4.8,7,2,2,7.1,0,1,0,61.6,2.7,1
C5660,38,Basic,9,524.71,54.8,35.5,6,0,0,1.4,17,0,0,78.4,4.4,0
C5661,60,Premium,6,1522.6,34.8,0.0,7,0,0,1.4,0,0,0,78.6,4.2,0
C5662,30,Standard,1,894.57,32.0,-41.8,5,0,0,3.1,0,0,1,47.6,2.6,1
C5663,54,Basic,35,551.64,40.2,-85.0,4,2,2,0.8,10,3,0,79.1,4.3,1
C5664,50,Basic,38,519.41,31.1,4.6,6,1,0,3.5,11,0,0,76.1,4.8,0
C5665,41,Standard,4,911.86,35.9,-29.6,4,0,0,5.7,2,0,1,55.7,3.8,0
C5666,61,Standard,1,861.62,60.3,-7.5,3,2,0,0.8,4,0,1,57.4,2.5,1
C5667,28,Standard,26,914.84,28.9,-25.2,8,1,1,11.1,2,1,1,86.4,2.9,0
C5668,34,Standard,4,978.15,29.5,-27.0,5,1,1,2.4,10,1,1,44.6,5.0,1
C5669,21,Standard,9,843.39,31.9,-24.1,7,3,2,0.9,7,0,1,67.6,2.3,1
C5670,64,Enterprise,1,3028.2,55.8,-21.9,3,1,0,0.5,2,0,0,71.7,4.6,0
C5671,42,Standard,5,933.25,48.4,14.4,10,2,1,1.2,2,0,1,65.7,2.2,0
C5672,47,Premium,31,1568.02,23.8,9.3,8,0,0,2.2,4,1,0,67.9,3.9,0
C5673,26,Basic,32,528.03,27.2,-35.2,7,0,0,2.3,4,0,1,88.2,3.1,0
C5674,38,Standard,4,899.43,35.2,-31.8,6,1,0,0.8,0,0,0,44.7,4.2,0
C5675,37,Basic,8,515.9,27.8,4.5,6,0,0,1.0,1,0,0,59.3,5.0,0
C5676,36,Standard,2,888.28,29.7,21.3,13,1,1,4.0,2,1,1,43.0,2.9,1
C5677,36,Premium,1,1547.77,53.3,20.9,6,3,3,5.2,3,1,0,85.3,4.0,0
C5678,29,Basic,72,437.04,39.4,-30.1,8,3,2,0.5,0,0,0,54.5,5.0,0
C5679,54,Basic,21,479.49,50.7,19.7,8,2,0,3.8,1,0,0,72.4,3.8,0
C5680,59,Premium,15,1516.85,17.3,-49.4,2,1,1,8.7,2,2,0,75.3,3.0,1
C5681,34,Basic,29,545.84,43.4,-10.1,11,0,0,0.5,9,0,0,56.7,3.5,0
C5682,54,Standard,36,898.45,24.2,7.2,12,1,1,3.3,1,3,0,74.9,3.0,0
C5683,71,Standard,32,867.71,35.8,-57.0,8,1,1,3.1,1,1,0,63.3,4.2,1
C5684,65,Premium,1,1490.57,30.1,47.3,3,0,0,0.9,7,0,1,93.9,3.6,0
C5685,56,Basic,4,484.32,36.0,28.2,8,1,0,6.1,1,0,2,79.0,5.0,0
C5686,45,Basic,21,486.16,34.9,11.2,7,1,0,0.5,3,0,0,52.6,3.6,0
C5687,58,Standard,9,881.59,46.3,-29.1,4,2,0,9.3,2,0,1,16.7,2.2,1
C5688,52,Enterprise,72,2981.61,39.4,-6.7,4,0,0,3.2,9,0,1,73.8,3.3,0
C5689,64,Standard,21,830.36,40.3,14.8,4,1,1,2.4,4,1,0,82.7,4.6,0
C5690,65,Basic,62,511.01,39.1,-33.1,9,1,1,4.7,8,0,1,67.9,3.7,0
C5691,35,Standard,4,925.99,29.7,-9.5,13,2,1,10.0,4,1,0,47.5,3.6,1
C5692,31,Enterprise,39,3058.94,52.2,17.8,5,3,0,6.0,3,0,0,49.7,3.1,1
C5693,52,Premium,7,1533.42,42.1,-42.4,9,1,1,2.9,2,2,0,56.4,3.7,1
C5694,61,Enterprise,72,3031.37,32.8,3.3,7,4,1,0.5,3,0,0,94.7,2.3,0
C5695,58,Basic,3,510.84,37.0,-48.9,4,0,0,1.7,6,0,0,5.0,5.0,1
C5696,24,Basic,14,428.5,59.6,-28.6,6,0,0,7.2,2,0,0,46.9,4.4,0
C5697,58,Standard,31,910.21,34.8,-17.6,9,3,3,6.7,4,0,0,54.3,4.0,0
C5698,30,Premium,11,1503.5,38.2,7.8,5,0,0,1.9,2,1,1,76.6,2.9,0
C5699,35,Basic,12,540.19,52.4,-22.5,8,0,0,2.2,0,0,0,59.2,4.4,0
C5700,54,Basic,72,521.7,41.0,-1.9,11,1,0,4.0,3,1,0,30.2,4.8,0
C5701,30,Premium,11,1493.81,41.6,-22.2,8,1,0,2.0,0,0,0,59.7,5.0,0
C5702,53,Basic,18,577.33,45.8,-18.3,8,3,1,0.5,3,0,1,56.7,3.3,0
C5703,48,Standard,1,932.94,52.6,26.3,8,1,0,4.6,7,1,0,67.9,3.8,0
C5704,19,Standard,36,912.59,28.4,-33.8,3,0,0,3.7,0,1,0,91.1,4.7,0
C5705,33,Standard,20,917.21,59.3,14.0,7,1,1,0.8,3,0,0,36.8,3.5,0
C5706,26,Premium,10,1501.45,51.9,-5.0,4,1,0,5.7,0,0,2,84.7,1.3,1
C5707,26,Standard,1,899.66,31.3,-19.4,8,2,2,5.9,1,0,0,34.9,3.9,1
C5708,55,Standard,17,812.19,40.5,-35.4,4,1,1,1.0,0,0,1,86.5,3.5,0
C5709,28,Standard,1,862.4,35.9,-33.7,8,0,0,0.5,0,1,0,49.8,3.0,1
C5710,71,Standard,1,877.36,34.1,-23.5,11,0,0,0.8,7,1,2,41.0,3.5,1
C5711,73,Standard,19,917.03,68.6,-8.8,6,0,0,2.4,2,1,2,67.5,4.3,0
C5712,39,Basic,4,432.93,56.4,10.1,4,1,1,1.3,0,2,1,78.4,4.3,0
C5713,50,Basic,4,478.15,46.3,-12.5,10,1,1,3.9,4,0,1,91.1,2.9,0
C5714,53,Basic,21,473.03,33.1,-10.8,7,2,1,2.6,9,0,2,58.9,3.9,0
C5715,62,Basic,1,503.67,57.4,-7.1,5,1,0,3.9,2,0,1,67.5,3.6,1
C5716,40,Standard,7,917.12,37.0,6.9,8,0,0,0.9,7,1,0,48.0,3.9,0
C5717,62,Premium,3,1473.17,37.9,11.1,9,0,0,3.1,7,0,0,47.1,3.6,0
C5718,62,Premium,17,1476.04,35.5,-39.7,8,1,1,7.5,5,0,1,40.8,2.4,1
C5719,51,Premium,21,1471.79,42.3,-12.1,12,1,0,3.1,1,0,2,96.6,4.6,0
C5720,26,Standard,25,883.39,51.3,25.7,9,1,1,4.1,2,1,1,71.5,4.0,0
C5721,41,Standard,5,896.95,53.8,-37.9,7,1,1,10.5,0,0,0,44.2,5.0,1
C5722,25,Standard,1,951.61,41.8,-3.1,2,1,0,7.6,10,0,0,43.1,3.6,0
C5723,24,Basic,1,458.5,58.5,-9.3,5,1,1,0.9,4,0,1,64.6,3.8,0
C5724,53,Basic,11,569.03,40.2,-19.2,10,0,0,5.9,0,2,1,67.4,3.6,0
C5725,35,Standard,58,849.65,36.1,34.8,2,3,1,13.7,6,0,0,98.0,4.1,0
C5726,20,Enterprise,4,3037.19,43.5,-4.1,5,1,1,5.4,0,0,1,72.9,4.7,0
C5727,45,Basic,5,479.97,51.3,32.8,4,1,1,0.5,3,0,1,68.9,4.4,0
C5728,23,Basic,2,462.56,53.8,-4.9,10,0,0,3.4,2,0,0,89.2,4.2,0
C5729,61,Premium,18,1551.68,43.6,6.5,6,0,0,3.7,0,0,1,56.4,3.6,0
C5730,61,Basic,22,502.27,44.6,-19.4,8,0,0,0.6,5,1,0,59.4,4.6,0
C5731,38,Premium,20,1500.74,70.9,-19.2,9,2,2,2.8,26,0,0,62.7,3.2,1
C5732,45,Premium,39,1487.92,56.6,5.2,8,1,1,9.0,4,0,0,66.5,2.5,0
C5733,57,Enterprise,13,2975.74,39.8,5.7,8,2,2,1.2,6,0,1,55.2,3.8,1
C5734,71,Standard,2,891.93,29.7,9.9,6,2,0,5.8,9,1,0,54.6,2.0,1
C5735,71,Standard,6,769.92,34.1,4.4,7,3,0,3.6,2,0,0,54.2,3.0,0
C5736,18,Standard,21,824.85,40.9,-38.4,5,0,0,3.9,4,1,0,79.7,3.6,0
C5737,53,Standard,18,914.69,30.9,-25.2,4,2,0,1.2,3,1,0,55.2,3.5,1
C5738,38,Standard,15,946.31,51.2,16.2,8,3,3,5.0,1,1,0,87.5,4.2,0
C5739,60,Basic,22,553.54,36.6,-54.0,7,1,1,3.5,0,0,1,65.6,3.7,1
C5740,52,Standard,20,860.72,49.7,2.3,5,0,0,2.6,7,0,0,49.5,4.0,0
C5741,30,Standard,42,906.71,43.2,-7.8,9,2,2,2.4,0,0,2,56.0,3.2,1
C5742,74,Premium,17,1411.26,34.6,16.2,9,1,1,1.3,3,0,0,59.8,4.3,0
C5743,66,Premium,30,1484.94,37.9,5.4,10,0,0,0.8,0,0,1,50.3,4.4,0
C5744,71,Standard,5,931.95,49.4,-21.6,6,2,2,5.1,3,0,1,49.0,3.9,1
C5745,71,Basic,22,498.3,43.4,-22.7,10,0,0,0.8,0,2,0,98.0,3.5,0
C5746,27,Premium,46,1485.73,41.0,-18.1,5,0,0,0.6,4,0,1,85.2,3.9,0
C5747,70,Standard,9,898.47,50.3,9.5,7,0,0,6.7,3,0,3,72.4,3.1,0
C5748,61,Premium,30,1550.31,43.5,-62.6,9,0,0,0.5,5,0,1,55.7,4.1,0
C5749,64,Enterprise,25,2989.21,54.9,-1.1,10,0,0,0.6,3,0,1,48.8,3.8,0
C5750,70,Basic,1,501.91,50.5,-27.1,8,0,0,0.5,5,0,0,82.6,3.1,0
C5751,27,Premium,17,1559.78,37.6,-0.2,9,1,1,11.1,1,0,1,97.7,2.7,0
C5752,63,Basic,2,489.87,26.5,3.6,3,2,1,0.5,1,0,0,67.1,4.8,0
C5753,30,Standard,68,833.54,35.2,-46.6,8,1,0,0.5,2,0,0,52.2,4.2,0
C5754,54,Standard,33,953.74,62.6,-10.7,7,1,1,3.3,2,0,3,48.5,4.3,0
C5755,55,Basic,2,539.62,47.5,-1.1,11,2,1,4.4,1,1,0,52.0,3.8,0
C5756,41,Premium,2,1410.33,36.2,-2.8,6,1,1,0.7,2,0,2,98.0,4.0,0
C5757,19,Basic,18,493.79,25.5,-8.1,7,1,0,1.5,0,0,1,66.1,4.1,0
C5758,39,Basic,8,498.11,27.0,-35.5,6,2,2,1.3,4,0,1,51.8,4.7,1
C5759,34,Standard,1,953.75,29.1,-31.7,7,3,2,4.5,14,0,0,58.1,3.8,1
C5760,53,Premium,15,1498.42,42.6,-39.5,8,0,0,1.8,3,0,0,80.7,2.0,0
C5761,31,Enterprise,9,3005.64,49.3,8.9,7,1,0,2.6,2,2,0,59.5,3.6,0
C5762,27,Premium,2,1506.88,32.5,-7.9,5,1,1,5.2,9,0,1,62.7,2.8,1
C5763,52,Standard,32,880.36,45.4,-6.3,6,1,1,2.4,4,0,0,27.4,3.2,1
C5764,42,Standard,49,950.89,43.5,-47.6,10,0,0,4.5,1,0,0,81.8,3.3,0
C5765,20,Basic,28,467.31,43.6,-5.8,5,1,0,2.9,3,2,0,93.7,3.0,0
C5766,64,Basic,34,479.58,38.4,10.8,10,2,0,4.4,5,0,0,60.9,1.2,0
C5767,55,Standard,4,898.76,31.7,-51.0,9,2,1,0.5,5,2,0,73.8,3.4,1
C5768,34,Standard,6,845.48,31.2,-18.4,6,0,0,13.4,0,0,0,48.4,2.5,0
C5769,29,Standard,4,969.62,49.4,-44.3,4,3,3,0.5,5,0,0,52.0,5.0,1
C5770,71,Premium,28,1498.97,63.0,-15.5,8,0,0,3.5,6,0,0,62.3,3.3,0
C5771,69,Standard,59,931.98,44.5,-27.5,3,1,0,0.5,0,0,1,30.7,3.7,0
C5772,41,Basic,25,460.7,47.5,4.5,9,0,0,2.5,7,2,1,76.6,4.5,0
C5773,46,Basic,42,527.47,54.0,-0.8,5,1,0,0.5,4,0,0,38.2,3.0,0
C5774,60,Premium,20,1530.86,51.0,27.3,10,0,0,0.5,3,0,0,98.0,4.6,0
C5775,42,Premium,9,1536.63,47.2,-6.4,6,1,0,1.2,5,0,1,49.2,3.9,0
C5776,53,Premium,11,1575.2,61.6,3.5,11,0,0,1.0,1,0,1,38.6,3.4,0
C5777,43,Basic,1,476.67,54.1,-18.9,5,0,0,0.5,0,0,1,67.1,4.9,0
C5778,55,Enterprise,1,2991.53,29.9,-32.6,6,2,2,3.0,0,0,1,66.7,3.6,1
C5779,18,Basic,23,465.19,40.0,15.9,8,0,0,7.6,2,0,2,82.1,4.4,0
C5780,37,Basic,11,495.15,33.7,26.1,8,3,2,8.7,2,0,1,37.8,5.0,0
C5781,72,Enterprise,16,3025.56,51.8,12.6,5,1,0,1.2,0,0,1,71.9,3.6,0
C5782,45,Basic,16,523.41,25.8,-1.7,10,0,0,7.0,2,3,1,73.4,4.1,0
C5783,33,Standard,6,964.63,57.3,-29.4,6,1,1,12.0,1,1,1,49.6,3.6,1
C5784,64,Basic,12,518.61,37.6,23.5,4,1,1,1.3,8,1,1,57.7,3.1,0
C5785,34,Standard,12,899.02,46.4,9.5,11,1,1,9.7,3,0,0,53.6,5.0,0
C5786,57,Enterprise,9,2955.33,18.4,45.6,8,0,0,1.9,0,1,0,68.2,4.3,0
C5787,45,Basic,34,533.65,54.5,-33.9,7,3,2,2.2,2,1,2,62.3,4.3,1
C5788,29,Standard,11,892.74,46.4,16.6,10,0,0,2.3,0,0,0,88.6,3.2,0
C5789,44,Basic,18,534.56,32.3,8.7,5,2,1,4.6,2,0,0,50.2,4.3,0
C5790,71,Standard,45,882.01,55.0,-13.6,8,0,0,1.1,9,0,1,75.1,3.9,0
C5791,70,Basic,40,547.03,46.6,29.1,5,0,0,1.0,2,0,0,56.6,3.5,0
C5792,59,Basic,44,514.45,49.0,5.1,12,0,0,3.5,0,0,0,55.5,3.8,0
C5793,64,Basic,6,538.69,30.8,-28.4,5,2,2,2.9,9,0,0,51.5,3.2,1
C5794,47,Basic,1,514.43,57.6,-8.0,7,1,0,0.5,11,0,2,81.3,4.3,0
C5795,58,Enterprise,6,2961.99,39.4,-28.7,6,0,0,8.1,1,0,0,86.1,3.0,0
C5796,51,Standard,6,884.38,21.3,-16.7,7,2,1,1.2,0,0,0,74.9,2.3,0
C5797,54,Basic,48,447.78,50.9,12.6,8,0,0,4.9,0,1,0,61.1,4.0,0
C5798,23,Standard,20,906.39,33.5,19.7,3,0,0,3.0,5,1,0,65.4,3.5,0
C5799,24,Basic,1,440.49,40.2,0.5,5,1,1,3.0,5,0,0,68.3,2.3,1
C5800,49,Premium,2,1510.76,39.6,-23.8,4,0,0,6.8,5,0,0,76.6,4.0,0
C5801,49,Enterprise,3,2854.22,38.7,4.5,6,4,2,7.4,0,0,0,30.6,5.0,1
C5802,70,Standard,19,931.4,33.1,13.1,5,3,1,2.9,14,1,0,48.3,3.5,1
C5803,42,Premium,26,1454.85,50.8,-54.3,12,2,0,2.0,0,2,1,63.7,2.9,1
C5804,50,Standard,39,860.84,52.1,-2.1,8,0,0,3.4,0,1,1,93.0,4.5,0
C5805,72,Basic,56,553.87,41.8,-9.8,8,1,0,0.5,1,0,0,49.4,3.4,0
C5806,24,Standard,4,911.79,42.1,18.8,5,1,0,1.9,3,0,0,56.6,3.7,0
C5807,69,Standard,7,932.85,50.3,4.6,8,0,0,3.8,2,1,0,79.3,3.2,0
C5808,74,Standard,5,858.79,41.3,7.1,5,3,2,5.0,2,0,0,63.7,3.7,1
C5809,29,Premium,8,1537.48,58.1,-17.0,8,0,0,4.5,3,0,0,51.1,3.9,0
C5810,33,Standard,49,893.5,43.9,-5.0,2,2,0,0.7,0,0,3,65.9,3.5,0
C5811,33,Enterprise,17,3003.7,65.6,18.6,11,0,0,3.3,7,1,0,80.9,4.7,0
C5812,60,Premium,26,1558.61,37.4,-6.6,7,1,1,0.5,1,0,1,81.8,3.9,0
C5813,70,Standard,13,852.48,44.5,-0.6,4,1,0,3.2,25,0,0,66.9,4.5,0
C5814,53,Standard,1,935.52,35.5,-43.4,11,2,1,4.8,14,0,2,57.5,4.5,1
C5815,30,Basic,1,514.42,52.5,-6.7,5,1,1,3.5,1,0,0,53.5,3.3,1
C5816,24,Enterprise,15,2990.48,38.5,-55.3,7,2,0,3.4,3,0,0,53.4,3.5,1
C5817,53,Standard,25,855.23,43.9,-17.9,7,1,0,3.7,10,0,0,60.5,4.0,0
C5818,64,Basic,4,490.03,63.0,-3.4,12,0,0,1.9,3,0,1,76.8,5.0,0
C5819,68,Basic,25,466.27,41.2,14.2,3,0,0,1.7,6,0,0,82.7,4.2,0
C5820,26,Standard,33,946.47,43.8,-30.0,9,3,3,2.1,2,1,0,60.2,3.5,1
C5821,49,Basic,10,502.67,46.9,4.3,6,2,2,0.8,2,0,1,41.2,3.7,0
C5822,28,Basic,27,471.92,32.0,31.7,3,1,0,2.1,1,2,1,93.9,4.1,0
C5823,25,Standard,10,841.5,47.6,-21.0,7,0,0,8.2,2,1,0,44.7,4.6,1
C5824,50,Basic,22,480.48,47.9,-43.7,8,1,0,1.2,0,0,0,46.5,4.6,0
C5825,40,Standard,28,948.45,43.9,2.2,9,2,1,2.0,13,0,0,53.3,2.5,0
C5826,42,Basic,72,503.46,52.6,-34.8,6,1,1,3.6,7,2,1,98.0,5.0,0
C5827,73,Basic,8,491.79,32.4,-25.5,10,2,1,5.1,7,0,0,44.6,2.9,1
C5828,25,Standard,10,966.95,37.1,18.1,8,2,0,0.5,4,1,1,87.2,4.2,0
C5829,62,Standard,3,882.42,34.4,41.9,5,1,1,3.8,0,0,2,80.8,3.3,0
C5830,39,Basic,4,466.67,43.0,-30.0,6,0,0,0.5,0,0,0,65.0,4.1,0
C5831,21,Basic,23,515.16,47.3,-23.4,14,1,1,4.8,0,0,0,55.8,3.5,0
C5832,57,Standard,49,915.78,34.7,-16.0,6,2,1,0.5,6,1,0,69.0,3.9,0
C5833,20,Basic,10,475.53,59.7,-18.7,4,1,0,4.9,9,1,1,57.7,4.1,1
C5834,46,Basic,3,467.09,36.9,43.3,5,1,1,10.2,3,0,1,74.9,4.3,0
C5835,58,Basic,6,556.88,50.0,-18.3,8,0,0,0.9,7,1,0,30.6,5.0,0
C5836,46,Premium,12,1481.68,31.9,-14.7,7,3,1,0.5,9,2,0,67.2,3.2,1
C5837,51,Premium,6,1440.93,45.1,35.4,4,3,2,0.5,0,0,0,75.9,4.4,0
C5838,51,Premium,5,1506.71,61.6,9.4,8,0,0,8.8,1,0,0,62.9,4.0,0
C5839,45,Premium,26,1534.78,46.4,19.6,5,1,1,2.2,0,1,0,57.3,5.0,0
C5840,30,Standard,1,891.38,45.6,-27.7,10,3,3,2.7,2,0,0,54.0,3.6,1
C5841,32,Standard,15,920.49,55.8,-18.3,8,2,2,0.6,2,2,0,87.1,3.6,1
C5842,40,Standard,31,857.11,47.7,-31.0,8,2,1,15.2,4,2,2,42.7,4.9,1
C5843,61,Basic,6,524.13,40.7,15.0,2,1,1,0.7,4,2,0,69.3,3.0,0
C5844,43,Standard,18,860.79,47.8,25.6,7,1,1,3.2,18,0,1,93.2,2.8,0
C5845,21,Premium,22,1511.21,36.3,-20.0,5,2,1,2.9,1,1,3,50.5,4.3,0
C5846,43,Standard,21,929.71,28.1,-14.1,2,0,0,0.5,0,0,1,98.0,3.2,0
C5847,57,Standard,11,902.95,40.9,-13.0,9,2,1,19.7,5,0,2,77.1,3.1,1
C5848,26,Basic,8,449.58,38.9,-43.7,9,1,0,2.8,4,0,1,34.8,5.0,0
C5849,72,Standard,36,851.32,63.5,-21.8,8,2,0,0.6,0,1,1,53.5,4.7,0
C5850,22,Standard,28,962.72,48.9,14.3,7,1,0,4.9,6,0,0,31.1,2.0,0
C5851,73,Premium,7,1468.27,54.9,-26.9,11,1,1,1.7,1,1,0,52.7,3.6,0
C5852,49,Basic,2,529.6,39.1,-2.7,4,1,0,3.9,2,1,0,35.1,5.0,0
C5853,37,Premium,1,1503.74,60.6,-37.7,12,0,0,0.9,4,0,1,91.1,2.9,0
C5854,67,Standard,1,858.84,45.9,-8.6,8,0,0,8.9,3,0,0,28.0,3.9,0
C5855,28,Premium,17,1477.69,45.7,-19.1,4,2,0,0.5,4,0,1,73.9,4.6,0
C5856,32,Standard,1,966.99,39.7,-35.5,8,1,1,0.5,0,0,0,49.7,5.0,0
C5857,49,Standard,8,1038.59,54.9,14.8,8,1,1,7.0,1,0,1,74.4,3.9,0
C5858,45,Standard,27,886.31,39.9,16.2,10,2,2,2.7,6,0,0,73.7,4.3,0
C5859,39,Premium,6,1483.54,35.7,-29.2,7,0,0,1.5,10,0,2,62.9,4.1,0
C5860,58,Enterprise,28,2933.47,38.8,-10.4,7,3,2,0.5,2,0,0,65.4,2.7,0
C5861,34,Basic,27,433.0,47.4,-3.9,7,0,0,0.5,13,0,0,42.6,4.5,0
C5862,43,Basic,5,464.71,36.8,-50.4,7,1,1,1.2,10,2,0,83.5,4.0,1
C5863,61,Enterprise,26,2981.2,60.6,-39.9,5,2,1,5.8,7,0,1,62.2,5.0,1
C5864,24,Standard,27,897.98,69.8,27.2,7,1,0,0.7,5,1,0,74.2,3.9,0
C5865,59,Standard,10,926.61,71.1,-31.6,7,0,0,13.6,3,0,1,98.0,4.7,0
C5866,74,Standard,4,907.84,36.6,26.5,3,1,0,5.5,0,0,1,55.5,3.6,0
C5867,43,Basic,14,527.27,33.8,-38.6,6,1,0,0.5,1,0,0,82.1,3.1,0
C5868,42,Premium,50,1474.44,35.7,11.5,3,3,3,2.8,0,0,1,60.7,4.6,0
C5869,27,Premium,20,1496.17,27.9,-12.8,11,3,2,1.8,7,1,0,25.6,3.4,1
C5870,62,Basic,3,484.44,44.4,-9.3,6,1,1,2.1,0,0,1,48.0,4.5,0
C5871,36,Basic,22,448.33,41.8,41.4,2,1,0,2.1,1,1,1,54.9,2.6,0
C5872,28,Premium,11,1420.04,54.4,-36.4,8,2,1,6.7,3,1,0,98.0,5.0,1
C5873,30,Basic,17,472.23,38.4,9.9,7,1,1,4.1,17,0,0,59.8,1.3,1
C5874,70,Premium,26,1399.76,52.5,8.8,7,0,0,1.2,1,0,0,28.9,3.4,0
C5875,25,Basic,14,453.68,28.1,78.9,12,2,0,2.5,0,1,0,50.9,3.8,0
C5876,57,Standard,33,920.81,55.2,-31.9,8,1,1,2.3,0,0,0,85.6,2.8,0
C5877,21,Enterprise,25,3006.21,35.2,-20.6,7,1,1,1.2,1,0,0,48.7,4.4,0
C5878,64,Standard,19,899.86,32.7,15.4,6,2,2,3.4,7,0,1,51.7,4.6,0
C5879,48,Standard,3,946.22,39.3,-10.0,10,1,0,3.5,0,0,0,58.8,1.7,0
C5880,45,Standard,36,869.86,58.0,-16.6,12,0,0,0.5,0,0,0,63.4,4.1,0
C5881,28,Basic,54,526.28,43.5,18.9,7,0,0,0.5,0,0,1,68.4,2.1,0
C5882,60,Basic,2,466.72,46.5,-11.7,12,1,1,0.5,0,0,0,70.2,4.9,0
C5883,18,Enterprise,13,3010.1,60.2,-27.3,4,1,1,3.1,2,0,0,45.6,4.7,0
C5884,66,Premium,5,1505.14,42.0,13.2,6,1,0,19.2,7,0,0,84.1,4.2,0
C5885,64,Standard,28,907.3,57.0,4.4,7,0,0,8.4,2,1,0,62.5,3.0,0
C5886,69,Standard,25,883.53,36.8,-12.8,6,2,1,2.2,3,0,0,47.8,4.1,0
C5887,55,Basic,3,511.77,52.1,-14.0,6,1,0,1.3,3,0,1,67.6,2.8,0
C5888,41,Basic,41,514.9,30.1,-27.9,6,0,0,4.6,1,0,1,86.7,5.0,0
C5889,71,Standard,3,841.77,39.6,13.1,7,0,0,1.4,1,1,0,73.0,3.9,0
C5890,74,Premium,31,1532.94,45.2,-14.0,13,0,0,0.5,4,0,0,69.0,4.4,0
C5891,64,Standard,12,849.56,40.4,-24.2,11,0,0,2.5,1,0,0,56.5,4.4,0
C5892,48,Premium,7,1463.91,25.5,-37.1,5,2,1,1.4,0,0,2,68.6,5.0,1
C5893,58,Basic,3,508.68,46.2,4.8,8,2,1,0.5,7,1,0,40.5,3.7,1
C5894,63,Standard,3,922.92,50.1,-17.7,12,0,0,5.0,3,0,1,48.6,5.0,0
C5895,67,Basic,21,507.8,47.0,-55.3,7,2,0,3.0,7,0,0,60.6,4.0,1
C5896,43,Standard,15,912.02,52.9,-35.1,3,2,2,1.5,2,0,0,49.1,4.6,1
C5897,66,Basic,2,453.53,34.0,-10.8,5,0,0,1.9,4,2,1,56.8,5.0,1
C5898,67,Enterprise,2,2978.05,29.8,-10.1,9,3,3,0.5,10,0,2,43.0,4.7,1
C5899,22,Basic,1,416.99,71.6,-11.1,3,0,0,0.5,5,1,2,62.8,4.8,0
C5900,37,Enterprise,27,2962.25,35.4,-14.6,3,1,1,1.9,1,1,0,64.8,4.0,0
C5901,69,Standard,24,845.34,40.0,-41.9,8,3,3,0.6,1,1,0,47.9,2.7,1
C5902,58,Enterprise,1,2999.53,68.3,-26.9,8,2,2,0.7,1,0,0,91.2,3.3,0
C5903,28,Standard,16,993.25,45.7,24.6,7,0,0,1.6,2,0,0,58.4,4.0,0
C5904,73,Enterprise,1,3029.4,56.0,20.9,8,3,3,2.6,10,1,0,69.8,2.9,1
C5905,71,Basic,46,409.21,34.0,9.4,4,3,0,2.9,0,0,0,46.7,5.0,0
C5906,50,Premium,47,1438.29,30.2,7.2,12,0,0,2.4,5,0,0,48.3,3.2,0
C5907,67,Enterprise,23,2947.05,33.0,17.6,6,1,0,0.5,1,0,0,64.8,2.4,0
C5908,55,Basic,52,428.79,52.8,-33.0,5,2,2,0.5,6,0,2,60.0,4.7,0
C5909,44,Basic,33,487.7,41.6,-4.2,4,1,1,0.8,2,1,0,83.1,4.4,0
C5910,51,Standard,35,908.15,71.6,-33.0,5,0,0,7.3,5,1,0,71.2,2.1,0
C5911,32,Enterprise,16,2947.28,52.4,-32.6,5,1,1,0.5,7,1,0,53.0,4.1,1
C5912,49,Standard,7,890.08,34.2,4.2,2,0,0,4.5,2,1,0,81.6,4.5,0
C5913,38,Standard,4,907.81,39.7,18.7,7,2,1,6.0,5,1,1,56.0,4.1,1
C5914,63,Basic,7,526.96,32.8,-9.8,7,1,1,0.5,0,2,2,54.7,3.5,0
C5915,22,Basic,19,505.24,53.3,36.2,10,1,0,3.2,1,0,0,51.5,3.6,0
C5916,23,Premium,3,1512.22,53.1,0.3,7,0,0,5.1,1,0,1,59.8,3.9,0
C5917,55,Basic,5,497.5,57.1,-24.4,8,1,0,5.7,2,0,2,48.7,3.8,0
C5918,39,Standard,12,858.43,41.5,-32.2,4,2,1,0.5,4,0,0,51.4,4.5,0
C5919,35,Enterprise,5,2967.18,34.3,20.5,8,2,0,2.7,2,1,3,80.7,4.3,1
C5920,31,Basic,17,446.09,52.5,-1.8,4,0,0,0.7,7,1,0,70.2,2.2,0
C5921,27,Standard,51,958.95,33.9,11.9,3,1,1,7.7,1,1,0,59.0,2.8,1
C5922,63,Basic,27,440.23,36.3,-71.4,8,1,0,2.2,0,0,0,80.3,4.6,0
C5923,30,Standard,21,937.08,46.6,1.1,4,0,0,1.9,1,0,0,58.6,4.6,0
C5924,48,Basic,17,440.62,50.8,-17.8,5,1,0,0.8,1,1,0,63.4,3.1,1
C5925,47,Premium,13,1529.7,55.8,-39.8,7,4,3,0.8,3,0,0,40.8,2.7,1
C5926,20,Basic,4,537.89,63.8,-6.6,9,0,0,16.6,3,0,0,81.1,5.0,0
C5927,47,Standard,45,945.08,67.6,22.3,4,1,1,0.5,5,0,1,76.3,5.0,0
C5928,23,Standard,5,857.34,59.2,51.7,7,0,0,0.5,6,1,0,54.1,3.1,0
C5929,46,Basic,1,505.57,50.2,1.1,4,0,0,1.1,0,0,1,68.8,2.6,0
C5930,25,Premium,27,1474.97,29.8,-22.7,8,1,0,1.6,1,2,0,52.4,2.8,0
C5931,61,Basic,3,463.54,51.9,-24.2,9,2,1,1.7,0,2,1,44.2,3.4,1
C5932,62,Standard,9,900.75,36.2,19.1,7,1,1,0.7,4,0,2,51.6,5.0,0
C5933,60,Basic,1,531.56,48.2,-29.9,3,1,0,9.8,6,0,1,52.4,4.3,1
C5934,61,Standard,2,875.19,34.3,10.6,9,2,1,8.1,13,0,0,35.4,4.3,0
C5935,50,Basic,3,512.17,51.2,2.3,6,1,0,2.4,12,1,0,32.6,3.9,0
C5936,34,Standard,1,862.69,48.0,-0.4,5,1,0,4.9,3,0,0,39.8,4.2,0
C5937,65,Basic,21,457.27,58.7,-44.2,3,1,1,0.9,5,0,0,56.7,3.3,1
C5938,28,Premium,36,1486.02,48.9,-13.9,6,1,0,6.8,0,1,1,46.9,5.0,0
C5939,30,Basic,9,488.42,51.9,-41.5,10,1,0,1.9,3,0,0,74.2,2.6,0
C5940,67,Premium,41,1525.71,56.0,-19.7,7,1,1,0.5,1,0,0,80.1,4.2,0
C5941,28,Premium,4,1448.94,37.2,17.9,4,2,1,5.5,0,0,1,48.5,4.4,0
C5942,48,Basic,7,585.35,51.2,25.8,7,4,1,2.3,2,0,0,47.1,4.0,0
C5943,45,Standard,3,827.31,41.5,0.3,9,1,0,3.3,2,0,1,88.6,3.9,0
C5944,61,Basic,19,508.12,47.7,-19.3,9,2,0,8.7,0,1,0,82.0,2.6,0
C5945,23,Standard,10,887.6,54.3,34.7,9,2,0,3.0,12,0,0,44.0,3.7,0
C5946,58,Premium,19,1473.07,29.3,-19.6,2,1,1,1.1,12,0,0,70.3,3.7,1
C5947,33,Standard,28,891.99,32.7,-33.4,6,3,0,1.5,3,0,1,82.3,2.8,0
C5948,21,Standard,15,925.89,36.9,12.4,8,2,0,6.8,11,0,0,57.5,3.2,0
C5949,52,Basic,19,532.1,36.1,6.4,3,0,0,5.9,1,0,0,65.5,4.4,0
C5950,65,Standard,54,890.3,42.2,-18.6,9,1,0,4.7,6,1,0,41.7,2.8,1
C5951,73,Basic,7,512.27,37.7,-2.5,2,3,2,0.5,11,0,0,59.8,3.3,1
C5952,43,Premium,8,1445.79,54.8,6.1,10,1,0,0.8,2,1,0,81.6,3.5,0
C5953,74,Standard,25,891.63,33.7,0.1,9,0,0,4.2,1,0,0,42.8,3.7,0
C5954,29,Premium,18,1514.77,30.5,6.5,9,1,1,1.1,4,0,0,75.6,3.0,0
C5955,28,Basic,3,407.68,50.3,-17.6,5,1,0,4.3,2,1,1,50.7,4.9,1
C5956,54,Basic,9,502.24,65.0,8.2,5,4,1,4.1,1,0,2,79.5,4.3,0
C5957,42,Basic,12,492.27,67.6,-4.6,10,0,0,3.1,6,0,2,73.4,3.3,0
C5958,35,Basic,10,549.79,44.2,-16.8,10,4,2,15.6,1,0,0,64.1,3.8,0
C5959,36,Basic,3,505.68,41.3,-11.1,5,0,0,7.3,4,0,1,36.5,4.1,0
C5960,40,Premium,51,1518.19,35.2,-7.4,6,0,0,0.5,1,2,0,65.7,3.5,0
C5961,72,Premium,28,1488.14,32.0,-41.1,6,2,2,4.6,1,1,0,75.2,3.0,1
C5962,55,Standard,13,924.28,31.8,-20.9,8,0,0,6.6,10,0,3,74.0,3.6,1
C5963,71,Standard,22,921.49,30.9,-3.4,9,2,2,7.2,1,1,0,35.4,3.5,0
C5964,35,Basic,45,446.74,44.1,-38.8,5,0,0,2.5,1,0,2,86.1,4.0,0
C5965,43,Premium,2,1511.44,42.8,-20.5,12,1,1,6.8,3,0,0,95.1,4.6,0
C5966,23,Basic,5,546.29,60.4,54.6,7,1,1,6.7,0,0,0,49.7,3.3,0
C5967,21,Enterprise,15,3038.35,39.9,-33.2,10,0,0,2.8,0,0,1,80.0,2.5,0
C5968,61,Standard,32,900.09,64.5,-14.6,7,1,0,2.7,3,0,1,41.4,3.6,0
C5969,68,Basic,1,511.87,59.6,-25.8,7,0,0,3.3,3,1,0,46.1,3.7,1
C5970,46,Enterprise,72,3035.6,35.6,-7.9,6,0,0,0.6,3,0,0,57.4,3.8,0
C5971,51,Basic,12,453.45,46.4,-25.4,9,4,2,4.7,3,0,1,41.6,2.9,1
C5972,34,Standard,8,917.98,43.2,-11.1,6,0,0,7.7,7,0,0,98.0,3.3,0
C5973,60,Standard,6,820.16,56.0,-23.0,6,5,1,2.9,1,0,0,81.9,2.4,1
C5974,60,Basic,3,533.49,29.0,21.4,6,1,0,4.7,0,0,0,83.2,5.0,0
C5975,70,Standard,31,883.61,29.5,-3.0,5,1,1,2.6,9,0,0,67.9,3.0,1
C5976,33,Standard,62,895.54,41.0,-30.1,5,1,1,2.9,3,0,0,72.0,4.9,0
C5977,19,Premium,10,1476.79,51.0,16.0,4,1,1,3.0,6,1,0,51.6,5.0,0
C5978,51,Basic,60,497.36,24.3,-29.0,9,1,1,1.0,0,1,2,72.4,4.6,0
C5979,72,Enterprise,34,3009.22,68.6,-44.1,6,2,1,5.1,2,1,1,73.4,4.2,1
C5980,25,Basic,13,529.17,40.3,-5.1,3,2,1,1.9,0,0,0,53.9,4.0,0
C5981,30,Basic,22,550.98,30.2,42.7,6,1,0,0.5,0,0,0,47.4,3.1,0
C5982,59,Basic,11,500.94,33.1,-50.7,9,1,1,2.3,2,0,1,78.2,3.2,1
C5983,25,Basic,16,432.54,49.9,-38.3,5,1,1,0.5,3,0,1,54.5,3.6,0
C5984,47,Basic,1,551.23,37.4,13.8,4,2,0,5.6,10,1,0,55.0,5.0,0
C5985,49,Enterprise,23,2940.12,50.7,-21.1,8,0,0,0.7,0,0,1,60.4,4.5,0
C5986,53,Basic,1,482.11,44.0,10.3,6,2,2,8.2,1,1,0,98.0,5.0,0
C5987,64,Basic,33,479.39,72.3,-25.9,10,2,2,7.7,5,0,1,66.0,4.0,0
C5988,47,Basic,34,499.46,35.7,-1.5,7,1,1,7.7,1,0,2,52.9,5.0,0
C5989,18,Premium,5,1448.46,54.7,38.6,6,1,1,1.3,5,1,0,67.4,3.9,0
C5990,60,Premium,7,1446.52,47.9,-34.9,6,0,0,1.3,12,0,0,57.1,4.1,1
C5991,56,Basic,13,498.14,29.9,20.6,9,1,0,1.6,3,0,0,84.4,4.4,0
C5992,34,Basic,18,467.09,36.6,12.0,10,3,3,7.4,1,1,1,80.2,4.1,0
C5993,37,Basic,6,552.84,43.3,-42.2,8,2,2,1.7,3,1,0,98.0,2.6,1
C5994,41,Basic,17,476.96,52.3,9.0,7,2,1,2.9,1,0,1,66.9,4.3,0
C5995,67,Basic,7,457.87,67.0,-3.2,6,0,0,12.4,0,1,1,80.3,5.0,0
C5996,39,Standard,1,965.87,43.7,-2.7,9,1,0,4.2,6,0,0,74.0,3.3,1
C5997,46,Basic,1,517.8,27.1,3.4,5,1,0,5.6,4,0,0,61.8,3.8,0
C5998,39,Standard,2,1007.68,27.1,-13.8,11,1,1,2.2,7,0,0,66.3,4.5,0
C5999,61,Basic,31,422.11,37.4,-3.2,11,0,0,5.0,8,0,0,53.6,3.2,0
